solid OpenSCAD_Model
  facet normal 0.999048 0.0436146 0
    outer loop
      vertex 4.1 0 10.2
      vertex 4.0844 0.357338 0
      vertex 4.0844 0.357338 10.2
    endloop
  endfacet
  facet normal 0.999048 0.0436146 0
    outer loop
      vertex 4.0844 0.357338 0
      vertex 4.1 0 10.2
      vertex 4.1 0 0
    endloop
  endfacet
  facet normal -0.999048 0.0436146 0
    outer loop
      vertex -4.1 0 0
      vertex -4.0844 0.357338 10.2
      vertex -4.0844 0.357338 0
    endloop
  endfacet
  facet normal -0.999048 0.0436146 0
    outer loop
      vertex -4.0844 0.357338 10.2
      vertex -4.1 0 0
      vertex -4.1 0 10.2
    endloop
  endfacet
  facet normal 0.0436146 0.999048 -0
    outer loop
      vertex 0.357338 4.0844 0
      vertex 0 4.1 10.2
      vertex 0.357338 4.0844 10.2
    endloop
  endfacet
  facet normal 0.0436146 0.999048 0
    outer loop
      vertex 0 4.1 10.2
      vertex 0.357338 4.0844 0
      vertex 0 4.1 0
    endloop
  endfacet
  facet normal -0.0436146 -0.999048 0
    outer loop
      vertex -0.357338 -4.0844 0
      vertex 0 -4.1 10.2
      vertex -0.357338 -4.0844 10.2
    endloop
  endfacet
  facet normal -0.0436146 -0.999048 -0
    outer loop
      vertex 0 -4.1 10.2
      vertex -0.357338 -4.0844 0
      vertex 0 -4.1 0
    endloop
  endfacet
  facet normal -0.737285 -0.675582 0
    outer loop
      vertex -2.89914 -2.89914 0
      vertex -3.14078 -2.63543 10.2
      vertex -3.14078 -2.63543 0
    endloop
  endfacet
  facet normal -0.737285 -0.675582 0
    outer loop
      vertex -3.14078 -2.63543 10.2
      vertex -2.89914 -2.89914 0
      vertex -2.89914 -2.89914 10.2
    endloop
  endfacet
  facet normal 0.737285 0.675582 0
    outer loop
      vertex 3.14078 2.63543 10.2
      vertex 2.89914 2.89914 0
      vertex 2.89914 2.89914 10.2
    endloop
  endfacet
  facet normal 0.737285 0.675582 0
    outer loop
      vertex 2.89914 2.89914 0
      vertex 3.14078 2.63543 10.2
      vertex 3.14078 2.63543 0
    endloop
  endfacet
  facet normal -0.675582 0.737285 0
    outer loop
      vertex -2.63543 3.14078 0
      vertex -2.89914 2.89914 10.2
      vertex -2.63543 3.14078 10.2
    endloop
  endfacet
  facet normal -0.675582 0.737285 0
    outer loop
      vertex -2.89914 2.89914 10.2
      vertex -2.63543 3.14078 0
      vertex -2.89914 2.89914 0
    endloop
  endfacet
  facet normal -0.382691 0.923876 0
    outer loop
      vertex -1.40228 3.85274 0
      vertex -1.73273 3.71586 10.2
      vertex -1.40228 3.85274 10.2
    endloop
  endfacet
  facet normal -0.382691 0.923876 0
    outer loop
      vertex -1.73273 3.71586 10.2
      vertex -1.40228 3.85274 0
      vertex -1.73273 3.71586 0
    endloop
  endfacet
  facet normal 0.923876 0.382691 0
    outer loop
      vertex 3.85274 1.40228 10.2
      vertex 3.71586 1.73273 0
      vertex 3.71586 1.73273 10.2
    endloop
  endfacet
  facet normal 0.923876 0.382691 0
    outer loop
      vertex 3.71586 1.73273 0
      vertex 3.85274 1.40228 10.2
      vertex 3.85274 1.40228 0
    endloop
  endfacet
  facet normal 0.461748 0.887011 -0
    outer loop
      vertex 2.05 3.5507 0
      vertex 1.73273 3.71586 10.2
      vertex 2.05 3.5507 10.2
    endloop
  endfacet
  facet normal 0.461748 0.887011 0
    outer loop
      vertex 1.73273 3.71586 10.2
      vertex 2.05 3.5507 0
      vertex 1.73273 3.71586 0
    endloop
  endfacet
  facet normal 0.608754 0.793359 -0
    outer loop
      vertex 2.63543 3.14078 0
      vertex 2.35166 3.35852 10.2
      vertex 2.63543 3.14078 10.2
    endloop
  endfacet
  facet normal 0.608754 0.793359 0
    outer loop
      vertex 2.35166 3.35852 10.2
      vertex 2.63543 3.14078 0
      vertex 2.35166 3.35852 0
    endloop
  endfacet
  facet normal -0.887011 0.461748 0
    outer loop
      vertex -3.71586 1.73273 0
      vertex -3.5507 2.05 10.2
      vertex -3.5507 2.05 0
    endloop
  endfacet
  facet normal -0.887011 0.461748 0
    outer loop
      vertex -3.5507 2.05 10.2
      vertex -3.71586 1.73273 0
      vertex -3.71586 1.73273 10.2
    endloop
  endfacet
  facet normal -0.216422 0.9763 0
    outer loop
      vertex -0.711957 4.03771 0
      vertex -1.06116 3.9603 10.2
      vertex -0.711957 4.03771 10.2
    endloop
  endfacet
  facet normal -0.216422 0.9763 0
    outer loop
      vertex -1.06116 3.9603 10.2
      vertex -0.711957 4.03771 0
      vertex -1.06116 3.9603 0
    endloop
  endfacet
  facet normal 0.9763 0.216422 0
    outer loop
      vertex 4.03771 0.711957 10.2
      vertex 3.9603 1.06116 0
      vertex 3.9603 1.06116 10.2
    endloop
  endfacet
  facet normal 0.9763 0.216422 0
    outer loop
      vertex 3.9603 1.06116 0
      vertex 4.03771 0.711957 10.2
      vertex 4.03771 0.711957 0
    endloop
  endfacet
  facet normal 0.991444 0.130536 0
    outer loop
      vertex 4.0844 0.357338 10.2
      vertex 4.03771 0.711957 0
      vertex 4.03771 0.711957 10.2
    endloop
  endfacet
  facet normal 0.991444 0.130536 0
    outer loop
      vertex 4.03771 0.711957 0
      vertex 4.0844 0.357338 10.2
      vertex 4.0844 0.357338 0
    endloop
  endfacet
  facet normal 0.953713 0.300719 0
    outer loop
      vertex 3.9603 1.06116 10.2
      vertex 3.85274 1.40228 0
      vertex 3.85274 1.40228 10.2
    endloop
  endfacet
  facet normal 0.953713 0.300719 0
    outer loop
      vertex 3.85274 1.40228 0
      vertex 3.9603 1.06116 10.2
      vertex 3.9603 1.06116 0
    endloop
  endfacet
  facet normal 0.84339 0.537302 0
    outer loop
      vertex 3.5507 2.05 10.2
      vertex 3.35852 2.35166 0
      vertex 3.35852 2.35166 10.2
    endloop
  endfacet
  facet normal 0.84339 0.537302 0
    outer loop
      vertex 3.35852 2.35166 0
      vertex 3.5507 2.05 10.2
      vertex 3.5507 2.05 0
    endloop
  endfacet
  facet normal 0.793359 0.608754 0
    outer loop
      vertex 3.35852 2.35166 10.2
      vertex 3.14078 2.63543 0
      vertex 3.14078 2.63543 10.2
    endloop
  endfacet
  facet normal 0.793359 0.608754 0
    outer loop
      vertex 3.14078 2.63543 0
      vertex 3.35852 2.35166 10.2
      vertex 3.35852 2.35166 0
    endloop
  endfacet
  facet normal 0.887011 0.461748 0
    outer loop
      vertex 3.71586 1.73273 10.2
      vertex 3.5507 2.05 0
      vertex 3.5507 2.05 10.2
    endloop
  endfacet
  facet normal 0.887011 0.461748 0
    outer loop
      vertex 3.5507 2.05 0
      vertex 3.71586 1.73273 10.2
      vertex 3.71586 1.73273 0
    endloop
  endfacet
  facet normal 0.300719 0.953713 -0
    outer loop
      vertex 1.40228 3.85274 0
      vertex 1.06116 3.9603 10.2
      vertex 1.40228 3.85274 10.2
    endloop
  endfacet
  facet normal 0.300719 0.953713 0
    outer loop
      vertex 1.06116 3.9603 10.2
      vertex 1.40228 3.85274 0
      vertex 1.06116 3.9603 0
    endloop
  endfacet
  facet normal 0.382691 0.923876 -0
    outer loop
      vertex 1.73273 3.71586 0
      vertex 1.40228 3.85274 10.2
      vertex 1.73273 3.71586 10.2
    endloop
  endfacet
  facet normal 0.382691 0.923876 0
    outer loop
      vertex 1.40228 3.85274 10.2
      vertex 1.73273 3.71586 0
      vertex 1.40228 3.85274 0
    endloop
  endfacet
  facet normal 0.216422 0.9763 -0
    outer loop
      vertex 1.06116 3.9603 0
      vertex 0.711957 4.03771 10.2
      vertex 1.06116 3.9603 10.2
    endloop
  endfacet
  facet normal 0.216422 0.9763 0
    outer loop
      vertex 0.711957 4.03771 10.2
      vertex 1.06116 3.9603 0
      vertex 0.711957 4.03771 0
    endloop
  endfacet
  facet normal 0.537302 0.84339 -0
    outer loop
      vertex 2.35166 3.35852 0
      vertex 2.05 3.5507 10.2
      vertex 2.35166 3.35852 10.2
    endloop
  endfacet
  facet normal 0.537302 0.84339 0
    outer loop
      vertex 2.05 3.5507 10.2
      vertex 2.35166 3.35852 0
      vertex 2.05 3.5507 0
    endloop
  endfacet
  facet normal 0.675582 0.737285 -0
    outer loop
      vertex 2.89914 2.89914 0
      vertex 2.63543 3.14078 10.2
      vertex 2.89914 2.89914 10.2
    endloop
  endfacet
  facet normal 0.675582 0.737285 0
    outer loop
      vertex 2.63543 3.14078 10.2
      vertex 2.89914 2.89914 0
      vertex 2.63543 3.14078 0
    endloop
  endfacet
  facet normal -0.953713 0.300719 0
    outer loop
      vertex -3.9603 1.06116 0
      vertex -3.85274 1.40228 10.2
      vertex -3.85274 1.40228 0
    endloop
  endfacet
  facet normal -0.953713 0.300719 0
    outer loop
      vertex -3.85274 1.40228 10.2
      vertex -3.9603 1.06116 0
      vertex -3.9603 1.06116 10.2
    endloop
  endfacet
  facet normal -0.793359 0.608754 0
    outer loop
      vertex -3.35852 2.35166 0
      vertex -3.14078 2.63543 10.2
      vertex -3.14078 2.63543 0
    endloop
  endfacet
  facet normal -0.793359 0.608754 0
    outer loop
      vertex -3.14078 2.63543 10.2
      vertex -3.35852 2.35166 0
      vertex -3.35852 2.35166 10.2
    endloop
  endfacet
  facet normal -0.737285 0.675582 0
    outer loop
      vertex -3.14078 2.63543 0
      vertex -2.89914 2.89914 10.2
      vertex -2.89914 2.89914 0
    endloop
  endfacet
  facet normal -0.737285 0.675582 0
    outer loop
      vertex -2.89914 2.89914 10.2
      vertex -3.14078 2.63543 0
      vertex -3.14078 2.63543 10.2
    endloop
  endfacet
  facet normal -0.84339 0.537302 0
    outer loop
      vertex -3.5507 2.05 0
      vertex -3.35852 2.35166 10.2
      vertex -3.35852 2.35166 0
    endloop
  endfacet
  facet normal -0.84339 0.537302 0
    outer loop
      vertex -3.35852 2.35166 10.2
      vertex -3.5507 2.05 0
      vertex -3.5507 2.05 10.2
    endloop
  endfacet
  facet normal -0.923876 0.382691 0
    outer loop
      vertex -3.85274 1.40228 0
      vertex -3.71586 1.73273 10.2
      vertex -3.71586 1.73273 0
    endloop
  endfacet
  facet normal -0.923876 0.382691 0
    outer loop
      vertex -3.71586 1.73273 10.2
      vertex -3.85274 1.40228 0
      vertex -3.85274 1.40228 10.2
    endloop
  endfacet
  facet normal -0.9763 0.216422 0
    outer loop
      vertex -4.03771 0.711957 0
      vertex -3.9603 1.06116 10.2
      vertex -3.9603 1.06116 0
    endloop
  endfacet
  facet normal -0.9763 0.216422 0
    outer loop
      vertex -3.9603 1.06116 10.2
      vertex -4.03771 0.711957 0
      vertex -4.03771 0.711957 10.2
    endloop
  endfacet
  facet normal -0.537302 0.84339 0
    outer loop
      vertex -2.05 3.5507 0
      vertex -2.35166 3.35852 10.2
      vertex -2.05 3.5507 10.2
    endloop
  endfacet
  facet normal -0.537302 0.84339 0
    outer loop
      vertex -2.35166 3.35852 10.2
      vertex -2.05 3.5507 0
      vertex -2.35166 3.35852 0
    endloop
  endfacet
  facet normal -0.461748 0.887011 0
    outer loop
      vertex -1.73273 3.71586 0
      vertex -2.05 3.5507 10.2
      vertex -1.73273 3.71586 10.2
    endloop
  endfacet
  facet normal -0.461748 0.887011 0
    outer loop
      vertex -2.05 3.5507 10.2
      vertex -1.73273 3.71586 0
      vertex -2.05 3.5507 0
    endloop
  endfacet
  facet normal -0.608754 0.793359 0
    outer loop
      vertex -2.35166 3.35852 0
      vertex -2.63543 3.14078 10.2
      vertex -2.35166 3.35852 10.2
    endloop
  endfacet
  facet normal -0.608754 0.793359 0
    outer loop
      vertex -2.63543 3.14078 10.2
      vertex -2.35166 3.35852 0
      vertex -2.63543 3.14078 0
    endloop
  endfacet
  facet normal -0.300719 0.953713 0
    outer loop
      vertex -1.06116 3.9603 0
      vertex -1.40228 3.85274 10.2
      vertex -1.06116 3.9603 10.2
    endloop
  endfacet
  facet normal -0.300719 0.953713 0
    outer loop
      vertex -1.40228 3.85274 10.2
      vertex -1.06116 3.9603 0
      vertex -1.40228 3.85274 0
    endloop
  endfacet
  facet normal -0.130536 0.991444 0
    outer loop
      vertex -0.357338 4.0844 0
      vertex -0.711957 4.03771 10.2
      vertex -0.357338 4.0844 10.2
    endloop
  endfacet
  facet normal -0.130536 0.991444 0
    outer loop
      vertex -0.711957 4.03771 10.2
      vertex -0.357338 4.0844 0
      vertex -0.711957 4.03771 0
    endloop
  endfacet
  facet normal 0.300719 -0.953713 0
    outer loop
      vertex 1.06116 -3.9603 0
      vertex 1.40228 -3.85274 10.2
      vertex 1.06116 -3.9603 10.2
    endloop
  endfacet
  facet normal 0.300719 -0.953713 0
    outer loop
      vertex 1.40228 -3.85274 10.2
      vertex 1.06116 -3.9603 0
      vertex 1.40228 -3.85274 0
    endloop
  endfacet
  facet normal 0.608754 -0.793359 0
    outer loop
      vertex 2.35166 -3.35852 0
      vertex 2.63543 -3.14078 10.2
      vertex 2.35166 -3.35852 10.2
    endloop
  endfacet
  facet normal 0.608754 -0.793359 0
    outer loop
      vertex 2.63543 -3.14078 10.2
      vertex 2.35166 -3.35852 0
      vertex 2.63543 -3.14078 0
    endloop
  endfacet
  facet normal 0.461748 -0.887011 0
    outer loop
      vertex 1.73273 -3.71586 0
      vertex 2.05 -3.5507 10.2
      vertex 1.73273 -3.71586 10.2
    endloop
  endfacet
  facet normal 0.461748 -0.887011 0
    outer loop
      vertex 2.05 -3.5507 10.2
      vertex 1.73273 -3.71586 0
      vertex 2.05 -3.5507 0
    endloop
  endfacet
  facet normal 0.737285 -0.675582 0
    outer loop
      vertex 2.89914 -2.89914 10.2
      vertex 3.14078 -2.63543 0
      vertex 3.14078 -2.63543 10.2
    endloop
  endfacet
  facet normal 0.737285 -0.675582 0
    outer loop
      vertex 3.14078 -2.63543 0
      vertex 2.89914 -2.89914 10.2
      vertex 2.89914 -2.89914 0
    endloop
  endfacet
  facet normal 0.84339 -0.537302 0
    outer loop
      vertex 3.35852 -2.35166 10.2
      vertex 3.5507 -2.05 0
      vertex 3.5507 -2.05 10.2
    endloop
  endfacet
  facet normal 0.84339 -0.537302 0
    outer loop
      vertex 3.5507 -2.05 0
      vertex 3.35852 -2.35166 10.2
      vertex 3.35852 -2.35166 0
    endloop
  endfacet
  facet normal 0.953713 -0.300719 0
    outer loop
      vertex 3.85274 -1.40228 10.2
      vertex 3.9603 -1.06116 0
      vertex 3.9603 -1.06116 10.2
    endloop
  endfacet
  facet normal 0.953713 -0.300719 0
    outer loop
      vertex 3.9603 -1.06116 0
      vertex 3.85274 -1.40228 10.2
      vertex 3.85274 -1.40228 0
    endloop
  endfacet
  facet normal 0.991444 -0.130536 0
    outer loop
      vertex 4.03771 -0.711957 10.2
      vertex 4.0844 -0.357338 0
      vertex 4.0844 -0.357338 10.2
    endloop
  endfacet
  facet normal 0.991444 -0.130536 0
    outer loop
      vertex 4.0844 -0.357338 0
      vertex 4.03771 -0.711957 10.2
      vertex 4.03771 -0.711957 0
    endloop
  endfacet
  facet normal -0.675582 -0.737285 0
    outer loop
      vertex -2.89914 -2.89914 0
      vertex -2.63543 -3.14078 10.2
      vertex -2.89914 -2.89914 10.2
    endloop
  endfacet
  facet normal -0.675582 -0.737285 -0
    outer loop
      vertex -2.63543 -3.14078 10.2
      vertex -2.89914 -2.89914 0
      vertex -2.63543 -3.14078 0
    endloop
  endfacet
  facet normal -0.537302 -0.84339 0
    outer loop
      vertex -2.35166 -3.35852 0
      vertex -2.05 -3.5507 10.2
      vertex -2.35166 -3.35852 10.2
    endloop
  endfacet
  facet normal -0.537302 -0.84339 -0
    outer loop
      vertex -2.05 -3.5507 10.2
      vertex -2.35166 -3.35852 0
      vertex -2.05 -3.5507 0
    endloop
  endfacet
  facet normal -0.382691 -0.923876 0
    outer loop
      vertex -1.73273 -3.71586 0
      vertex -1.40228 -3.85274 10.2
      vertex -1.73273 -3.71586 10.2
    endloop
  endfacet
  facet normal -0.382691 -0.923876 -0
    outer loop
      vertex -1.40228 -3.85274 10.2
      vertex -1.73273 -3.71586 0
      vertex -1.40228 -3.85274 0
    endloop
  endfacet
  facet normal -0.216422 -0.9763 0
    outer loop
      vertex -1.06116 -3.9603 0
      vertex -0.711957 -4.03771 10.2
      vertex -1.06116 -3.9603 10.2
    endloop
  endfacet
  facet normal -0.216422 -0.9763 -0
    outer loop
      vertex -0.711957 -4.03771 10.2
      vertex -1.06116 -3.9603 0
      vertex -0.711957 -4.03771 0
    endloop
  endfacet
  facet normal -0.84339 -0.537302 0
    outer loop
      vertex -3.35852 -2.35166 0
      vertex -3.5507 -2.05 10.2
      vertex -3.5507 -2.05 0
    endloop
  endfacet
  facet normal -0.84339 -0.537302 0
    outer loop
      vertex -3.5507 -2.05 10.2
      vertex -3.35852 -2.35166 0
      vertex -3.35852 -2.35166 10.2
    endloop
  endfacet
  facet normal -0.887011 -0.461748 0
    outer loop
      vertex -3.5507 -2.05 0
      vertex -3.71586 -1.73273 10.2
      vertex -3.71586 -1.73273 0
    endloop
  endfacet
  facet normal -0.887011 -0.461748 0
    outer loop
      vertex -3.71586 -1.73273 10.2
      vertex -3.5507 -2.05 0
      vertex -3.5507 -2.05 10.2
    endloop
  endfacet
  facet normal -0.793359 -0.608754 0
    outer loop
      vertex -3.14078 -2.63543 0
      vertex -3.35852 -2.35166 10.2
      vertex -3.35852 -2.35166 0
    endloop
  endfacet
  facet normal -0.793359 -0.608754 0
    outer loop
      vertex -3.35852 -2.35166 10.2
      vertex -3.14078 -2.63543 0
      vertex -3.14078 -2.63543 10.2
    endloop
  endfacet
  facet normal -0.953713 -0.300719 0
    outer loop
      vertex -3.85274 -1.40228 0
      vertex -3.9603 -1.06116 10.2
      vertex -3.9603 -1.06116 0
    endloop
  endfacet
  facet normal -0.953713 -0.300719 0
    outer loop
      vertex -3.9603 -1.06116 10.2
      vertex -3.85274 -1.40228 0
      vertex -3.85274 -1.40228 10.2
    endloop
  endfacet
  facet normal -0.923876 -0.382691 0
    outer loop
      vertex -3.71586 -1.73273 0
      vertex -3.85274 -1.40228 10.2
      vertex -3.85274 -1.40228 0
    endloop
  endfacet
  facet normal -0.923876 -0.382691 0
    outer loop
      vertex -3.85274 -1.40228 10.2
      vertex -3.71586 -1.73273 0
      vertex -3.71586 -1.73273 10.2
    endloop
  endfacet
  facet normal 0 0 -1
    outer loop
      vertex 2.425 -2.425 0
      vertex 4.1 0 0
      vertex 4.0844 -0.357338 0
    endloop
  endfacet
  facet normal 0 0 -1
    outer loop
      vertex 2.425 -2.425 0
      vertex 4.0844 -0.357338 0
      vertex 4.03771 -0.711957 0
    endloop
  endfacet
  facet normal 0 0 -1
    outer loop
      vertex 2.425 2.425 0
      vertex 4.1 0 0
      vertex 2.425 -2.425 0
    endloop
  endfacet
  facet normal 0 0 -1
    outer loop
      vertex 2.425 -2.425 0
      vertex 4.03771 -0.711957 0
      vertex 3.9603 -1.06116 0
    endloop
  endfacet
  facet normal 0 0 -1
    outer loop
      vertex 4.1 0 0
      vertex 2.425 2.425 0
      vertex 4.0844 0.357338 0
    endloop
  endfacet
  facet normal 0 0 -1
    outer loop
      vertex 2.425 -2.425 0
      vertex 3.9603 -1.06116 0
      vertex 3.85274 -1.40228 0
    endloop
  endfacet
  facet normal 0 0 -1
    outer loop
      vertex 4.0844 0.357338 0
      vertex 2.425 2.425 0
      vertex 4.03771 0.711957 0
    endloop
  endfacet
  facet normal 0 0 -1
    outer loop
      vertex 2.425 -2.425 0
      vertex 3.85274 -1.40228 0
      vertex 3.71586 -1.73273 0
    endloop
  endfacet
  facet normal 0 0 -1
    outer loop
      vertex 4.03771 0.711957 0
      vertex 2.425 2.425 0
      vertex 3.9603 1.06116 0
    endloop
  endfacet
  facet normal 0 0 -1
    outer loop
      vertex 2.425 -2.425 0
      vertex 3.71586 -1.73273 0
      vertex 3.5507 -2.05 0
    endloop
  endfacet
  facet normal 0 0 -1
    outer loop
      vertex 3.9603 1.06116 0
      vertex 2.425 2.425 0
      vertex 3.85274 1.40228 0
    endloop
  endfacet
  facet normal 0 0 -1
    outer loop
      vertex 2.425 -2.425 0
      vertex 3.5507 -2.05 0
      vertex 3.35852 -2.35166 0
    endloop
  endfacet
  facet normal 0 0 -1
    outer loop
      vertex 3.85274 1.40228 0
      vertex 2.425 2.425 0
      vertex 3.71586 1.73273 0
    endloop
  endfacet
  facet normal 0 0 -1
    outer loop
      vertex 2.425 -2.425 0
      vertex 3.35852 -2.35166 0
      vertex 3.14078 -2.63543 0
    endloop
  endfacet
  facet normal 0 0 -1
    outer loop
      vertex 3.71586 1.73273 0
      vertex 2.425 2.425 0
      vertex 3.5507 2.05 0
    endloop
  endfacet
  facet normal 0 0 -1
    outer loop
      vertex 2.425 -2.425 0
      vertex 3.14078 -2.63543 0
      vertex 2.89914 -2.89914 0
    endloop
  endfacet
  facet normal 0 0 -1
    outer loop
      vertex 3.5507 2.05 0
      vertex 2.425 2.425 0
      vertex 3.35852 2.35166 0
    endloop
  endfacet
  facet normal 0 0 -1
    outer loop
      vertex 2.425 -2.425 0
      vertex 2.89914 -2.89914 0
      vertex 2.63543 -3.14078 0
    endloop
  endfacet
  facet normal 0 0 -1
    outer loop
      vertex 3.35852 2.35166 0
      vertex 2.425 2.425 0
      vertex 3.14078 2.63543 0
    endloop
  endfacet
  facet normal -0 0 -1
    outer loop
      vertex 3.14078 2.63543 0
      vertex 2.425 2.425 0
      vertex 2.89914 2.89914 0
    endloop
  endfacet
  facet normal 0 0 -1
    outer loop
      vertex 2.35166 -3.35852 0
      vertex 2.425 -2.425 0
      vertex 2.63543 -3.14078 0
    endloop
  endfacet
  facet normal 0 0 -1
    outer loop
      vertex 2.05 -3.5507 0
      vertex 2.425 -2.425 0
      vertex 2.35166 -3.35852 0
    endloop
  endfacet
  facet normal 0 0 -1
    outer loop
      vertex 1.73273 -3.71586 0
      vertex 2.425 -2.425 0
      vertex 2.05 -3.5507 0
    endloop
  endfacet
  facet normal 0 0 -1
    outer loop
      vertex 1.40228 -3.85274 0
      vertex 2.425 -2.425 0
      vertex 1.73273 -3.71586 0
    endloop
  endfacet
  facet normal 0 0 -1
    outer loop
      vertex 1.06116 -3.9603 0
      vertex 2.425 -2.425 0
      vertex 1.40228 -3.85274 0
    endloop
  endfacet
  facet normal 0 0 -1
    outer loop
      vertex 0.711957 -4.03771 0
      vertex 2.425 -2.425 0
      vertex 1.06116 -3.9603 0
    endloop
  endfacet
  facet normal 0 0 -1
    outer loop
      vertex 0.357338 -4.0844 0
      vertex 2.425 -2.425 0
      vertex 0.711957 -4.03771 0
    endloop
  endfacet
  facet normal 0 0 -1
    outer loop
      vertex 0 -4.1 0
      vertex 2.425 -2.425 0
      vertex 0.357338 -4.0844 0
    endloop
  endfacet
  facet normal 0 0 -1
    outer loop
      vertex -2.425 -2.425 0
      vertex 0 -4.1 0
      vertex -0.357338 -4.0844 0
    endloop
  endfacet
  facet normal 0 0 -1
    outer loop
      vertex -2.425 -2.425 0
      vertex -0.357338 -4.0844 0
      vertex -0.711957 -4.03771 0
    endloop
  endfacet
  facet normal 0 0 -1
    outer loop
      vertex -2.425 -2.425 0
      vertex -0.711957 -4.03771 0
      vertex -1.06116 -3.9603 0
    endloop
  endfacet
  facet normal 0 0 -1
    outer loop
      vertex -2.425 -2.425 0
      vertex -1.06116 -3.9603 0
      vertex -1.40228 -3.85274 0
    endloop
  endfacet
  facet normal 0 0 -1
    outer loop
      vertex -2.425 -2.425 0
      vertex -1.40228 -3.85274 0
      vertex -1.73273 -3.71586 0
    endloop
  endfacet
  facet normal 0 0 -1
    outer loop
      vertex -2.425 -2.425 0
      vertex -1.73273 -3.71586 0
      vertex -2.05 -3.5507 0
    endloop
  endfacet
  facet normal 0 0 -1
    outer loop
      vertex -2.425 -2.425 0
      vertex -2.05 -3.5507 0
      vertex -2.35166 -3.35852 0
    endloop
  endfacet
  facet normal 0 0 -1
    outer loop
      vertex 0 -4.1 0
      vertex -2.425 -2.425 0
      vertex 2.425 -2.425 0
    endloop
  endfacet
  facet normal 0 0 -1
    outer loop
      vertex -2.89914 -2.89914 0
      vertex -2.425 -2.425 0
      vertex -2.63543 -3.14078 0
    endloop
  endfacet
  facet normal 0 0 -1
    outer loop
      vertex -2.63543 -3.14078 0
      vertex -2.425 -2.425 0
      vertex -2.35166 -3.35852 0
    endloop
  endfacet
  facet normal -0 0 -1
    outer loop
      vertex 2.89914 2.89914 0
      vertex 2.425 2.425 0
      vertex 2.63543 3.14078 0
    endloop
  endfacet
  facet normal 0 0 -1
    outer loop
      vertex 2.425 2.425 0
      vertex 2.35166 3.35852 0
      vertex 2.63543 3.14078 0
    endloop
  endfacet
  facet normal 0 0 -1
    outer loop
      vertex 2.425 2.425 0
      vertex 2.05 3.5507 0
      vertex 2.35166 3.35852 0
    endloop
  endfacet
  facet normal 0 0 -1
    outer loop
      vertex 2.425 2.425 0
      vertex 1.73273 3.71586 0
      vertex 2.05 3.5507 0
    endloop
  endfacet
  facet normal 0 0 -1
    outer loop
      vertex 2.425 2.425 0
      vertex 1.40228 3.85274 0
      vertex 1.73273 3.71586 0
    endloop
  endfacet
  facet normal 0 0 -1
    outer loop
      vertex 2.425 2.425 0
      vertex 1.06116 3.9603 0
      vertex 1.40228 3.85274 0
    endloop
  endfacet
  facet normal 0 0 -1
    outer loop
      vertex 2.425 2.425 0
      vertex 0.711957 4.03771 0
      vertex 1.06116 3.9603 0
    endloop
  endfacet
  facet normal 0 0 -1
    outer loop
      vertex 2.425 2.425 0
      vertex 0.357338 4.0844 0
      vertex 0.711957 4.03771 0
    endloop
  endfacet
  facet normal 0 0 -1
    outer loop
      vertex 2.425 2.425 0
      vertex 0 4.1 0
      vertex 0.357338 4.0844 0
    endloop
  endfacet
  facet normal 0 0 -1
    outer loop
      vertex -2.425 2.425 0
      vertex 0 4.1 0
      vertex 2.425 2.425 0
    endloop
  endfacet
  facet normal 0 0 -1
    outer loop
      vertex 0 4.1 0
      vertex -2.425 2.425 0
      vertex -0.357338 4.0844 0
    endloop
  endfacet
  facet normal 0 0 -1
    outer loop
      vertex -0.357338 4.0844 0
      vertex -2.425 2.425 0
      vertex -0.711957 4.03771 0
    endloop
  endfacet
  facet normal 0 0 -1
    outer loop
      vertex -0.711957 4.03771 0
      vertex -2.425 2.425 0
      vertex -1.06116 3.9603 0
    endloop
  endfacet
  facet normal 0 0 -1
    outer loop
      vertex -1.06116 3.9603 0
      vertex -2.425 2.425 0
      vertex -1.40228 3.85274 0
    endloop
  endfacet
  facet normal 0 0 -1
    outer loop
      vertex -1.40228 3.85274 0
      vertex -2.425 2.425 0
      vertex -1.73273 3.71586 0
    endloop
  endfacet
  facet normal 0 0 -1
    outer loop
      vertex -1.73273 3.71586 0
      vertex -2.425 2.425 0
      vertex -2.05 3.5507 0
    endloop
  endfacet
  facet normal 0 0 -1
    outer loop
      vertex -2.05 3.5507 0
      vertex -2.425 2.425 0
      vertex -2.35166 3.35852 0
    endloop
  endfacet
  facet normal 0 0 -1
    outer loop
      vertex -2.425 2.425 0
      vertex -2.63543 3.14078 0
      vertex -2.35166 3.35852 0
    endloop
  endfacet
  facet normal 0 0 -1
    outer loop
      vertex -3.14078 -2.63543 0
      vertex -2.425 -2.425 0
      vertex -2.89914 -2.89914 0
    endloop
  endfacet
  facet normal 0 0 -1
    outer loop
      vertex -3.35852 -2.35166 0
      vertex -2.425 -2.425 0
      vertex -3.14078 -2.63543 0
    endloop
  endfacet
  facet normal 0 0 -1
    outer loop
      vertex -2.425 2.425 0
      vertex -2.89914 2.89914 0
      vertex -2.63543 3.14078 0
    endloop
  endfacet
  facet normal 0 0 -1
    outer loop
      vertex -3.5507 -2.05 0
      vertex -2.425 -2.425 0
      vertex -3.35852 -2.35166 0
    endloop
  endfacet
  facet normal 0 0 -1
    outer loop
      vertex -2.425 2.425 0
      vertex -3.14078 2.63543 0
      vertex -2.89914 2.89914 0
    endloop
  endfacet
  facet normal 0 0 -1
    outer loop
      vertex -3.71586 -1.73273 0
      vertex -2.425 -2.425 0
      vertex -3.5507 -2.05 0
    endloop
  endfacet
  facet normal -0 0 -1
    outer loop
      vertex -2.425 2.425 0
      vertex -3.35852 2.35166 0
      vertex -3.14078 2.63543 0
    endloop
  endfacet
  facet normal 0 0 -1
    outer loop
      vertex -3.85274 -1.40228 0
      vertex -2.425 -2.425 0
      vertex -3.71586 -1.73273 0
    endloop
  endfacet
  facet normal 0 0 -1
    outer loop
      vertex -2.425 2.425 0
      vertex -3.5507 2.05 0
      vertex -3.35852 2.35166 0
    endloop
  endfacet
  facet normal 0 0 -1
    outer loop
      vertex -3.9603 -1.06116 0
      vertex -2.425 -2.425 0
      vertex -3.85274 -1.40228 0
    endloop
  endfacet
  facet normal 0 0 -1
    outer loop
      vertex -2.425 2.425 0
      vertex -3.71586 1.73273 0
      vertex -3.5507 2.05 0
    endloop
  endfacet
  facet normal 0 0 -1
    outer loop
      vertex -4.03771 -0.711957 0
      vertex -2.425 -2.425 0
      vertex -3.9603 -1.06116 0
    endloop
  endfacet
  facet normal 0 0 -1
    outer loop
      vertex -2.425 2.425 0
      vertex -3.85274 1.40228 0
      vertex -3.71586 1.73273 0
    endloop
  endfacet
  facet normal 0 0 -1
    outer loop
      vertex -4.0844 -0.357338 0
      vertex -2.425 -2.425 0
      vertex -4.03771 -0.711957 0
    endloop
  endfacet
  facet normal 0 0 -1
    outer loop
      vertex -2.425 2.425 0
      vertex -3.9603 1.06116 0
      vertex -3.85274 1.40228 0
    endloop
  endfacet
  facet normal 0 0 -1
    outer loop
      vertex -4.1 0 0
      vertex -2.425 -2.425 0
      vertex -4.0844 -0.357338 0
    endloop
  endfacet
  facet normal 0 0 -1
    outer loop
      vertex -2.425 2.425 0
      vertex -4.03771 0.711957 0
      vertex -3.9603 1.06116 0
    endloop
  endfacet
  facet normal 0 0 -1
    outer loop
      vertex -2.425 -2.425 0
      vertex -4.1 0 0
      vertex -2.425 2.425 0
    endloop
  endfacet
  facet normal 0 0 -1
    outer loop
      vertex -2.425 2.425 0
      vertex -4.0844 0.357338 0
      vertex -4.03771 0.711957 0
    endloop
  endfacet
  facet normal 0 0 -1
    outer loop
      vertex -2.425 2.425 0
      vertex -4.1 0 0
      vertex -4.0844 0.357338 0
    endloop
  endfacet
  facet normal 0.130536 0.991444 -0
    outer loop
      vertex 0.711957 4.03771 0
      vertex 0.357338 4.0844 10.2
      vertex 0.711957 4.03771 10.2
    endloop
  endfacet
  facet normal 0.130536 0.991444 0
    outer loop
      vertex 0.357338 4.0844 10.2
      vertex 0.711957 4.03771 0
      vertex 0.357338 4.0844 0
    endloop
  endfacet
  facet normal -0.991444 0.130536 0
    outer loop
      vertex -4.0844 0.357338 0
      vertex -4.03771 0.711957 10.2
      vertex -4.03771 0.711957 0
    endloop
  endfacet
  facet normal -0.991444 0.130536 0
    outer loop
      vertex -4.03771 0.711957 10.2
      vertex -4.0844 0.357338 0
      vertex -4.0844 0.357338 10.2
    endloop
  endfacet
  facet normal -0 0 -1
    outer loop
      vertex -0.946384 6.9172 11
      vertex -1.14608 6.49973 11
      vertex -0.95 7 11
    endloop
  endfacet
  facet normal -0 0 -1
    outer loop
      vertex -0.935567 6.83503 11
      vertex -1.14608 6.49973 11
      vertex -0.946384 6.9172 11
    endloop
  endfacet
  facet normal -0 0 -1
    outer loop
      vertex -0.917629 6.75412 11
      vertex -1.14608 6.49973 11
      vertex -0.935567 6.83503 11
    endloop
  endfacet
  facet normal -0 0 -1
    outer loop
      vertex -0.892708 6.67508 11
      vertex -1.14608 6.49973 11
      vertex -0.917629 6.75412 11
    endloop
  endfacet
  facet normal -0 0 -1
    outer loop
      vertex -0.860991 6.59851 11
      vertex -1.14608 6.49973 11
      vertex -0.892708 6.67508 11
    endloop
  endfacet
  facet normal 0 0 -1
    outer loop
      vertex -1.14608 6.49973 11
      vertex -0.860991 6.59851 11
      vertex -0.831152 6.54119 11
    endloop
  endfacet
  facet normal 0 0 -1
    outer loop
      vertex 1.14608 6.49973 11
      vertex 0.946384 6.9172 11
      vertex 0.95 7 11
    endloop
  endfacet
  facet normal 0 0 -1
    outer loop
      vertex 1.14608 6.49973 11
      vertex 0.935567 6.83503 11
      vertex 0.946384 6.9172 11
    endloop
  endfacet
  facet normal 0 0 -1
    outer loop
      vertex 1.14608 6.49973 11
      vertex 0.917629 6.75412 11
      vertex 0.935567 6.83503 11
    endloop
  endfacet
  facet normal 0 0 -1
    outer loop
      vertex 1.14608 6.49973 11
      vertex 0.892708 6.67508 11
      vertex 0.917629 6.75412 11
    endloop
  endfacet
  facet normal 0 0 -1
    outer loop
      vertex 1.14608 6.49973 11
      vertex 0.860991 6.59851 11
      vertex 0.892708 6.67508 11
    endloop
  endfacet
  facet normal 0 -0 -1
    outer loop
      vertex 0.860991 6.59851 11
      vertex 1.14608 6.49973 11
      vertex 0.831152 6.54119 11
    endloop
  endfacet
  facet normal 0 0 -1
    outer loop
      vertex 7.93557 -0.164966 11
      vertex 10 0 11
      vertex 9.96195 -0.871557 11
    endloop
  endfacet
  facet normal 0 0 -1
    outer loop
      vertex 7.82272 -0.474999 11
      vertex 9.96195 -0.871557 11
      vertex 9.84808 -1.73648 11
    endloop
  endfacet
  facet normal 0 0 -1
    outer loop
      vertex 10 0 11
      vertex 7.93557 -0.164966 11
      vertex 7.94638 -0.0827971 11
    endloop
  endfacet
  facet normal 0 0 -1
    outer loop
      vertex 7.61065 -0.727742 11
      vertex 9.84808 -1.73648 11
      vertex 9.65926 -2.58819 11
    endloop
  endfacet
  facet normal -0 0 -1
    outer loop
      vertex 10 0 11
      vertex 7.94638 -0.0827971 11
      vertex 7.95 0 11
    endloop
  endfacet
  facet normal 0 0 -1
    outer loop
      vertex 7.32492 -0.892708 11
      vertex 9.65926 -2.58819 11
      vertex 9.39693 -3.4202 11
    endloop
  endfacet
  facet normal 0 0 -1
    outer loop
      vertex 7.93557 0.164966 11
      vertex 10 0 11
      vertex 7.94638 0.0827971 11
    endloop
  endfacet
  facet normal 0 0 -1
    outer loop
      vertex 6.20197 -2.25733 11
      vertex 9.39693 -3.4202 11
      vertex 9.06308 -4.22618 11
    endloop
  endfacet
  facet normal 0 0 -1
    outer loop
      vertex 10 0 11
      vertex 7.93557 0.164966 11
      vertex 9.96195 0.871557 11
    endloop
  endfacet
  facet normal 0 0 -1
    outer loop
      vertex 5.98163 -2.78928 11
      vertex 9.06308 -4.22618 11
      vertex 8.66025 -5 11
    endloop
  endfacet
  facet normal 0 0 -1
    outer loop
      vertex 7.91763 0.245877 11
      vertex 9.96195 0.871557 11
      vertex 7.93557 0.164966 11
    endloop
  endfacet
  facet normal 0 0 -1
    outer loop
      vertex 5.71577 -3.3 11
      vertex 8.66025 -5 11
      vertex 8.19152 -5.73576 11
    endloop
  endfacet
  facet normal 0 0 -1
    outer loop
      vertex 7.89271 0.324919 11
      vertex 9.96195 0.871557 11
      vertex 7.91763 0.245877 11
    endloop
  endfacet
  facet normal 0 0 -1
    outer loop
      vertex 7.82272 0.474999 11
      vertex 9.96195 0.871557 11
      vertex 7.86099 0.401486 11
    endloop
  endfacet
  facet normal 0 0 -1
    outer loop
      vertex 7.86099 0.401486 11
      vertex 9.96195 0.871557 11
      vertex 7.89271 0.324919 11
    endloop
  endfacet
  facet normal 0 0 -1
    outer loop
      vertex 7.94638 0.0827971 11
      vertex 10 0 11
      vertex 7.95 0 11
    endloop
  endfacet
  facet normal 0 0 -1
    outer loop
      vertex 9.96195 -0.871557 11
      vertex 7.91763 -0.245877 11
      vertex 7.93557 -0.164966 11
    endloop
  endfacet
  facet normal 0 0 -1
    outer loop
      vertex 9.96195 -0.871557 11
      vertex 7.89271 -0.324919 11
      vertex 7.91763 -0.245877 11
    endloop
  endfacet
  facet normal 0 0 -1
    outer loop
      vertex 9.96195 -0.871557 11
      vertex 7.86099 -0.401486 11
      vertex 7.89271 -0.324919 11
    endloop
  endfacet
  facet normal 0 0 -1
    outer loop
      vertex 9.96195 -0.871557 11
      vertex 7.82272 -0.474999 11
      vertex 7.86099 -0.401486 11
    endloop
  endfacet
  facet normal 0 0 -1
    outer loop
      vertex 9.84808 -1.73648 11
      vertex 7.77819 -0.544897 11
      vertex 7.82272 -0.474999 11
    endloop
  endfacet
  facet normal 0 0 -1
    outer loop
      vertex 9.84808 -1.73648 11
      vertex 7.72774 -0.610648 11
      vertex 7.77819 -0.544897 11
    endloop
  endfacet
  facet normal 0 0 -1
    outer loop
      vertex 9.84808 -1.73648 11
      vertex 7.67175 -0.671751 11
      vertex 7.72774 -0.610648 11
    endloop
  endfacet
  facet normal 0 0 -1
    outer loop
      vertex 5.4064 -3.7856 11
      vertex 8.19152 -5.73576 11
      vertex 7.66044 -6.42788 11
    endloop
  endfacet
  facet normal 0 0 -1
    outer loop
      vertex 9.84808 -1.73648 11
      vertex 7.61065 -0.727742 11
      vertex 7.67175 -0.671751 11
    endloop
  endfacet
  facet normal 0 0 -1
    outer loop
      vertex 9.65926 -2.58819 11
      vertex 7.5449 -0.778194 11
      vertex 7.61065 -0.727742 11
    endloop
  endfacet
  facet normal 0 0 -1
    outer loop
      vertex 9.65926 -2.58819 11
      vertex 7.475 -0.822723 11
      vertex 7.5449 -0.778194 11
    endloop
  endfacet
  facet normal 0 0 -1
    outer loop
      vertex 9.39693 -3.4202 11
      vertex 6.20197 -2.25733 11
      vertex 7.32492 -0.892708 11
    endloop
  endfacet
  facet normal 0 0 -1
    outer loop
      vertex 9.65926 -2.58819 11
      vertex 7.40149 -0.860991 11
      vertex 7.475 -0.822723 11
    endloop
  endfacet
  facet normal 0 0 -1
    outer loop
      vertex 9.65926 -2.58819 11
      vertex 7.32492 -0.892708 11
      vertex 7.40149 -0.860991 11
    endloop
  endfacet
  facet normal 0 -0 -1
    outer loop
      vertex 6.37511 -1.70821 11
      vertex 7.32492 -0.892708 11
      vertex 6.20197 -2.25733 11
    endloop
  endfacet
  facet normal 0 0 -1
    outer loop
      vertex 7.32492 -0.892708 11
      vertex 6.37511 -1.70821 11
      vertex 7.24588 -0.917629 11
    endloop
  endfacet
  facet normal 0 0 -1
    outer loop
      vertex 5.05589 -4.2424 11
      vertex 7.66044 -6.42788 11
      vertex 7.07107 -7.07107 11
    endloop
  endfacet
  facet normal 0 0 -1
    outer loop
      vertex 7.24588 -0.917629 11
      vertex 6.37511 -1.70821 11
      vertex 7.16497 -0.935567 11
    endloop
  endfacet
  facet normal 0 0 -1
    outer loop
      vertex 7.16497 -0.935567 11
      vertex 6.37511 -1.70821 11
      vertex 7.0828 -0.946384 11
    endloop
  endfacet
  facet normal 0 0 -1
    outer loop
      vertex 7.0828 -0.946384 11
      vertex 6.37511 -1.70821 11
      vertex 7 -0.95 11
    endloop
  endfacet
  facet normal 0 -0 -1
    outer loop
      vertex 6.49973 -1.14608 11
      vertex 7 -0.95 11
      vertex 6.37511 -1.70821 11
    endloop
  endfacet
  facet normal -0 0 -1
    outer loop
      vertex 7 -0.95 11
      vertex 6.49973 -1.14608 11
      vertex 6.9172 -0.946384 11
    endloop
  endfacet
  facet normal -0 0 -1
    outer loop
      vertex 6.83503 -0.935567 11
      vertex 6.49973 -1.14608 11
      vertex 6.75412 -0.917629 11
    endloop
  endfacet
  facet normal -0 0 -1
    outer loop
      vertex 6.75412 -0.917629 11
      vertex 6.49973 -1.14608 11
      vertex 6.67508 -0.892708 11
    endloop
  endfacet
  facet normal -0 0 -1
    outer loop
      vertex 6.59851 -0.860991 11
      vertex 6.49973 -1.14608 11
      vertex 6.54119 -0.831152 11
    endloop
  endfacet
  facet normal 0 0 -1
    outer loop
      vertex 4.6669 -4.6669 11
      vertex 7.07107 -7.07107 11
      vertex 6.42788 -7.66044 11
    endloop
  endfacet
  facet normal -0 0 -1
    outer loop
      vertex 6.67508 -0.892708 11
      vertex 6.49973 -1.14608 11
      vertex 6.59851 -0.860991 11
    endloop
  endfacet
  facet normal -0 0 -1
    outer loop
      vertex 6.9172 -0.946384 11
      vertex 6.49973 -1.14608 11
      vertex 6.83503 -0.935567 11
    endloop
  endfacet
  facet normal 0 0 -1
    outer loop
      vertex 9.06308 -4.22618 11
      vertex 5.98163 -2.78928 11
      vertex 6.20197 -2.25733 11
    endloop
  endfacet
  facet normal 0 0 -1
    outer loop
      vertex 4.2424 -5.05589 11
      vertex 6.42788 -7.66044 11
      vertex 5.73576 -8.19152 11
    endloop
  endfacet
  facet normal 0 0 -1
    outer loop
      vertex 8.66025 -5 11
      vertex 5.71577 -3.3 11
      vertex 5.98163 -2.78928 11
    endloop
  endfacet
  facet normal 0 0 -1
    outer loop
      vertex 8.19152 -5.73576 11
      vertex 5.4064 -3.7856 11
      vertex 5.71577 -3.3 11
    endloop
  endfacet
  facet normal 0 0 -1
    outer loop
      vertex 7.66044 -6.42788 11
      vertex 5.05589 -4.2424 11
      vertex 5.4064 -3.7856 11
    endloop
  endfacet
  facet normal 0 0 -1
    outer loop
      vertex 3.7856 -5.4064 11
      vertex 5.73576 -8.19152 11
      vertex 5 -8.66025 11
    endloop
  endfacet
  facet normal 0 0 -1
    outer loop
      vertex 7.07107 -7.07107 11
      vertex 4.6669 -4.6669 11
      vertex 5.05589 -4.2424 11
    endloop
  endfacet
  facet normal 0 0 -1
    outer loop
      vertex 6.42788 -7.66044 11
      vertex 4.2424 -5.05589 11
      vertex 4.6669 -4.6669 11
    endloop
  endfacet
  facet normal 0 0 -1
    outer loop
      vertex 3.3 -5.71577 11
      vertex 5 -8.66025 11
      vertex 4.22618 -9.06308 11
    endloop
  endfacet
  facet normal 0 0 -1
    outer loop
      vertex 5.73576 -8.19152 11
      vertex 3.7856 -5.4064 11
      vertex 4.2424 -5.05589 11
    endloop
  endfacet
  facet normal 0 0 -1
    outer loop
      vertex 2.78928 -5.98163 11
      vertex 4.22618 -9.06308 11
      vertex 3.4202 -9.39693 11
    endloop
  endfacet
  facet normal 0 0 -1
    outer loop
      vertex 5 -8.66025 11
      vertex 3.3 -5.71577 11
      vertex 3.7856 -5.4064 11
    endloop
  endfacet
  facet normal 0 0 -1
    outer loop
      vertex 4.22618 -9.06308 11
      vertex 2.78928 -5.98163 11
      vertex 3.3 -5.71577 11
    endloop
  endfacet
  facet normal 0 0 -1
    outer loop
      vertex 0.892708 -7.32492 11
      vertex 3.4202 -9.39693 11
      vertex 2.58819 -9.65926 11
    endloop
  endfacet
  facet normal 0 0 -1
    outer loop
      vertex 3.4202 -9.39693 11
      vertex 2.25733 -6.20197 11
      vertex 2.78928 -5.98163 11
    endloop
  endfacet
  facet normal 0 0 -1
    outer loop
      vertex 0.778194 -7.5449 11
      vertex 2.58819 -9.65926 11
      vertex 1.73648 -9.84808 11
    endloop
  endfacet
  facet normal 0 0 -1
    outer loop
      vertex 3.4202 -9.39693 11
      vertex 0.892708 -7.32492 11
      vertex 2.25733 -6.20197 11
    endloop
  endfacet
  facet normal 0 0 -1
    outer loop
      vertex 2.25733 -6.20197 11
      vertex 0.892708 -7.32492 11
      vertex 1.70821 -6.37511 11
    endloop
  endfacet
  facet normal 0 -0 -1
    outer loop
      vertex 0.946384 -7.0828 11
      vertex 1.70821 -6.37511 11
      vertex 0.935567 -7.16497 11
    endloop
  endfacet
  facet normal 0 0 -1
    outer loop
      vertex 1.70821 -6.37511 11
      vertex 0.95 -7 11
      vertex 1.14608 -6.49973 11
    endloop
  endfacet
  facet normal 0 -0 -1
    outer loop
      vertex 0.95 -7 11
      vertex 1.70821 -6.37511 11
      vertex 0.946384 -7.0828 11
    endloop
  endfacet
  facet normal 0 0 -1
    outer loop
      vertex 1.70821 -6.37511 11
      vertex 0.917629 -7.24588 11
      vertex 0.935567 -7.16497 11
    endloop
  endfacet
  facet normal 0 0 -1
    outer loop
      vertex 1.70821 -6.37511 11
      vertex 0.892708 -7.32492 11
      vertex 0.917629 -7.24588 11
    endloop
  endfacet
  facet normal 0 0 -1
    outer loop
      vertex 0.544897 -7.77819 11
      vertex 1.73648 -9.84808 11
      vertex 0.871557 -9.96195 11
    endloop
  endfacet
  facet normal 0 0 -1
    outer loop
      vertex 2.58819 -9.65926 11
      vertex 0.860991 -7.40149 11
      vertex 0.892708 -7.32492 11
    endloop
  endfacet
  facet normal 0 0 -1
    outer loop
      vertex 2.58819 -9.65926 11
      vertex 0.822723 -7.475 11
      vertex 0.860991 -7.40149 11
    endloop
  endfacet
  facet normal 0 0 -1
    outer loop
      vertex 2.58819 -9.65926 11
      vertex 0.778194 -7.5449 11
      vertex 0.822723 -7.475 11
    endloop
  endfacet
  facet normal 0 0 -1
    outer loop
      vertex 1.73648 -9.84808 11
      vertex 0.727742 -7.61065 11
      vertex 0.778194 -7.5449 11
    endloop
  endfacet
  facet normal 0 0 -1
    outer loop
      vertex 1.73648 -9.84808 11
      vertex 0.671751 -7.67175 11
      vertex 0.727742 -7.61065 11
    endloop
  endfacet
  facet normal 0 0 -1
    outer loop
      vertex 1.73648 -9.84808 11
      vertex 0.610648 -7.72774 11
      vertex 0.671751 -7.67175 11
    endloop
  endfacet
  facet normal 0 0 -1
    outer loop
      vertex 1.73648 -9.84808 11
      vertex 0.544897 -7.77819 11
      vertex 0.610648 -7.72774 11
    endloop
  endfacet
  facet normal 0 0 -1
    outer loop
      vertex 0.871557 -9.96195 11
      vertex 0.474999 -7.82272 11
      vertex 0.544897 -7.77819 11
    endloop
  endfacet
  facet normal 0 0 -1
    outer loop
      vertex 0.871557 -9.96195 11
      vertex 0.401486 -7.86099 11
      vertex 0.474999 -7.82272 11
    endloop
  endfacet
  facet normal 0 0 -1
    outer loop
      vertex 0.871557 -9.96195 11
      vertex 0.324919 -7.89271 11
      vertex 0.401486 -7.86099 11
    endloop
  endfacet
  facet normal 0 0 -1
    outer loop
      vertex 0.871557 -9.96195 11
      vertex 0.245877 -7.91763 11
      vertex 0.324919 -7.89271 11
    endloop
  endfacet
  facet normal 0 0 -1
    outer loop
      vertex 0.871557 -9.96195 11
      vertex 0.164966 -7.93557 11
      vertex 0.245877 -7.91763 11
    endloop
  endfacet
  facet normal 0 0 -1
    outer loop
      vertex 0 -10 11
      vertex 0.164966 -7.93557 11
      vertex 0.871557 -9.96195 11
    endloop
  endfacet
  facet normal 0 0 -1
    outer loop
      vertex 0.164966 -7.93557 11
      vertex 0 -10 11
      vertex 0.0827971 -7.94638 11
    endloop
  endfacet
  facet normal 0 0 -1
    outer loop
      vertex 0 -10 11
      vertex 0 -7.95 11
      vertex 0.0827971 -7.94638 11
    endloop
  endfacet
  facet normal 0 0 -1
    outer loop
      vertex 0 -10 11
      vertex -0.0827971 -7.94638 11
      vertex 0 -7.95 11
    endloop
  endfacet
  facet normal 0 0 -1
    outer loop
      vertex 0 -10 11
      vertex -0.164966 -7.93557 11
      vertex -0.0827971 -7.94638 11
    endloop
  endfacet
  facet normal 0 0 -1
    outer loop
      vertex -0.871557 -9.96195 11
      vertex -0.164966 -7.93557 11
      vertex 0 -10 11
    endloop
  endfacet
  facet normal -0 0 -1
    outer loop
      vertex -0.164966 -7.93557 11
      vertex -0.871557 -9.96195 11
      vertex -0.245877 -7.91763 11
    endloop
  endfacet
  facet normal -0 0 -1
    outer loop
      vertex -0.245877 -7.91763 11
      vertex -0.871557 -9.96195 11
      vertex -0.324919 -7.89271 11
    endloop
  endfacet
  facet normal -0 0 -1
    outer loop
      vertex -0.324919 -7.89271 11
      vertex -0.871557 -9.96195 11
      vertex -0.401486 -7.86099 11
    endloop
  endfacet
  facet normal -0 0 -1
    outer loop
      vertex -0.401486 -7.86099 11
      vertex -0.871557 -9.96195 11
      vertex -0.474999 -7.82272 11
    endloop
  endfacet
  facet normal -0 0 -1
    outer loop
      vertex -0.474999 -7.82272 11
      vertex -0.871557 -9.96195 11
      vertex -0.544897 -7.77819 11
    endloop
  endfacet
  facet normal 0 0 -1
    outer loop
      vertex -1.73648 -9.84808 11
      vertex -0.544897 -7.77819 11
      vertex -0.871557 -9.96195 11
    endloop
  endfacet
  facet normal -0 0 -1
    outer loop
      vertex -0.544897 -7.77819 11
      vertex -1.73648 -9.84808 11
      vertex -0.610648 -7.72774 11
    endloop
  endfacet
  facet normal -0 0 -1
    outer loop
      vertex -0.610648 -7.72774 11
      vertex -1.73648 -9.84808 11
      vertex -0.671751 -7.67175 11
    endloop
  endfacet
  facet normal -0 0 -1
    outer loop
      vertex -0.671751 -7.67175 11
      vertex -1.73648 -9.84808 11
      vertex -0.727742 -7.61065 11
    endloop
  endfacet
  facet normal -0 0 -1
    outer loop
      vertex -0.727742 -7.61065 11
      vertex -1.73648 -9.84808 11
      vertex -0.778194 -7.5449 11
    endloop
  endfacet
  facet normal 0 0 -1
    outer loop
      vertex -2.58819 -9.65926 11
      vertex -0.778194 -7.5449 11
      vertex -1.73648 -9.84808 11
    endloop
  endfacet
  facet normal -0 0 -1
    outer loop
      vertex -0.778194 -7.5449 11
      vertex -2.58819 -9.65926 11
      vertex -0.822723 -7.475 11
    endloop
  endfacet
  facet normal -0 0 -1
    outer loop
      vertex -0.822723 -7.475 11
      vertex -2.58819 -9.65926 11
      vertex -0.860991 -7.40149 11
    endloop
  endfacet
  facet normal -0 0 -1
    outer loop
      vertex -0.860991 -7.40149 11
      vertex -2.58819 -9.65926 11
      vertex -0.892708 -7.32492 11
    endloop
  endfacet
  facet normal 0 0 -1
    outer loop
      vertex -3.4202 -9.39693 11
      vertex -0.892708 -7.32492 11
      vertex -2.58819 -9.65926 11
    endloop
  endfacet
  facet normal 0 -0 -1
    outer loop
      vertex -2.25733 -6.20197 11
      vertex -0.892708 -7.32492 11
      vertex -3.4202 -9.39693 11
    endloop
  endfacet
  facet normal 0 0 -1
    outer loop
      vertex -0.917629 -7.24588 11
      vertex -1.70821 -6.37511 11
      vertex -0.935567 -7.16497 11
    endloop
  endfacet
  facet normal 0 0 -1
    outer loop
      vertex -0.935567 -7.16497 11
      vertex -1.70821 -6.37511 11
      vertex -0.946384 -7.0828 11
    endloop
  endfacet
  facet normal 0 0 -1
    outer loop
      vertex -0.95 -7 11
      vertex -1.70821 -6.37511 11
      vertex -1.14608 -6.49973 11
    endloop
  endfacet
  facet normal 0 0 -1
    outer loop
      vertex -0.946384 -7.0828 11
      vertex -1.70821 -6.37511 11
      vertex -0.95 -7 11
    endloop
  endfacet
  facet normal 0 0 -1
    outer loop
      vertex -0.892708 -7.32492 11
      vertex -1.70821 -6.37511 11
      vertex -0.917629 -7.24588 11
    endloop
  endfacet
  facet normal -0 -0 -1
    outer loop
      vertex -1.70821 -6.37511 11
      vertex -0.892708 -7.32492 11
      vertex -2.25733 -6.20197 11
    endloop
  endfacet
  facet normal -0 0 -1
    outer loop
      vertex -2.25733 -6.20197 11
      vertex -3.4202 -9.39693 11
      vertex -2.78928 -5.98163 11
    endloop
  endfacet
  facet normal 0 0 -1
    outer loop
      vertex -4.22618 -9.06308 11
      vertex -2.78928 -5.98163 11
      vertex -3.4202 -9.39693 11
    endloop
  endfacet
  facet normal -0 0 -1
    outer loop
      vertex -2.78928 -5.98163 11
      vertex -4.22618 -9.06308 11
      vertex -3.3 -5.71577 11
    endloop
  endfacet
  facet normal 0 0 -1
    outer loop
      vertex -5 -8.66025 11
      vertex -3.3 -5.71577 11
      vertex -4.22618 -9.06308 11
    endloop
  endfacet
  facet normal -0 0 -1
    outer loop
      vertex -3.3 -5.71577 11
      vertex -5 -8.66025 11
      vertex -3.7856 -5.4064 11
    endloop
  endfacet
  facet normal 0 0 -1
    outer loop
      vertex -5.73576 -8.19152 11
      vertex -3.7856 -5.4064 11
      vertex -5 -8.66025 11
    endloop
  endfacet
  facet normal -0 0 -1
    outer loop
      vertex -3.7856 -5.4064 11
      vertex -5.73576 -8.19152 11
      vertex -4.2424 -5.05589 11
    endloop
  endfacet
  facet normal 0 0 -1
    outer loop
      vertex -6.42788 -7.66044 11
      vertex -4.2424 -5.05589 11
      vertex -5.73576 -8.19152 11
    endloop
  endfacet
  facet normal -0 0 -1
    outer loop
      vertex -4.2424 -5.05589 11
      vertex -6.42788 -7.66044 11
      vertex -4.6669 -4.6669 11
    endloop
  endfacet
  facet normal 0 0 -1
    outer loop
      vertex -7.07107 -7.07107 11
      vertex -4.6669 -4.6669 11
      vertex -6.42788 -7.66044 11
    endloop
  endfacet
  facet normal -0 0 -1
    outer loop
      vertex -4.6669 -4.6669 11
      vertex -7.07107 -7.07107 11
      vertex -5.05589 -4.2424 11
    endloop
  endfacet
  facet normal 0 0 -1
    outer loop
      vertex -7.66044 -6.42788 11
      vertex -5.05589 -4.2424 11
      vertex -7.07107 -7.07107 11
    endloop
  endfacet
  facet normal -0 0 -1
    outer loop
      vertex -5.05589 -4.2424 11
      vertex -7.66044 -6.42788 11
      vertex -5.4064 -3.7856 11
    endloop
  endfacet
  facet normal 0 0 -1
    outer loop
      vertex -8.19152 -5.73576 11
      vertex -5.4064 -3.7856 11
      vertex -7.66044 -6.42788 11
    endloop
  endfacet
  facet normal -0 0 -1
    outer loop
      vertex -5.4064 -3.7856 11
      vertex -8.19152 -5.73576 11
      vertex -5.71577 -3.3 11
    endloop
  endfacet
  facet normal 0 0 -1
    outer loop
      vertex -8.66025 -5 11
      vertex -5.71577 -3.3 11
      vertex -8.19152 -5.73576 11
    endloop
  endfacet
  facet normal -0 0 -1
    outer loop
      vertex -5.71577 -3.3 11
      vertex -8.66025 -5 11
      vertex -5.98163 -2.78928 11
    endloop
  endfacet
  facet normal 0 0 -1
    outer loop
      vertex -9.06308 -4.22618 11
      vertex -5.98163 -2.78928 11
      vertex -8.66025 -5 11
    endloop
  endfacet
  facet normal -0 0 -1
    outer loop
      vertex -5.98163 -2.78928 11
      vertex -9.06308 -4.22618 11
      vertex -6.20197 -2.25733 11
    endloop
  endfacet
  facet normal 0 0 -1
    outer loop
      vertex -6.49973 -1.14608 11
      vertex -6.59851 -0.860991 11
      vertex -6.54119 -0.831152 11
    endloop
  endfacet
  facet normal 0 0 -1
    outer loop
      vertex -9.39693 -3.4202 11
      vertex -6.20197 -2.25733 11
      vertex -9.06308 -4.22618 11
    endloop
  endfacet
  facet normal 0 0 -1
    outer loop
      vertex -6.49973 -1.14608 11
      vertex -6.67508 -0.892708 11
      vertex -6.59851 -0.860991 11
    endloop
  endfacet
  facet normal 0 0 -1
    outer loop
      vertex -6.49973 -1.14608 11
      vertex -6.75412 -0.917629 11
      vertex -6.67508 -0.892708 11
    endloop
  endfacet
  facet normal 0 -0 -1
    outer loop
      vertex -7.32492 -0.892708 11
      vertex -6.20197 -2.25733 11
      vertex -9.39693 -3.4202 11
    endloop
  endfacet
  facet normal 0 0 -1
    outer loop
      vertex -6.49973 -1.14608 11
      vertex -6.83503 -0.935567 11
      vertex -6.75412 -0.917629 11
    endloop
  endfacet
  facet normal 0 0 -1
    outer loop
      vertex -6.49973 -1.14608 11
      vertex -6.9172 -0.946384 11
      vertex -6.83503 -0.935567 11
    endloop
  endfacet
  facet normal 0 0 -1
    outer loop
      vertex -6.20197 -2.25733 11
      vertex -7.32492 -0.892708 11
      vertex -6.37511 -1.70821 11
    endloop
  endfacet
  facet normal 0 0 -1
    outer loop
      vertex -6.49973 -1.14608 11
      vertex -7 -0.95 11
      vertex -6.9172 -0.946384 11
    endloop
  endfacet
  facet normal 0 0 -1
    outer loop
      vertex -6.37511 -1.70821 11
      vertex -7 -0.95 11
      vertex -6.49973 -1.14608 11
    endloop
  endfacet
  facet normal -0 -0 -1
    outer loop
      vertex -7.0828 -0.946384 11
      vertex -6.37511 -1.70821 11
      vertex -7.16497 -0.935567 11
    endloop
  endfacet
  facet normal -0 -0 -1
    outer loop
      vertex -7 -0.95 11
      vertex -6.37511 -1.70821 11
      vertex -7.0828 -0.946384 11
    endloop
  endfacet
  facet normal 0 0 -1
    outer loop
      vertex -6.37511 -1.70821 11
      vertex -7.24588 -0.917629 11
      vertex -7.16497 -0.935567 11
    endloop
  endfacet
  facet normal 0 0 -1
    outer loop
      vertex -6.37511 -1.70821 11
      vertex -7.32492 -0.892708 11
      vertex -7.24588 -0.917629 11
    endloop
  endfacet
  facet normal 0 0 -1
    outer loop
      vertex -9.65926 -2.58819 11
      vertex -7.32492 -0.892708 11
      vertex -9.39693 -3.4202 11
    endloop
  endfacet
  facet normal -0 0 -1
    outer loop
      vertex -7.32492 -0.892708 11
      vertex -9.65926 -2.58819 11
      vertex -7.40149 -0.860991 11
    endloop
  endfacet
  facet normal -0 0 -1
    outer loop
      vertex -7.40149 -0.860991 11
      vertex -9.65926 -2.58819 11
      vertex -7.475 -0.822723 11
    endloop
  endfacet
  facet normal -0 0 -1
    outer loop
      vertex -7.475 -0.822723 11
      vertex -9.65926 -2.58819 11
      vertex -7.5449 -0.778194 11
    endloop
  endfacet
  facet normal -0 0 -1
    outer loop
      vertex -7.5449 -0.778194 11
      vertex -9.65926 -2.58819 11
      vertex -7.61065 -0.727742 11
    endloop
  endfacet
  facet normal 0 0 -1
    outer loop
      vertex -9.84808 -1.73648 11
      vertex -7.61065 -0.727742 11
      vertex -9.65926 -2.58819 11
    endloop
  endfacet
  facet normal -0 0 -1
    outer loop
      vertex -7.61065 -0.727742 11
      vertex -9.84808 -1.73648 11
      vertex -7.67175 -0.671751 11
    endloop
  endfacet
  facet normal -0 0 -1
    outer loop
      vertex -7.67175 -0.671751 11
      vertex -9.84808 -1.73648 11
      vertex -7.72774 -0.610648 11
    endloop
  endfacet
  facet normal -0 0 -1
    outer loop
      vertex -7.72774 -0.610648 11
      vertex -9.84808 -1.73648 11
      vertex -7.77819 -0.544897 11
    endloop
  endfacet
  facet normal 0 0 -1
    outer loop
      vertex -9.96195 -0.871557 11
      vertex -7.82272 -0.474999 11
      vertex -9.84808 -1.73648 11
    endloop
  endfacet
  facet normal -0 0 -1
    outer loop
      vertex -7.77819 -0.544897 11
      vertex -9.84808 -1.73648 11
      vertex -7.82272 -0.474999 11
    endloop
  endfacet
  facet normal -0 0 -1
    outer loop
      vertex 9.96195 0.871557 11
      vertex 7.82272 0.474999 11
      vertex 9.84808 1.73648 11
    endloop
  endfacet
  facet normal 0 0 -1
    outer loop
      vertex 7.77819 0.544897 11
      vertex 9.84808 1.73648 11
      vertex 7.82272 0.474999 11
    endloop
  endfacet
  facet normal 0 0 -1
    outer loop
      vertex 7.72774 0.610648 11
      vertex 9.84808 1.73648 11
      vertex 7.77819 0.544897 11
    endloop
  endfacet
  facet normal 0 0 -1
    outer loop
      vertex 7.67175 0.671751 11
      vertex 9.84808 1.73648 11
      vertex 7.72774 0.610648 11
    endloop
  endfacet
  facet normal 0 0 -1
    outer loop
      vertex 7.61065 0.727742 11
      vertex 9.84808 1.73648 11
      vertex 7.67175 0.671751 11
    endloop
  endfacet
  facet normal -0 0 -1
    outer loop
      vertex 9.84808 1.73648 11
      vertex 7.61065 0.727742 11
      vertex 9.65926 2.58819 11
    endloop
  endfacet
  facet normal 0 0 -1
    outer loop
      vertex 7.5449 0.778194 11
      vertex 9.65926 2.58819 11
      vertex 7.61065 0.727742 11
    endloop
  endfacet
  facet normal 0 0 -1
    outer loop
      vertex 7.475 0.822723 11
      vertex 9.65926 2.58819 11
      vertex 7.5449 0.778194 11
    endloop
  endfacet
  facet normal 0 0 -1
    outer loop
      vertex 7.40149 0.860991 11
      vertex 9.65926 2.58819 11
      vertex 7.475 0.822723 11
    endloop
  endfacet
  facet normal 0 0 -1
    outer loop
      vertex 7.32492 0.892708 11
      vertex 9.65926 2.58819 11
      vertex 7.40149 0.860991 11
    endloop
  endfacet
  facet normal -0 0 -1
    outer loop
      vertex 9.65926 2.58819 11
      vertex 7.32492 0.892708 11
      vertex 9.39693 3.4202 11
    endloop
  endfacet
  facet normal 0 0 -1
    outer loop
      vertex 6.20197 2.25733 11
      vertex 9.39693 3.4202 11
      vertex 7.32492 0.892708 11
    endloop
  endfacet
  facet normal -0 0 -1
    outer loop
      vertex 9.06308 4.22618 11
      vertex 5.98163 2.78928 11
      vertex 8.66025 5 11
    endloop
  endfacet
  facet normal 0 0 -1
    outer loop
      vertex 5.98163 2.78928 11
      vertex 9.06308 4.22618 11
      vertex 6.20197 2.25733 11
    endloop
  endfacet
  facet normal -0 0 -1
    outer loop
      vertex 9.39693 3.4202 11
      vertex 6.20197 2.25733 11
      vertex 9.06308 4.22618 11
    endloop
  endfacet
  facet normal 0 0 -1
    outer loop
      vertex 6.37511 1.70821 11
      vertex 7.32492 0.892708 11
      vertex 7.24588 0.917629 11
    endloop
  endfacet
  facet normal 0 0 -1
    outer loop
      vertex 6.37511 1.70821 11
      vertex 7.24588 0.917629 11
      vertex 7.16497 0.935567 11
    endloop
  endfacet
  facet normal 0 0 -1
    outer loop
      vertex 6.37511 1.70821 11
      vertex 7.16497 0.935567 11
      vertex 7.0828 0.946384 11
    endloop
  endfacet
  facet normal 0 0 -1
    outer loop
      vertex 5.71577 3.3 11
      vertex 8.66025 5 11
      vertex 5.98163 2.78928 11
    endloop
  endfacet
  facet normal 0 0 -1
    outer loop
      vertex 6.37511 1.70821 11
      vertex 7.0828 0.946384 11
      vertex 7 0.95 11
    endloop
  endfacet
  facet normal 0 0 -1
    outer loop
      vertex 6.49973 1.14608 11
      vertex 7 0.95 11
      vertex 6.9172 0.946384 11
    endloop
  endfacet
  facet normal 0 0 -1
    outer loop
      vertex 6.49973 1.14608 11
      vertex 6.9172 0.946384 11
      vertex 6.83503 0.935567 11
    endloop
  endfacet
  facet normal 0 0 -1
    outer loop
      vertex 6.49973 1.14608 11
      vertex 6.83503 0.935567 11
      vertex 6.75412 0.917629 11
    endloop
  endfacet
  facet normal 0 0 -1
    outer loop
      vertex 6.49973 1.14608 11
      vertex 6.75412 0.917629 11
      vertex 6.67508 0.892708 11
    endloop
  endfacet
  facet normal 0 0 -1
    outer loop
      vertex 6.49973 1.14608 11
      vertex 6.67508 0.892708 11
      vertex 6.59851 0.860991 11
    endloop
  endfacet
  facet normal 0 0 -1
    outer loop
      vertex 6.49973 1.14608 11
      vertex 6.59851 0.860991 11
      vertex 6.54119 0.831152 11
    endloop
  endfacet
  facet normal 0 0 -1
    outer loop
      vertex 7 0.95 11
      vertex 6.49973 1.14608 11
      vertex 6.37511 1.70821 11
    endloop
  endfacet
  facet normal 0 0 -1
    outer loop
      vertex 7.32492 0.892708 11
      vertex 6.37511 1.70821 11
      vertex 6.20197 2.25733 11
    endloop
  endfacet
  facet normal -0 0 -1
    outer loop
      vertex 8.66025 5 11
      vertex 5.71577 3.3 11
      vertex 8.19152 5.73576 11
    endloop
  endfacet
  facet normal 0 0 -1
    outer loop
      vertex 5.4064 3.7856 11
      vertex 8.19152 5.73576 11
      vertex 5.71577 3.3 11
    endloop
  endfacet
  facet normal -0 0 -1
    outer loop
      vertex 8.19152 5.73576 11
      vertex 5.4064 3.7856 11
      vertex 7.66044 6.42788 11
    endloop
  endfacet
  facet normal 0 0 -1
    outer loop
      vertex 5.05589 4.2424 11
      vertex 7.66044 6.42788 11
      vertex 5.4064 3.7856 11
    endloop
  endfacet
  facet normal -0 0 -1
    outer loop
      vertex 7.66044 6.42788 11
      vertex 5.05589 4.2424 11
      vertex 7.07107 7.07107 11
    endloop
  endfacet
  facet normal 0 0 -1
    outer loop
      vertex 4.6669 4.6669 11
      vertex 7.07107 7.07107 11
      vertex 5.05589 4.2424 11
    endloop
  endfacet
  facet normal -0 0 -1
    outer loop
      vertex 7.07107 7.07107 11
      vertex 4.6669 4.6669 11
      vertex 6.42788 7.66044 11
    endloop
  endfacet
  facet normal 0 0 -1
    outer loop
      vertex 4.2424 5.05589 11
      vertex 6.42788 7.66044 11
      vertex 4.6669 4.6669 11
    endloop
  endfacet
  facet normal -0 0 -1
    outer loop
      vertex 6.42788 7.66044 11
      vertex 4.2424 5.05589 11
      vertex 5.73576 8.19152 11
    endloop
  endfacet
  facet normal 0 0 -1
    outer loop
      vertex 3.7856 5.4064 11
      vertex 5.73576 8.19152 11
      vertex 4.2424 5.05589 11
    endloop
  endfacet
  facet normal -0 0 -1
    outer loop
      vertex 5.73576 8.19152 11
      vertex 3.7856 5.4064 11
      vertex 5 8.66025 11
    endloop
  endfacet
  facet normal 0 0 -1
    outer loop
      vertex 3.3 5.71577 11
      vertex 5 8.66025 11
      vertex 3.7856 5.4064 11
    endloop
  endfacet
  facet normal -0 0 -1
    outer loop
      vertex 5 8.66025 11
      vertex 3.3 5.71577 11
      vertex 4.22618 9.06308 11
    endloop
  endfacet
  facet normal 0 0 -1
    outer loop
      vertex 2.78928 5.98163 11
      vertex 4.22618 9.06308 11
      vertex 3.3 5.71577 11
    endloop
  endfacet
  facet normal -0 0 -1
    outer loop
      vertex 4.22618 9.06308 11
      vertex 2.78928 5.98163 11
      vertex 3.4202 9.39693 11
    endloop
  endfacet
  facet normal 0 0 -1
    outer loop
      vertex 2.25733 6.20197 11
      vertex 3.4202 9.39693 11
      vertex 2.78928 5.98163 11
    endloop
  endfacet
  facet normal 0 0 -1
    outer loop
      vertex 0.892708 7.32492 11
      vertex 3.4202 9.39693 11
      vertex 2.25733 6.20197 11
    endloop
  endfacet
  facet normal -0 0 -1
    outer loop
      vertex 3.4202 9.39693 11
      vertex 0.892708 7.32492 11
      vertex 2.58819 9.65926 11
    endloop
  endfacet
  facet normal 0 0 -1
    outer loop
      vertex 0.892708 7.32492 11
      vertex 2.25733 6.20197 11
      vertex 1.70821 6.37511 11
    endloop
  endfacet
  facet normal 0 0 -1
    outer loop
      vertex 0.95 7 11
      vertex 1.70821 6.37511 11
      vertex 1.14608 6.49973 11
    endloop
  endfacet
  facet normal 0 0 -1
    outer loop
      vertex 1.70821 6.37511 11
      vertex 0.95 7 11
      vertex 0.946384 7.0828 11
    endloop
  endfacet
  facet normal 0 0 -1
    outer loop
      vertex 1.70821 6.37511 11
      vertex 0.946384 7.0828 11
      vertex 0.935567 7.16497 11
    endloop
  endfacet
  facet normal 0 0 -1
    outer loop
      vertex 0.917629 7.24588 11
      vertex 1.70821 6.37511 11
      vertex 0.935567 7.16497 11
    endloop
  endfacet
  facet normal 0 0 -1
    outer loop
      vertex 0.892708 7.32492 11
      vertex 1.70821 6.37511 11
      vertex 0.917629 7.24588 11
    endloop
  endfacet
  facet normal 0 0 -1
    outer loop
      vertex 0.860991 7.40149 11
      vertex 2.58819 9.65926 11
      vertex 0.892708 7.32492 11
    endloop
  endfacet
  facet normal 0 0 -1
    outer loop
      vertex 0.822723 7.475 11
      vertex 2.58819 9.65926 11
      vertex 0.860991 7.40149 11
    endloop
  endfacet
  facet normal 0 0 -1
    outer loop
      vertex 0.778194 7.5449 11
      vertex 2.58819 9.65926 11
      vertex 0.822723 7.475 11
    endloop
  endfacet
  facet normal -0 0 -1
    outer loop
      vertex 2.58819 9.65926 11
      vertex 0.778194 7.5449 11
      vertex 1.73648 9.84808 11
    endloop
  endfacet
  facet normal 0 0 -1
    outer loop
      vertex 0.727742 7.61065 11
      vertex 1.73648 9.84808 11
      vertex 0.778194 7.5449 11
    endloop
  endfacet
  facet normal 0 0 -1
    outer loop
      vertex 0.671751 7.67175 11
      vertex 1.73648 9.84808 11
      vertex 0.727742 7.61065 11
    endloop
  endfacet
  facet normal 0 0 -1
    outer loop
      vertex 0.610648 7.72774 11
      vertex 1.73648 9.84808 11
      vertex 0.671751 7.67175 11
    endloop
  endfacet
  facet normal 0 0 -1
    outer loop
      vertex 0.544897 7.77819 11
      vertex 1.73648 9.84808 11
      vertex 0.610648 7.72774 11
    endloop
  endfacet
  facet normal -0 0 -1
    outer loop
      vertex 1.73648 9.84808 11
      vertex 0.544897 7.77819 11
      vertex 0.871557 9.96195 11
    endloop
  endfacet
  facet normal 0 0 -1
    outer loop
      vertex 0.474999 7.82272 11
      vertex 0.871557 9.96195 11
      vertex 0.544897 7.77819 11
    endloop
  endfacet
  facet normal 0 0 -1
    outer loop
      vertex 0.401486 7.86099 11
      vertex 0.871557 9.96195 11
      vertex 0.474999 7.82272 11
    endloop
  endfacet
  facet normal 0 0 -1
    outer loop
      vertex 0.324919 7.89271 11
      vertex 0.871557 9.96195 11
      vertex 0.401486 7.86099 11
    endloop
  endfacet
  facet normal 0 0 -1
    outer loop
      vertex 0.245877 7.91763 11
      vertex 0.871557 9.96195 11
      vertex 0.324919 7.89271 11
    endloop
  endfacet
  facet normal 0 0 -1
    outer loop
      vertex 0.164966 7.93557 11
      vertex 0.871557 9.96195 11
      vertex 0.245877 7.91763 11
    endloop
  endfacet
  facet normal 0 0 -1
    outer loop
      vertex 0 10 11
      vertex 0.164966 7.93557 11
      vertex 0.0827971 7.94638 11
    endloop
  endfacet
  facet normal 0 0 -1
    outer loop
      vertex 0 10 11
      vertex 0.0827971 7.94638 11
      vertex 0 7.95 11
    endloop
  endfacet
  facet normal 0 0 -1
    outer loop
      vertex 0.164966 7.93557 11
      vertex 0 10 11
      vertex 0.871557 9.96195 11
    endloop
  endfacet
  facet normal 0 0 -1
    outer loop
      vertex -0.0827971 7.94638 11
      vertex 0 10 11
      vertex 0 7.95 11
    endloop
  endfacet
  facet normal 0 0 -1
    outer loop
      vertex -0.164966 7.93557 11
      vertex 0 10 11
      vertex -0.0827971 7.94638 11
    endloop
  endfacet
  facet normal 0 0 -1
    outer loop
      vertex -0.871557 9.96195 11
      vertex -0.164966 7.93557 11
      vertex -0.245877 7.91763 11
    endloop
  endfacet
  facet normal 0 0 -1
    outer loop
      vertex -0.871557 9.96195 11
      vertex -0.245877 7.91763 11
      vertex -0.324919 7.89271 11
    endloop
  endfacet
  facet normal 0 0 -1
    outer loop
      vertex -0.871557 9.96195 11
      vertex -0.324919 7.89271 11
      vertex -0.401486 7.86099 11
    endloop
  endfacet
  facet normal 0 0 -1
    outer loop
      vertex -0.871557 9.96195 11
      vertex -0.401486 7.86099 11
      vertex -0.474999 7.82272 11
    endloop
  endfacet
  facet normal 0 0 -1
    outer loop
      vertex -0.871557 9.96195 11
      vertex -0.474999 7.82272 11
      vertex -0.544897 7.77819 11
    endloop
  endfacet
  facet normal 0 0 -1
    outer loop
      vertex -1.73648 9.84808 11
      vertex -0.544897 7.77819 11
      vertex -0.610648 7.72774 11
    endloop
  endfacet
  facet normal 0 0 -1
    outer loop
      vertex -1.73648 9.84808 11
      vertex -0.610648 7.72774 11
      vertex -0.671751 7.67175 11
    endloop
  endfacet
  facet normal 0 0 -1
    outer loop
      vertex -1.73648 9.84808 11
      vertex -0.671751 7.67175 11
      vertex -0.727742 7.61065 11
    endloop
  endfacet
  facet normal 0 0 -1
    outer loop
      vertex -1.73648 9.84808 11
      vertex -0.727742 7.61065 11
      vertex -0.778194 7.5449 11
    endloop
  endfacet
  facet normal 0 0 -1
    outer loop
      vertex -2.58819 9.65926 11
      vertex -0.778194 7.5449 11
      vertex -0.822723 7.475 11
    endloop
  endfacet
  facet normal 0 0 -1
    outer loop
      vertex -2.58819 9.65926 11
      vertex -0.822723 7.475 11
      vertex -0.860991 7.40149 11
    endloop
  endfacet
  facet normal 0 0 -1
    outer loop
      vertex -0.164966 7.93557 11
      vertex -0.871557 9.96195 11
      vertex 0 10 11
    endloop
  endfacet
  facet normal 0 0 -1
    outer loop
      vertex -2.58819 9.65926 11
      vertex -0.860991 7.40149 11
      vertex -0.892708 7.32492 11
    endloop
  endfacet
  facet normal 0 0 -1
    outer loop
      vertex -1.70821 6.37511 11
      vertex -0.892708 7.32492 11
      vertex -0.917629 7.24588 11
    endloop
  endfacet
  facet normal 0 0 -1
    outer loop
      vertex -1.70821 6.37511 11
      vertex -0.917629 7.24588 11
      vertex -0.935567 7.16497 11
    endloop
  endfacet
  facet normal 0 0 -1
    outer loop
      vertex -1.70821 6.37511 11
      vertex -0.935567 7.16497 11
      vertex -0.946384 7.0828 11
    endloop
  endfacet
  facet normal 0 0 -1
    outer loop
      vertex -1.70821 6.37511 11
      vertex -0.946384 7.0828 11
      vertex -0.95 7 11
    endloop
  endfacet
  facet normal 0 0 -1
    outer loop
      vertex -1.70821 6.37511 11
      vertex -0.95 7 11
      vertex -1.14608 6.49973 11
    endloop
  endfacet
  facet normal 0 0 -1
    outer loop
      vertex -0.892708 7.32492 11
      vertex -1.70821 6.37511 11
      vertex -2.25733 6.20197 11
    endloop
  endfacet
  facet normal 0 0 -1
    outer loop
      vertex -0.544897 7.77819 11
      vertex -1.73648 9.84808 11
      vertex -0.871557 9.96195 11
    endloop
  endfacet
  facet normal -0 0 -1
    outer loop
      vertex -0.892708 7.32492 11
      vertex -2.25733 6.20197 11
      vertex -3.4202 9.39693 11
    endloop
  endfacet
  facet normal 0 0 -1
    outer loop
      vertex -0.778194 7.5449 11
      vertex -2.58819 9.65926 11
      vertex -1.73648 9.84808 11
    endloop
  endfacet
  facet normal 0 0 -1
    outer loop
      vertex -3.4202 9.39693 11
      vertex -2.25733 6.20197 11
      vertex -2.78928 5.98163 11
    endloop
  endfacet
  facet normal 0 0 -1
    outer loop
      vertex -4.22618 9.06308 11
      vertex -2.78928 5.98163 11
      vertex -3.3 5.71577 11
    endloop
  endfacet
  facet normal 0 0 -1
    outer loop
      vertex -0.892708 7.32492 11
      vertex -3.4202 9.39693 11
      vertex -2.58819 9.65926 11
    endloop
  endfacet
  facet normal 0 0 -1
    outer loop
      vertex -5 8.66025 11
      vertex -3.3 5.71577 11
      vertex -3.7856 5.4064 11
    endloop
  endfacet
  facet normal 0 0 -1
    outer loop
      vertex -2.78928 5.98163 11
      vertex -4.22618 9.06308 11
      vertex -3.4202 9.39693 11
    endloop
  endfacet
  facet normal 0 0 -1
    outer loop
      vertex -5.73576 8.19152 11
      vertex -3.7856 5.4064 11
      vertex -4.2424 5.05589 11
    endloop
  endfacet
  facet normal 0 0 -1
    outer loop
      vertex -6.42788 7.66044 11
      vertex -4.2424 5.05589 11
      vertex -4.6669 4.6669 11
    endloop
  endfacet
  facet normal 0 0 -1
    outer loop
      vertex -3.3 5.71577 11
      vertex -5 8.66025 11
      vertex -4.22618 9.06308 11
    endloop
  endfacet
  facet normal 0 0 -1
    outer loop
      vertex -7.07107 7.07107 11
      vertex -4.6669 4.6669 11
      vertex -5.05589 4.2424 11
    endloop
  endfacet
  facet normal 0 0 -1
    outer loop
      vertex -7.66044 6.42788 11
      vertex -5.05589 4.2424 11
      vertex -5.4064 3.7856 11
    endloop
  endfacet
  facet normal 0 0 -1
    outer loop
      vertex -8.19152 5.73576 11
      vertex -5.4064 3.7856 11
      vertex -5.71577 3.3 11
    endloop
  endfacet
  facet normal 0 0 -1
    outer loop
      vertex -3.7856 5.4064 11
      vertex -5.73576 8.19152 11
      vertex -5 8.66025 11
    endloop
  endfacet
  facet normal 0 0 -1
    outer loop
      vertex -8.66025 5 11
      vertex -5.71577 3.3 11
      vertex -5.98163 2.78928 11
    endloop
  endfacet
  facet normal 0 0 -1
    outer loop
      vertex -9.06308 4.22618 11
      vertex -5.98163 2.78928 11
      vertex -6.20197 2.25733 11
    endloop
  endfacet
  facet normal 0 0 -1
    outer loop
      vertex -7.32492 0.892708 11
      vertex -6.20197 2.25733 11
      vertex -6.37511 1.70821 11
    endloop
  endfacet
  facet normal 0 0 -1
    outer loop
      vertex -4.2424 5.05589 11
      vertex -6.42788 7.66044 11
      vertex -5.73576 8.19152 11
    endloop
  endfacet
  facet normal 0 0 -1
    outer loop
      vertex -7 0.95 11
      vertex -6.37511 1.70821 11
      vertex -6.49973 1.14608 11
    endloop
  endfacet
  facet normal 0 0 -1
    outer loop
      vertex -6.59851 0.860991 11
      vertex -6.49973 1.14608 11
      vertex -6.54119 0.831152 11
    endloop
  endfacet
  facet normal 0 0 -1
    outer loop
      vertex -6.67508 0.892708 11
      vertex -6.49973 1.14608 11
      vertex -6.59851 0.860991 11
    endloop
  endfacet
  facet normal 0 0 -1
    outer loop
      vertex -6.75412 0.917629 11
      vertex -6.49973 1.14608 11
      vertex -6.67508 0.892708 11
    endloop
  endfacet
  facet normal 0 0 -1
    outer loop
      vertex -6.83503 0.935567 11
      vertex -6.49973 1.14608 11
      vertex -6.75412 0.917629 11
    endloop
  endfacet
  facet normal 0 0 -1
    outer loop
      vertex -6.9172 0.946384 11
      vertex -6.49973 1.14608 11
      vertex -6.83503 0.935567 11
    endloop
  endfacet
  facet normal 0 0 -1
    outer loop
      vertex -7 0.95 11
      vertex -6.49973 1.14608 11
      vertex -6.9172 0.946384 11
    endloop
  endfacet
  facet normal 0 0 -1
    outer loop
      vertex -6.37511 1.70821 11
      vertex -7 0.95 11
      vertex -7.0828 0.946384 11
    endloop
  endfacet
  facet normal 0 0 -1
    outer loop
      vertex -4.6669 4.6669 11
      vertex -7.07107 7.07107 11
      vertex -6.42788 7.66044 11
    endloop
  endfacet
  facet normal 0 0 -1
    outer loop
      vertex -6.37511 1.70821 11
      vertex -7.0828 0.946384 11
      vertex -7.16497 0.935567 11
    endloop
  endfacet
  facet normal 0 0 -1
    outer loop
      vertex -7.24588 0.917629 11
      vertex -6.37511 1.70821 11
      vertex -7.16497 0.935567 11
    endloop
  endfacet
  facet normal 0 0 -1
    outer loop
      vertex -7.32492 0.892708 11
      vertex -6.37511 1.70821 11
      vertex -7.24588 0.917629 11
    endloop
  endfacet
  facet normal -0 0 -1
    outer loop
      vertex -6.20197 2.25733 11
      vertex -7.32492 0.892708 11
      vertex -9.39693 3.4202 11
    endloop
  endfacet
  facet normal 0 0 -1
    outer loop
      vertex -9.65926 2.58819 11
      vertex -7.32492 0.892708 11
      vertex -7.40149 0.860991 11
    endloop
  endfacet
  facet normal 0 0 -1
    outer loop
      vertex -9.65926 2.58819 11
      vertex -7.40149 0.860991 11
      vertex -7.475 0.822723 11
    endloop
  endfacet
  facet normal 0 0 -1
    outer loop
      vertex -9.65926 2.58819 11
      vertex -7.475 0.822723 11
      vertex -7.5449 0.778194 11
    endloop
  endfacet
  facet normal 0 0 -1
    outer loop
      vertex -9.65926 2.58819 11
      vertex -7.5449 0.778194 11
      vertex -7.61065 0.727742 11
    endloop
  endfacet
  facet normal 0 0 -1
    outer loop
      vertex -5.05589 4.2424 11
      vertex -7.66044 6.42788 11
      vertex -7.07107 7.07107 11
    endloop
  endfacet
  facet normal 0 0 -1
    outer loop
      vertex -9.84808 1.73648 11
      vertex -7.61065 0.727742 11
      vertex -7.67175 0.671751 11
    endloop
  endfacet
  facet normal 0 0 -1
    outer loop
      vertex -9.84808 1.73648 11
      vertex -7.67175 0.671751 11
      vertex -7.72774 0.610648 11
    endloop
  endfacet
  facet normal 0 0 -1
    outer loop
      vertex -9.84808 1.73648 11
      vertex -7.72774 0.610648 11
      vertex -7.77819 0.544897 11
    endloop
  endfacet
  facet normal 0 0 -1
    outer loop
      vertex -9.84808 1.73648 11
      vertex -7.77819 0.544897 11
      vertex -7.82272 0.474999 11
    endloop
  endfacet
  facet normal 0 0 -1
    outer loop
      vertex -9.96195 0.871557 11
      vertex -7.82272 0.474999 11
      vertex -7.86099 0.401486 11
    endloop
  endfacet
  facet normal 0 0 -1
    outer loop
      vertex -9.96195 0.871557 11
      vertex -7.86099 0.401486 11
      vertex -7.89271 0.324919 11
    endloop
  endfacet
  facet normal 0 0 -1
    outer loop
      vertex -9.96195 0.871557 11
      vertex -7.89271 0.324919 11
      vertex -7.91763 0.245877 11
    endloop
  endfacet
  facet normal 0 0 -1
    outer loop
      vertex -9.96195 0.871557 11
      vertex -7.91763 0.245877 11
      vertex -7.93557 0.164966 11
    endloop
  endfacet
  facet normal 0 0 -1
    outer loop
      vertex -10 0 11
      vertex -7.93557 0.164966 11
      vertex -7.94638 0.0827971 11
    endloop
  endfacet
  facet normal 0 0 -1
    outer loop
      vertex -5.4064 3.7856 11
      vertex -8.19152 5.73576 11
      vertex -7.66044 6.42788 11
    endloop
  endfacet
  facet normal 0 0 -1
    outer loop
      vertex -10 0 11
      vertex -7.94638 0.0827971 11
      vertex -7.95 0 11
    endloop
  endfacet
  facet normal -0 0 -1
    outer loop
      vertex -7.82272 -0.474999 11
      vertex -9.96195 -0.871557 11
      vertex -7.86099 -0.401486 11
    endloop
  endfacet
  facet normal -0 0 -1
    outer loop
      vertex -7.86099 -0.401486 11
      vertex -9.96195 -0.871557 11
      vertex -7.89271 -0.324919 11
    endloop
  endfacet
  facet normal 0 0 -1
    outer loop
      vertex -5.71577 3.3 11
      vertex -8.66025 5 11
      vertex -8.19152 5.73576 11
    endloop
  endfacet
  facet normal -0 0 -1
    outer loop
      vertex -7.89271 -0.324919 11
      vertex -9.96195 -0.871557 11
      vertex -7.91763 -0.245877 11
    endloop
  endfacet
  facet normal 0 0 -1
    outer loop
      vertex -5.98163 2.78928 11
      vertex -9.06308 4.22618 11
      vertex -8.66025 5 11
    endloop
  endfacet
  facet normal -0 0 -1
    outer loop
      vertex -7.91763 -0.245877 11
      vertex -9.96195 -0.871557 11
      vertex -7.93557 -0.164966 11
    endloop
  endfacet
  facet normal 0 0 -1
    outer loop
      vertex -6.20197 2.25733 11
      vertex -9.39693 3.4202 11
      vertex -9.06308 4.22618 11
    endloop
  endfacet
  facet normal 0 0 -1
    outer loop
      vertex -10 0 11
      vertex -7.93557 -0.164966 11
      vertex -9.96195 -0.871557 11
    endloop
  endfacet
  facet normal 0 0 -1
    outer loop
      vertex -7.32492 0.892708 11
      vertex -9.65926 2.58819 11
      vertex -9.39693 3.4202 11
    endloop
  endfacet
  facet normal 0 0 -1
    outer loop
      vertex -7.93557 -0.164966 11
      vertex -10 0 11
      vertex -7.94638 -0.0827971 11
    endloop
  endfacet
  facet normal 0 0 -1
    outer loop
      vertex -7.61065 0.727742 11
      vertex -9.84808 1.73648 11
      vertex -9.65926 2.58819 11
    endloop
  endfacet
  facet normal 0 0 -1
    outer loop
      vertex -7.94638 -0.0827971 11
      vertex -10 0 11
      vertex -7.95 0 11
    endloop
  endfacet
  facet normal 0 0 -1
    outer loop
      vertex -7.82272 0.474999 11
      vertex -9.96195 0.871557 11
      vertex -9.84808 1.73648 11
    endloop
  endfacet
  facet normal -0 0 -1
    outer loop
      vertex -7.93557 0.164966 11
      vertex -10 0 11
      vertex -9.96195 0.871557 11
    endloop
  endfacet
  facet normal 0 0 -1
    outer loop
      vertex 0.946384 -6.9172 11
      vertex 1.14608 -6.49973 11
      vertex 0.95 -7 11
    endloop
  endfacet
  facet normal 0 0 -1
    outer loop
      vertex 0.935567 -6.83503 11
      vertex 1.14608 -6.49973 11
      vertex 0.946384 -6.9172 11
    endloop
  endfacet
  facet normal 0 0 -1
    outer loop
      vertex 0.917629 -6.75412 11
      vertex 1.14608 -6.49973 11
      vertex 0.935567 -6.83503 11
    endloop
  endfacet
  facet normal 0 0 -1
    outer loop
      vertex 0.892708 -6.67508 11
      vertex 1.14608 -6.49973 11
      vertex 0.917629 -6.75412 11
    endloop
  endfacet
  facet normal 0 0 -1
    outer loop
      vertex 0.860991 -6.59851 11
      vertex 1.14608 -6.49973 11
      vertex 0.892708 -6.67508 11
    endloop
  endfacet
  facet normal 0 0 -1
    outer loop
      vertex 1.14608 -6.49973 11
      vertex 0.860991 -6.59851 11
      vertex 0.831152 -6.54119 11
    endloop
  endfacet
  facet normal 0 0 -1
    outer loop
      vertex -0.860991 -6.59851 11
      vertex -1.14608 -6.49973 11
      vertex -0.831152 -6.54119 11
    endloop
  endfacet
  facet normal 0 0 -1
    outer loop
      vertex -0.892708 -6.67508 11
      vertex -1.14608 -6.49973 11
      vertex -0.860991 -6.59851 11
    endloop
  endfacet
  facet normal 0 0 -1
    outer loop
      vertex -0.917629 -6.75412 11
      vertex -1.14608 -6.49973 11
      vertex -0.892708 -6.67508 11
    endloop
  endfacet
  facet normal 0 0 -1
    outer loop
      vertex -0.935567 -6.83503 11
      vertex -1.14608 -6.49973 11
      vertex -0.917629 -6.75412 11
    endloop
  endfacet
  facet normal 0 0 -1
    outer loop
      vertex -0.946384 -6.9172 11
      vertex -1.14608 -6.49973 11
      vertex -0.935567 -6.83503 11
    endloop
  endfacet
  facet normal 0 0 -1
    outer loop
      vertex -1.14608 -6.49973 11
      vertex -0.946384 -6.9172 11
      vertex -0.95 -7 11
    endloop
  endfacet
  facet normal -0.0436146 0.999048 0
    outer loop
      vertex 0 4.1 0
      vertex -0.357338 4.0844 10.2
      vertex 0 4.1 10.2
    endloop
  endfacet
  facet normal -0.0436146 0.999048 0
    outer loop
      vertex -0.357338 4.0844 10.2
      vertex 0 4.1 0
      vertex -0.357338 4.0844 0
    endloop
  endfacet
  facet normal 0.999048 -0.0436146 0
    outer loop
      vertex 4.0844 -0.357338 10.2
      vertex 4.1 0 0
      vertex 4.1 0 10.2
    endloop
  endfacet
  facet normal 0.999048 -0.0436146 0
    outer loop
      vertex 4.1 0 0
      vertex 4.0844 -0.357338 10.2
      vertex 4.0844 -0.357338 0
    endloop
  endfacet
  facet normal 0.0436146 -0.999048 0
    outer loop
      vertex 0 -4.1 0
      vertex 0.357338 -4.0844 10.2
      vertex 0 -4.1 10.2
    endloop
  endfacet
  facet normal 0.0436146 -0.999048 0
    outer loop
      vertex 0.357338 -4.0844 10.2
      vertex 0 -4.1 0
      vertex 0.357338 -4.0844 0
    endloop
  endfacet
  facet normal 0.216422 -0.9763 0
    outer loop
      vertex 0.711957 -4.03771 0
      vertex 1.06116 -3.9603 10.2
      vertex 0.711957 -4.03771 10.2
    endloop
  endfacet
  facet normal 0.216422 -0.9763 0
    outer loop
      vertex 1.06116 -3.9603 10.2
      vertex 0.711957 -4.03771 0
      vertex 1.06116 -3.9603 0
    endloop
  endfacet
  facet normal 0.382691 -0.923876 0
    outer loop
      vertex 1.40228 -3.85274 0
      vertex 1.73273 -3.71586 10.2
      vertex 1.40228 -3.85274 10.2
    endloop
  endfacet
  facet normal 0.382691 -0.923876 0
    outer loop
      vertex 1.73273 -3.71586 10.2
      vertex 1.40228 -3.85274 0
      vertex 1.73273 -3.71586 0
    endloop
  endfacet
  facet normal 0.675582 -0.737285 0
    outer loop
      vertex 2.63543 -3.14078 0
      vertex 2.89914 -2.89914 10.2
      vertex 2.63543 -3.14078 10.2
    endloop
  endfacet
  facet normal 0.675582 -0.737285 0
    outer loop
      vertex 2.89914 -2.89914 10.2
      vertex 2.63543 -3.14078 0
      vertex 2.89914 -2.89914 0
    endloop
  endfacet
  facet normal 0.537302 -0.84339 0
    outer loop
      vertex 2.05 -3.5507 0
      vertex 2.35166 -3.35852 10.2
      vertex 2.05 -3.5507 10.2
    endloop
  endfacet
  facet normal 0.537302 -0.84339 0
    outer loop
      vertex 2.35166 -3.35852 10.2
      vertex 2.05 -3.5507 0
      vertex 2.35166 -3.35852 0
    endloop
  endfacet
  facet normal 0.793359 -0.608754 0
    outer loop
      vertex 3.14078 -2.63543 10.2
      vertex 3.35852 -2.35166 0
      vertex 3.35852 -2.35166 10.2
    endloop
  endfacet
  facet normal 0.793359 -0.608754 0
    outer loop
      vertex 3.35852 -2.35166 0
      vertex 3.14078 -2.63543 10.2
      vertex 3.14078 -2.63543 0
    endloop
  endfacet
  facet normal 0.887011 -0.461748 0
    outer loop
      vertex 3.5507 -2.05 10.2
      vertex 3.71586 -1.73273 0
      vertex 3.71586 -1.73273 10.2
    endloop
  endfacet
  facet normal 0.887011 -0.461748 0
    outer loop
      vertex 3.71586 -1.73273 0
      vertex 3.5507 -2.05 10.2
      vertex 3.5507 -2.05 0
    endloop
  endfacet
  facet normal 0.9763 -0.216422 0
    outer loop
      vertex 3.9603 -1.06116 10.2
      vertex 4.03771 -0.711957 0
      vertex 4.03771 -0.711957 10.2
    endloop
  endfacet
  facet normal 0.9763 -0.216422 0
    outer loop
      vertex 4.03771 -0.711957 0
      vertex 3.9603 -1.06116 10.2
      vertex 3.9603 -1.06116 0
    endloop
  endfacet
  facet normal -0.608754 -0.793359 0
    outer loop
      vertex -2.63543 -3.14078 0
      vertex -2.35166 -3.35852 10.2
      vertex -2.63543 -3.14078 10.2
    endloop
  endfacet
  facet normal -0.608754 -0.793359 -0
    outer loop
      vertex -2.35166 -3.35852 10.2
      vertex -2.63543 -3.14078 0
      vertex -2.35166 -3.35852 0
    endloop
  endfacet
  facet normal -0.461748 -0.887011 0
    outer loop
      vertex -2.05 -3.5507 0
      vertex -1.73273 -3.71586 10.2
      vertex -2.05 -3.5507 10.2
    endloop
  endfacet
  facet normal -0.461748 -0.887011 -0
    outer loop
      vertex -1.73273 -3.71586 10.2
      vertex -2.05 -3.5507 0
      vertex -1.73273 -3.71586 0
    endloop
  endfacet
  facet normal -0.300719 -0.953713 0
    outer loop
      vertex -1.40228 -3.85274 0
      vertex -1.06116 -3.9603 10.2
      vertex -1.40228 -3.85274 10.2
    endloop
  endfacet
  facet normal -0.300719 -0.953713 -0
    outer loop
      vertex -1.06116 -3.9603 10.2
      vertex -1.40228 -3.85274 0
      vertex -1.06116 -3.9603 0
    endloop
  endfacet
  facet normal -0.130536 -0.991444 0
    outer loop
      vertex -0.711957 -4.03771 0
      vertex -0.357338 -4.0844 10.2
      vertex -0.711957 -4.03771 10.2
    endloop
  endfacet
  facet normal -0.130536 -0.991444 -0
    outer loop
      vertex -0.357338 -4.0844 10.2
      vertex -0.711957 -4.03771 0
      vertex -0.357338 -4.0844 0
    endloop
  endfacet
  facet normal -0.9763 -0.216422 0
    outer loop
      vertex -3.9603 -1.06116 0
      vertex -4.03771 -0.711957 10.2
      vertex -4.03771 -0.711957 0
    endloop
  endfacet
  facet normal -0.9763 -0.216422 0
    outer loop
      vertex -4.03771 -0.711957 10.2
      vertex -3.9603 -1.06116 0
      vertex -3.9603 -1.06116 10.2
    endloop
  endfacet
  facet normal -0.999048 -0.0436146 0
    outer loop
      vertex -4.0844 -0.357338 0
      vertex -4.1 0 10.2
      vertex -4.1 0 0
    endloop
  endfacet
  facet normal -0.999048 -0.0436146 0
    outer loop
      vertex -4.1 0 10.2
      vertex -4.0844 -0.357338 0
      vertex -4.0844 -0.357338 10.2
    endloop
  endfacet
  facet normal 0.130536 -0.991444 0
    outer loop
      vertex 0.357338 -4.0844 0
      vertex 0.711957 -4.03771 10.2
      vertex 0.357338 -4.0844 10.2
    endloop
  endfacet
  facet normal 0.130536 -0.991444 0
    outer loop
      vertex 0.711957 -4.03771 10.2
      vertex 0.357338 -4.0844 0
      vertex 0.711957 -4.03771 0
    endloop
  endfacet
  facet normal 0.923876 -0.382691 0
    outer loop
      vertex 3.71586 -1.73273 10.2
      vertex 3.85274 -1.40228 0
      vertex 3.85274 -1.40228 10.2
    endloop
  endfacet
  facet normal 0.923876 -0.382691 0
    outer loop
      vertex 3.85274 -1.40228 0
      vertex 3.71586 -1.73273 10.2
      vertex 3.71586 -1.73273 0
    endloop
  endfacet
  facet normal -0.991444 -0.130536 0
    outer loop
      vertex -4.03771 -0.711957 0
      vertex -4.0844 -0.357338 10.2
      vertex -4.0844 -0.357338 0
    endloop
  endfacet
  facet normal -0.991444 -0.130536 0
    outer loop
      vertex -4.0844 -0.357338 10.2
      vertex -4.03771 -0.711957 0
      vertex -4.03771 -0.711957 10.2
    endloop
  endfacet
  facet normal 0.999048 0.043616 0
    outer loop
      vertex 10 0 14.5
      vertex 9.96195 0.871557 11
      vertex 9.96195 0.871557 14.5
    endloop
  endfacet
  facet normal 0.999048 0.043616 0
    outer loop
      vertex 9.96195 0.871557 11
      vertex 10 0 14.5
      vertex 10 0 11
    endloop
  endfacet
  facet normal -0.999048 0.043616 0
    outer loop
      vertex -10 0 11
      vertex -9.96195 0.871557 14.5
      vertex -9.96195 0.871557 11
    endloop
  endfacet
  facet normal -0.999048 0.043616 0
    outer loop
      vertex -9.96195 0.871557 14.5
      vertex -10 0 11
      vertex -10 0 14.5
    endloop
  endfacet
  facet normal 0.043616 0.999048 -0
    outer loop
      vertex 0.871557 9.96195 11
      vertex 0 10 14.5
      vertex 0.871557 9.96195 14.5
    endloop
  endfacet
  facet normal 0.043616 0.999048 0
    outer loop
      vertex 0 10 14.5
      vertex 0.871557 9.96195 11
      vertex 0 10 11
    endloop
  endfacet
  facet normal -0.043616 -0.999048 0
    outer loop
      vertex -0.871557 -9.96195 11
      vertex 0 -10 14.5
      vertex -0.871557 -9.96195 14.5
    endloop
  endfacet
  facet normal -0.043616 -0.999048 -0
    outer loop
      vertex 0 -10 14.5
      vertex -0.871557 -9.96195 11
      vertex 0 -10 11
    endloop
  endfacet
  facet normal 0.73728 0.675587 0
    outer loop
      vertex 7.66044 6.42788 14.5
      vertex 7.07107 7.07107 11
      vertex 7.07107 7.07107 14.5
    endloop
  endfacet
  facet normal 0.73728 0.675587 0
    outer loop
      vertex 7.07107 7.07107 11
      vertex 7.66044 6.42788 14.5
      vertex 7.66044 6.42788 11
    endloop
  endfacet
  facet normal -0.675587 0.73728 0
    outer loop
      vertex -6.42788 7.66044 11
      vertex -7.07107 7.07107 14.5
      vertex -6.42788 7.66044 14.5
    endloop
  endfacet
  facet normal -0.675587 0.73728 0
    outer loop
      vertex -7.07107 7.07107 14.5
      vertex -6.42788 7.66044 11
      vertex -7.07107 7.07107 11
    endloop
  endfacet
  facet normal -0.300704 0.953718 0
    outer loop
      vertex -2.58819 9.65926 11
      vertex -3.4202 9.39693 14.5
      vertex -2.58819 9.65926 14.5
    endloop
  endfacet
  facet normal -0.300704 0.953718 0
    outer loop
      vertex -3.4202 9.39693 14.5
      vertex -2.58819 9.65926 11
      vertex -3.4202 9.39693 11
    endloop
  endfacet
  facet normal 0.923879 0.382686 0
    outer loop
      vertex 9.39693 3.4202 14.5
      vertex 9.06308 4.22618 11
      vertex 9.06308 4.22618 14.5
    endloop
  endfacet
  facet normal 0.923879 0.382686 0
    outer loop
      vertex 9.06308 4.22618 11
      vertex 9.39693 3.4202 14.5
      vertex 9.39693 3.4202 11
    endloop
  endfacet
  facet normal 0.382686 0.923879 -0
    outer loop
      vertex 4.22618 9.06308 11
      vertex 3.4202 9.39693 14.5
      vertex 4.22618 9.06308 14.5
    endloop
  endfacet
  facet normal 0.382686 0.923879 0
    outer loop
      vertex 3.4202 9.39693 14.5
      vertex 4.22618 9.06308 11
      vertex 3.4202 9.39693 11
    endloop
  endfacet
  facet normal 0.537299 0.843392 -0
    outer loop
      vertex 5.73576 8.19152 11
      vertex 5 8.66025 14.5
      vertex 5.73576 8.19152 14.5
    endloop
  endfacet
  facet normal 0.537299 0.843392 0
    outer loop
      vertex 5 8.66025 14.5
      vertex 5.73576 8.19152 11
      vertex 5 8.66025 11
    endloop
  endfacet
  facet normal -0.923879 0.382686 0
    outer loop
      vertex -9.39693 3.4202 11
      vertex -9.06308 4.22618 14.5
      vertex -9.06308 4.22618 11
    endloop
  endfacet
  facet normal -0.923879 0.382686 0
    outer loop
      vertex -9.06308 4.22618 14.5
      vertex -9.39693 3.4202 11
      vertex -9.39693 3.4202 14.5
    endloop
  endfacet
  facet normal -0.130527 0.991445 0
    outer loop
      vertex -0.871557 9.96195 11
      vertex -1.73648 9.84808 14.5
      vertex -0.871557 9.96195 14.5
    endloop
  endfacet
  facet normal -0.130527 0.991445 0
    outer loop
      vertex -1.73648 9.84808 14.5
      vertex -0.871557 9.96195 11
      vertex -1.73648 9.84808 11
    endloop
  endfacet
  facet normal 0.923879 -0.382686 0
    outer loop
      vertex 9.06308 -4.22618 14.5
      vertex 9.39693 -3.4202 11
      vertex 9.39693 -3.4202 14.5
    endloop
  endfacet
  facet normal 0.923879 -0.382686 0
    outer loop
      vertex 9.39693 -3.4202 11
      vertex 9.06308 -4.22618 14.5
      vertex 9.06308 -4.22618 11
    endloop
  endfacet
  facet normal -0.73728 -0.675587 0
    outer loop
      vertex -7.07107 -7.07107 11
      vertex -7.66044 -6.42788 14.5
      vertex -7.66044 -6.42788 11
    endloop
  endfacet
  facet normal -0.73728 -0.675587 0
    outer loop
      vertex -7.66044 -6.42788 14.5
      vertex -7.07107 -7.07107 11
      vertex -7.07107 -7.07107 14.5
    endloop
  endfacet
  facet normal 0.976296 0.21644 0
    outer loop
      vertex 9.84808 1.73648 14.5
      vertex 9.65926 2.58819 11
      vertex 9.65926 2.58819 14.5
    endloop
  endfacet
  facet normal 0.976296 0.21644 0
    outer loop
      vertex 9.65926 2.58819 11
      vertex 9.84808 1.73648 14.5
      vertex 9.84808 1.73648 11
    endloop
  endfacet
  facet normal 0.991445 0.130527 0
    outer loop
      vertex 9.96195 0.871557 14.5
      vertex 9.84808 1.73648 11
      vertex 9.84808 1.73648 14.5
    endloop
  endfacet
  facet normal 0.991445 0.130527 0
    outer loop
      vertex 9.84808 1.73648 11
      vertex 9.96195 0.871557 14.5
      vertex 9.96195 0.871557 11
    endloop
  endfacet
  facet normal 0.953718 0.300704 0
    outer loop
      vertex 9.65926 2.58819 14.5
      vertex 9.39693 3.4202 11
      vertex 9.39693 3.4202 14.5
    endloop
  endfacet
  facet normal 0.953718 0.300704 0
    outer loop
      vertex 9.39693 3.4202 11
      vertex 9.65926 2.58819 14.5
      vertex 9.65926 2.58819 11
    endloop
  endfacet
  facet normal 0.843392 0.537299 0
    outer loop
      vertex 8.66025 5 14.5
      vertex 8.19152 5.73576 11
      vertex 8.19152 5.73576 14.5
    endloop
  endfacet
  facet normal 0.843392 0.537299 0
    outer loop
      vertex 8.19152 5.73576 11
      vertex 8.66025 5 14.5
      vertex 8.66025 5 11
    endloop
  endfacet
  facet normal 0.793355 0.60876 0
    outer loop
      vertex 8.19152 5.73576 14.5
      vertex 7.66044 6.42788 11
      vertex 7.66044 6.42788 14.5
    endloop
  endfacet
  facet normal 0.793355 0.60876 0
    outer loop
      vertex 7.66044 6.42788 11
      vertex 8.19152 5.73576 14.5
      vertex 8.19152 5.73576 11
    endloop
  endfacet
  facet normal 0.887009 0.461753 0
    outer loop
      vertex 9.06308 4.22618 14.5
      vertex 8.66025 5 11
      vertex 8.66025 5 14.5
    endloop
  endfacet
  facet normal 0.887009 0.461753 0
    outer loop
      vertex 8.66025 5 11
      vertex 9.06308 4.22618 14.5
      vertex 9.06308 4.22618 11
    endloop
  endfacet
  facet normal 0.21644 0.976296 -0
    outer loop
      vertex 2.58819 9.65926 11
      vertex 1.73648 9.84808 14.5
      vertex 2.58819 9.65926 14.5
    endloop
  endfacet
  facet normal 0.21644 0.976296 0
    outer loop
      vertex 1.73648 9.84808 14.5
      vertex 2.58819 9.65926 11
      vertex 1.73648 9.84808 11
    endloop
  endfacet
  facet normal 0.300704 0.953718 -0
    outer loop
      vertex 3.4202 9.39693 11
      vertex 2.58819 9.65926 14.5
      vertex 3.4202 9.39693 14.5
    endloop
  endfacet
  facet normal 0.300704 0.953718 0
    outer loop
      vertex 2.58819 9.65926 14.5
      vertex 3.4202 9.39693 11
      vertex 2.58819 9.65926 11
    endloop
  endfacet
  facet normal 0.130527 0.991445 -0
    outer loop
      vertex 1.73648 9.84808 11
      vertex 0.871557 9.96195 14.5
      vertex 1.73648 9.84808 14.5
    endloop
  endfacet
  facet normal 0.130527 0.991445 0
    outer loop
      vertex 0.871557 9.96195 14.5
      vertex 1.73648 9.84808 11
      vertex 0.871557 9.96195 11
    endloop
  endfacet
  facet normal 0.461753 0.887009 -0
    outer loop
      vertex 5 8.66025 11
      vertex 4.22618 9.06308 14.5
      vertex 5 8.66025 14.5
    endloop
  endfacet
  facet normal 0.461753 0.887009 0
    outer loop
      vertex 4.22618 9.06308 14.5
      vertex 5 8.66025 11
      vertex 4.22618 9.06308 11
    endloop
  endfacet
  facet normal 0.675587 0.73728 -0
    outer loop
      vertex 7.07107 7.07107 11
      vertex 6.42788 7.66044 14.5
      vertex 7.07107 7.07107 14.5
    endloop
  endfacet
  facet normal 0.675587 0.73728 0
    outer loop
      vertex 6.42788 7.66044 14.5
      vertex 7.07107 7.07107 11
      vertex 6.42788 7.66044 11
    endloop
  endfacet
  facet normal -0.976296 0.21644 0
    outer loop
      vertex -9.84808 1.73648 11
      vertex -9.65926 2.58819 14.5
      vertex -9.65926 2.58819 11
    endloop
  endfacet
  facet normal -0.976296 0.21644 0
    outer loop
      vertex -9.65926 2.58819 14.5
      vertex -9.84808 1.73648 11
      vertex -9.84808 1.73648 14.5
    endloop
  endfacet
  facet normal -0.793355 0.60876 0
    outer loop
      vertex -8.19152 5.73576 11
      vertex -7.66044 6.42788 14.5
      vertex -7.66044 6.42788 11
    endloop
  endfacet
  facet normal -0.793355 0.60876 0
    outer loop
      vertex -7.66044 6.42788 14.5
      vertex -8.19152 5.73576 11
      vertex -8.19152 5.73576 14.5
    endloop
  endfacet
  facet normal -0.73728 0.675587 0
    outer loop
      vertex -7.66044 6.42788 11
      vertex -7.07107 7.07107 14.5
      vertex -7.07107 7.07107 11
    endloop
  endfacet
  facet normal -0.73728 0.675587 0
    outer loop
      vertex -7.07107 7.07107 14.5
      vertex -7.66044 6.42788 11
      vertex -7.66044 6.42788 14.5
    endloop
  endfacet
  facet normal -0.887009 0.461753 0
    outer loop
      vertex -9.06308 4.22618 11
      vertex -8.66025 5 14.5
      vertex -8.66025 5 11
    endloop
  endfacet
  facet normal -0.887009 0.461753 0
    outer loop
      vertex -8.66025 5 14.5
      vertex -9.06308 4.22618 11
      vertex -9.06308 4.22618 14.5
    endloop
  endfacet
  facet normal -0.953718 0.300704 0
    outer loop
      vertex -9.65926 2.58819 11
      vertex -9.39693 3.4202 14.5
      vertex -9.39693 3.4202 11
    endloop
  endfacet
  facet normal -0.953718 0.300704 0
    outer loop
      vertex -9.39693 3.4202 14.5
      vertex -9.65926 2.58819 11
      vertex -9.65926 2.58819 14.5
    endloop
  endfacet
  facet normal -0.991445 0.130527 0
    outer loop
      vertex -9.96195 0.871557 11
      vertex -9.84808 1.73648 14.5
      vertex -9.84808 1.73648 11
    endloop
  endfacet
  facet normal -0.991445 0.130527 0
    outer loop
      vertex -9.84808 1.73648 14.5
      vertex -9.96195 0.871557 11
      vertex -9.96195 0.871557 14.5
    endloop
  endfacet
  facet normal -0 0 1
    outer loop
      vertex -6.17728 -0.474999 14.5
      vertex -2.99437 -0.802339 14.5
      vertex -6.13901 -0.401486 14.5
    endloop
  endfacet
  facet normal 0 0 1
    outer loop
      vertex -2.99437 -0.802339 14.5
      vertex -6.17728 -0.474999 14.5
      vertex -2.91305 -1.06026 14.5
    endloop
  endfacet
  facet normal -0 0 1
    outer loop
      vertex -6.2218 -0.544897 14.5
      vertex -2.91305 -1.06026 14.5
      vertex -6.17728 -0.474999 14.5
    endloop
  endfacet
  facet normal -0 0 1
    outer loop
      vertex -6.27226 -0.610648 14.5
      vertex -2.91305 -1.06026 14.5
      vertex -6.2218 -0.544897 14.5
    endloop
  endfacet
  facet normal 0 0 1
    outer loop
      vertex -2.91305 -1.06026 14.5
      vertex -6.27226 -0.610648 14.5
      vertex -2.80955 -1.31012 14.5
    endloop
  endfacet
  facet normal -0 0 1
    outer loop
      vertex -6.32825 -0.671751 14.5
      vertex -2.80955 -1.31012 14.5
      vertex -6.27226 -0.610648 14.5
    endloop
  endfacet
  facet normal -0 0 1
    outer loop
      vertex -6.38935 -0.727742 14.5
      vertex -2.80955 -1.31012 14.5
      vertex -6.32825 -0.671751 14.5
    endloop
  endfacet
  facet normal 0 0 1
    outer loop
      vertex -2.80955 -1.31012 14.5
      vertex -6.38935 -0.727742 14.5
      vertex -2.68468 -1.55 14.5
    endloop
  endfacet
  facet normal -0 0 1
    outer loop
      vertex -6.4551 -0.778194 14.5
      vertex -2.68468 -1.55 14.5
      vertex -6.38935 -0.727742 14.5
    endloop
  endfacet
  facet normal 0 0 1
    outer loop
      vertex -2.68468 -1.55 14.5
      vertex -6.4551 -0.778194 14.5
      vertex -2.53937 -1.77809 14.5
    endloop
  endfacet
  facet normal 0 0 1
    outer loop
      vertex -2.53937 -1.77809 14.5
      vertex -6.42788 -7.66044 14.5
      vertex -5.73576 -8.19152 14.5
    endloop
  endfacet
  facet normal -0 0 1
    outer loop
      vertex -6.525 -0.822723 14.5
      vertex -2.53937 -1.77809 14.5
      vertex -6.4551 -0.778194 14.5
    endloop
  endfacet
  facet normal -0 0 1
    outer loop
      vertex -6.59851 -0.860991 14.5
      vertex -2.53937 -1.77809 14.5
      vertex -6.525 -0.822723 14.5
    endloop
  endfacet
  facet normal 0 0 1
    outer loop
      vertex -2.53937 -1.77809 14.5
      vertex -6.59851 -0.860991 14.5
      vertex -7.66044 -6.42788 14.5
    endloop
  endfacet
  facet normal 0 0 1
    outer loop
      vertex -8.19152 -5.73576 14.5
      vertex -6.59851 -0.860991 14.5
      vertex -6.67508 -0.892708 14.5
    endloop
  endfacet
  facet normal 0 0 1
    outer loop
      vertex -8.19152 -5.73576 14.5
      vertex -6.67508 -0.892708 14.5
      vertex -6.75412 -0.917629 14.5
    endloop
  endfacet
  facet normal 0 0 1
    outer loop
      vertex -8.66025 -5 14.5
      vertex -6.75412 -0.917629 14.5
      vertex -6.83503 -0.935567 14.5
    endloop
  endfacet
  facet normal 0 0 1
    outer loop
      vertex -8.66025 -5 14.5
      vertex -6.83503 -0.935567 14.5
      vertex -6.9172 -0.946384 14.5
    endloop
  endfacet
  facet normal 0 0 1
    outer loop
      vertex -9.06308 -4.22618 14.5
      vertex -6.9172 -0.946384 14.5
      vertex -7 -0.95 14.5
    endloop
  endfacet
  facet normal 0 0 1
    outer loop
      vertex -2.53937 -1.77809 14.5
      vertex -7.07107 -7.07107 14.5
      vertex -6.42788 -7.66044 14.5
    endloop
  endfacet
  facet normal 0 0 1
    outer loop
      vertex -9.06308 -4.22618 14.5
      vertex -7 -0.95 14.5
      vertex -7.0828 -0.946384 14.5
    endloop
  endfacet
  facet normal 0 0 1
    outer loop
      vertex -9.39693 -3.4202 14.5
      vertex -7.0828 -0.946384 14.5
      vertex -7.16497 -0.935567 14.5
    endloop
  endfacet
  facet normal 0 0 1
    outer loop
      vertex -9.39693 -3.4202 14.5
      vertex -7.16497 -0.935567 14.5
      vertex -7.24588 -0.917629 14.5
    endloop
  endfacet
  facet normal 0 0 1
    outer loop
      vertex -9.39693 -3.4202 14.5
      vertex -7.24588 -0.917629 14.5
      vertex -7.32492 -0.892708 14.5
    endloop
  endfacet
  facet normal 0 0 1
    outer loop
      vertex -9.65926 -2.58819 14.5
      vertex -7.32492 -0.892708 14.5
      vertex -7.40149 -0.860991 14.5
    endloop
  endfacet
  facet normal 0 0 1
    outer loop
      vertex -9.65926 -2.58819 14.5
      vertex -7.40149 -0.860991 14.5
      vertex -7.475 -0.822723 14.5
    endloop
  endfacet
  facet normal 0 0 1
    outer loop
      vertex -9.65926 -2.58819 14.5
      vertex -7.475 -0.822723 14.5
      vertex -7.5449 -0.778194 14.5
    endloop
  endfacet
  facet normal 0 0 1
    outer loop
      vertex -9.65926 -2.58819 14.5
      vertex -7.5449 -0.778194 14.5
      vertex -7.61065 -0.727742 14.5
    endloop
  endfacet
  facet normal 0 0 1
    outer loop
      vertex -2.53937 -1.77809 14.5
      vertex -7.66044 -6.42788 14.5
      vertex -7.07107 -7.07107 14.5
    endloop
  endfacet
  facet normal 0 0 1
    outer loop
      vertex -9.84808 -1.73648 14.5
      vertex -7.61065 -0.727742 14.5
      vertex -7.67175 -0.671751 14.5
    endloop
  endfacet
  facet normal 0 0 1
    outer loop
      vertex -9.84808 -1.73648 14.5
      vertex -7.67175 -0.671751 14.5
      vertex -7.72774 -0.610648 14.5
    endloop
  endfacet
  facet normal 0 0 1
    outer loop
      vertex -9.84808 -1.73648 14.5
      vertex -7.72774 -0.610648 14.5
      vertex -7.77819 -0.544897 14.5
    endloop
  endfacet
  facet normal 0 0 1
    outer loop
      vertex -9.84808 -1.73648 14.5
      vertex -7.77819 -0.544897 14.5
      vertex -7.82272 -0.474999 14.5
    endloop
  endfacet
  facet normal 0 0 1
    outer loop
      vertex -9.96195 -0.871557 14.5
      vertex -7.82272 -0.474999 14.5
      vertex -7.86099 -0.401486 14.5
    endloop
  endfacet
  facet normal 0 0 1
    outer loop
      vertex -9.96195 -0.871557 14.5
      vertex -7.86099 -0.401486 14.5
      vertex -7.89271 -0.324919 14.5
    endloop
  endfacet
  facet normal 0 0 1
    outer loop
      vertex -9.96195 -0.871557 14.5
      vertex -7.89271 -0.324919 14.5
      vertex -7.91763 -0.245877 14.5
    endloop
  endfacet
  facet normal 0 0 1
    outer loop
      vertex -9.96195 -0.871557 14.5
      vertex -7.91763 -0.245877 14.5
      vertex -7.93557 -0.164966 14.5
    endloop
  endfacet
  facet normal 0 0 1
    outer loop
      vertex -10 0 14.5
      vertex -7.93557 -0.164966 14.5
      vertex -7.94638 -0.0827971 14.5
    endloop
  endfacet
  facet normal 0 0 1
    outer loop
      vertex -6.59851 -0.860991 14.5
      vertex -8.19152 -5.73576 14.5
      vertex -7.66044 -6.42788 14.5
    endloop
  endfacet
  facet normal -0 0 1
    outer loop
      vertex -10 0 14.5
      vertex -7.94638 -0.0827971 14.5
      vertex -7.95 0 14.5
    endloop
  endfacet
  facet normal 0 0 1
    outer loop
      vertex -7.82272 0.474999 14.5
      vertex -9.96195 0.871557 14.5
      vertex -7.86099 0.401486 14.5
    endloop
  endfacet
  facet normal 0 0 1
    outer loop
      vertex -7.86099 0.401486 14.5
      vertex -9.96195 0.871557 14.5
      vertex -7.89271 0.324919 14.5
    endloop
  endfacet
  facet normal 0 0 1
    outer loop
      vertex -6.75412 -0.917629 14.5
      vertex -8.66025 -5 14.5
      vertex -8.19152 -5.73576 14.5
    endloop
  endfacet
  facet normal 0 0 1
    outer loop
      vertex -7.89271 0.324919 14.5
      vertex -9.96195 0.871557 14.5
      vertex -7.91763 0.245877 14.5
    endloop
  endfacet
  facet normal 0 0 1
    outer loop
      vertex -6.9172 -0.946384 14.5
      vertex -9.06308 -4.22618 14.5
      vertex -8.66025 -5 14.5
    endloop
  endfacet
  facet normal 0 0 1
    outer loop
      vertex -7.91763 0.245877 14.5
      vertex -9.96195 0.871557 14.5
      vertex -7.93557 0.164966 14.5
    endloop
  endfacet
  facet normal 0 0 1
    outer loop
      vertex -7.0828 -0.946384 14.5
      vertex -9.39693 -3.4202 14.5
      vertex -9.06308 -4.22618 14.5
    endloop
  endfacet
  facet normal 0 0 1
    outer loop
      vertex -10 0 14.5
      vertex -7.93557 0.164966 14.5
      vertex -9.96195 0.871557 14.5
    endloop
  endfacet
  facet normal 0 0 1
    outer loop
      vertex -7.32492 -0.892708 14.5
      vertex -9.65926 -2.58819 14.5
      vertex -9.39693 -3.4202 14.5
    endloop
  endfacet
  facet normal 0 0 1
    outer loop
      vertex -7.93557 0.164966 14.5
      vertex -10 0 14.5
      vertex -7.94638 0.0827971 14.5
    endloop
  endfacet
  facet normal 0 0 1
    outer loop
      vertex -7.61065 -0.727742 14.5
      vertex -9.84808 -1.73648 14.5
      vertex -9.65926 -2.58819 14.5
    endloop
  endfacet
  facet normal 0 0 1
    outer loop
      vertex -7.94638 0.0827971 14.5
      vertex -10 0 14.5
      vertex -7.95 0 14.5
    endloop
  endfacet
  facet normal 0 0 1
    outer loop
      vertex -7.82272 -0.474999 14.5
      vertex -9.96195 -0.871557 14.5
      vertex -9.84808 -1.73648 14.5
    endloop
  endfacet
  facet normal 0 0 1
    outer loop
      vertex -7.93557 -0.164966 14.5
      vertex -10 0 14.5
      vertex -9.96195 -0.871557 14.5
    endloop
  endfacet
  facet normal 0 0 1
    outer loop
      vertex 4.22618 -9.06308 14.5
      vertex 0.946384 -6.9172 14.5
      vertex 0.95 -7 14.5
    endloop
  endfacet
  facet normal 0 0 1
    outer loop
      vertex 1.31012 -2.80955 14.5
      vertex 0.935567 -6.83503 14.5
      vertex 0.946384 -6.9172 14.5
    endloop
  endfacet
  facet normal 0 0 1
    outer loop
      vertex 1.31012 -2.80955 14.5
      vertex 0.917629 -6.75412 14.5
      vertex 0.935567 -6.83503 14.5
    endloop
  endfacet
  facet normal 0 0 1
    outer loop
      vertex 1.31012 -2.80955 14.5
      vertex 0.892708 -6.67508 14.5
      vertex 0.917629 -6.75412 14.5
    endloop
  endfacet
  facet normal 0 0 1
    outer loop
      vertex 1.31012 -2.80955 14.5
      vertex 0.860991 -6.59851 14.5
      vertex 0.892708 -6.67508 14.5
    endloop
  endfacet
  facet normal 0 0 1
    outer loop
      vertex 1.31012 -2.80955 14.5
      vertex 0.822723 -6.525 14.5
      vertex 0.860991 -6.59851 14.5
    endloop
  endfacet
  facet normal 0 0 1
    outer loop
      vertex 0.544897 -6.2218 14.5
      vertex 1.06026 -2.91305 14.5
      vertex 0.802339 -2.99437 14.5
    endloop
  endfacet
  facet normal 0 0 1
    outer loop
      vertex 1.31012 -2.80955 14.5
      vertex 0.778194 -6.4551 14.5
      vertex 0.822723 -6.525 14.5
    endloop
  endfacet
  facet normal 0 0 1
    outer loop
      vertex 1.31012 -2.80955 14.5
      vertex 0.727742 -6.38935 14.5
      vertex 0.778194 -6.4551 14.5
    endloop
  endfacet
  facet normal 0 0 1
    outer loop
      vertex 1.31012 -2.80955 14.5
      vertex 0.671751 -6.32825 14.5
      vertex 0.727742 -6.38935 14.5
    endloop
  endfacet
  facet normal 0 0 1
    outer loop
      vertex 1.31012 -2.80955 14.5
      vertex 0.610648 -6.27226 14.5
      vertex 0.671751 -6.32825 14.5
    endloop
  endfacet
  facet normal 0 0 1
    outer loop
      vertex 1.06026 -2.91305 14.5
      vertex 0.544897 -6.2218 14.5
      vertex 0.610648 -6.27226 14.5
    endloop
  endfacet
  facet normal 0 0 1
    outer loop
      vertex 0.401486 -6.13901 14.5
      vertex 0.802339 -2.99437 14.5
      vertex 0.538309 -3.0529 14.5
    endloop
  endfacet
  facet normal 0 0 1
    outer loop
      vertex 0.802339 -2.99437 14.5
      vertex 0.474999 -6.17728 14.5
      vertex 0.544897 -6.2218 14.5
    endloop
  endfacet
  facet normal 0 0 1
    outer loop
      vertex 0.802339 -2.99437 14.5
      vertex 0.401486 -6.13901 14.5
      vertex 0.474999 -6.17728 14.5
    endloop
  endfacet
  facet normal 0 0 1
    outer loop
      vertex 0.538309 -3.0529 14.5
      vertex 0.324919 -6.10729 14.5
      vertex 0.401486 -6.13901 14.5
    endloop
  endfacet
  facet normal 0 0 1
    outer loop
      vertex 0.245877 -6.08237 14.5
      vertex 0.538309 -3.0529 14.5
      vertex 0.270183 -3.0882 14.5
    endloop
  endfacet
  facet normal 0 0 1
    outer loop
      vertex 0.538309 -3.0529 14.5
      vertex 0.245877 -6.08237 14.5
      vertex 0.324919 -6.10729 14.5
    endloop
  endfacet
  facet normal 0 0 1
    outer loop
      vertex 0.270183 -3.0882 14.5
      vertex 0.164966 -6.06443 14.5
      vertex 0.245877 -6.08237 14.5
    endloop
  endfacet
  facet normal 0 0 1
    outer loop
      vertex 0.270183 -3.0882 14.5
      vertex 0.0827971 -6.05361 14.5
      vertex 0.164966 -6.06443 14.5
    endloop
  endfacet
  facet normal -0 0 1
    outer loop
      vertex 0 -3.1 14.5
      vertex 0.0827971 -6.05361 14.5
      vertex 0.270183 -3.0882 14.5
    endloop
  endfacet
  facet normal 0 0 1
    outer loop
      vertex 0 -3.1 14.5
      vertex 0 -6.05 14.5
      vertex 0.0827971 -6.05361 14.5
    endloop
  endfacet
  facet normal 0 0 1
    outer loop
      vertex 0 -3.1 14.5
      vertex -0.0827971 -6.05361 14.5
      vertex 0 -6.05 14.5
    endloop
  endfacet
  facet normal 0 0 1
    outer loop
      vertex -0.270183 -3.0882 14.5
      vertex -0.0827971 -6.05361 14.5
      vertex 0 -3.1 14.5
    endloop
  endfacet
  facet normal 0 0 1
    outer loop
      vertex -0.0827971 -6.05361 14.5
      vertex -0.270183 -3.0882 14.5
      vertex -0.164966 -6.06443 14.5
    endloop
  endfacet
  facet normal 0 0 1
    outer loop
      vertex -0.164966 -6.06443 14.5
      vertex -0.270183 -3.0882 14.5
      vertex -0.245877 -6.08237 14.5
    endloop
  endfacet
  facet normal 0 0 1
    outer loop
      vertex -0.538309 -3.0529 14.5
      vertex -0.245877 -6.08237 14.5
      vertex -0.270183 -3.0882 14.5
    endloop
  endfacet
  facet normal 0 0 1
    outer loop
      vertex -0.245877 -6.08237 14.5
      vertex -0.538309 -3.0529 14.5
      vertex -0.324919 -6.10729 14.5
    endloop
  endfacet
  facet normal 0 0 1
    outer loop
      vertex -0.324919 -6.10729 14.5
      vertex -0.538309 -3.0529 14.5
      vertex -0.401486 -6.13901 14.5
    endloop
  endfacet
  facet normal 0 0 1
    outer loop
      vertex -0.802339 -2.99437 14.5
      vertex -0.401486 -6.13901 14.5
      vertex -0.538309 -3.0529 14.5
    endloop
  endfacet
  facet normal 0 0 1
    outer loop
      vertex -0.401486 -6.13901 14.5
      vertex -0.802339 -2.99437 14.5
      vertex -0.474999 -6.17728 14.5
    endloop
  endfacet
  facet normal 0 0 1
    outer loop
      vertex -0.474999 -6.17728 14.5
      vertex -0.802339 -2.99437 14.5
      vertex -0.544897 -6.2218 14.5
    endloop
  endfacet
  facet normal 0 0 1
    outer loop
      vertex -1.06026 -2.91305 14.5
      vertex -0.544897 -6.2218 14.5
      vertex -0.802339 -2.99437 14.5
    endloop
  endfacet
  facet normal 0 0 1
    outer loop
      vertex -0.544897 -6.2218 14.5
      vertex -1.06026 -2.91305 14.5
      vertex -0.610648 -6.27226 14.5
    endloop
  endfacet
  facet normal 0 0 1
    outer loop
      vertex -1.31012 -2.80955 14.5
      vertex -0.610648 -6.27226 14.5
      vertex -1.06026 -2.91305 14.5
    endloop
  endfacet
  facet normal 0 0 1
    outer loop
      vertex -0.610648 -6.27226 14.5
      vertex -1.31012 -2.80955 14.5
      vertex -0.671751 -6.32825 14.5
    endloop
  endfacet
  facet normal 0 0 1
    outer loop
      vertex -0.671751 -6.32825 14.5
      vertex -1.31012 -2.80955 14.5
      vertex -0.727742 -6.38935 14.5
    endloop
  endfacet
  facet normal 0 0 1
    outer loop
      vertex -1.55 -2.68468 14.5
      vertex -0.727742 -6.38935 14.5
      vertex -1.31012 -2.80955 14.5
    endloop
  endfacet
  facet normal 0 0 1
    outer loop
      vertex -0.727742 -6.38935 14.5
      vertex -1.55 -2.68468 14.5
      vertex -0.778194 -6.4551 14.5
    endloop
  endfacet
  facet normal 0 0 1
    outer loop
      vertex -0.778194 -6.4551 14.5
      vertex -1.55 -2.68468 14.5
      vertex -0.822723 -6.525 14.5
    endloop
  endfacet
  facet normal 0 0 1
    outer loop
      vertex -1.77809 -2.53937 14.5
      vertex -0.822723 -6.525 14.5
      vertex -1.55 -2.68468 14.5
    endloop
  endfacet
  facet normal 0 0 1
    outer loop
      vertex -0.822723 -6.525 14.5
      vertex -1.77809 -2.53937 14.5
      vertex -0.860991 -6.59851 14.5
    endloop
  endfacet
  facet normal 0 0 1
    outer loop
      vertex -1.99264 -2.37474 14.5
      vertex -0.860991 -6.59851 14.5
      vertex -1.77809 -2.53937 14.5
    endloop
  endfacet
  facet normal 0 0 1
    outer loop
      vertex -0.860991 -6.59851 14.5
      vertex -5.73576 -8.19152 14.5
      vertex -0.892708 -6.67508 14.5
    endloop
  endfacet
  facet normal 0 0 1
    outer loop
      vertex 6.59851 -0.860991 14.5
      vertex 2.53937 -1.77809 14.5
      vertex 7.66044 -6.42788 14.5
    endloop
  endfacet
  facet normal -0 0 1
    outer loop
      vertex 2.37474 -1.99264 14.5
      vertex 7.66044 -6.42788 14.5
      vertex 2.53937 -1.77809 14.5
    endloop
  endfacet
  facet normal 0 0 1
    outer loop
      vertex 7.66044 -6.42788 14.5
      vertex 2.37474 -1.99264 14.5
      vertex 7.07107 -7.07107 14.5
    endloop
  endfacet
  facet normal -0 0 1
    outer loop
      vertex 2.19203 -2.19203 14.5
      vertex 7.07107 -7.07107 14.5
      vertex 2.37474 -1.99264 14.5
    endloop
  endfacet
  facet normal 0 0 1
    outer loop
      vertex 7.07107 -7.07107 14.5
      vertex 2.19203 -2.19203 14.5
      vertex 6.42788 -7.66044 14.5
    endloop
  endfacet
  facet normal -0 0 1
    outer loop
      vertex 1.99264 -2.37474 14.5
      vertex 6.42788 -7.66044 14.5
      vertex 2.19203 -2.19203 14.5
    endloop
  endfacet
  facet normal 0 0 1
    outer loop
      vertex 6.42788 -7.66044 14.5
      vertex 1.99264 -2.37474 14.5
      vertex 5.73576 -8.19152 14.5
    endloop
  endfacet
  facet normal -0 0 1
    outer loop
      vertex 1.77809 -2.53937 14.5
      vertex 5.73576 -8.19152 14.5
      vertex 1.99264 -2.37474 14.5
    endloop
  endfacet
  facet normal 0 0 1
    outer loop
      vertex 0.946384 -6.9172 14.5
      vertex 5 -8.66025 14.5
      vertex 5.73576 -8.19152 14.5
    endloop
  endfacet
  facet normal 0 0 1
    outer loop
      vertex 0.946384 -6.9172 14.5
      vertex 4.22618 -9.06308 14.5
      vertex 5 -8.66025 14.5
    endloop
  endfacet
  facet normal -0 0 1
    outer loop
      vertex 0.946384 -7.0828 14.5
      vertex 4.22618 -9.06308 14.5
      vertex 0.95 -7 14.5
    endloop
  endfacet
  facet normal -0 0 1
    outer loop
      vertex 0.946384 -6.9172 14.5
      vertex 5.73576 -8.19152 14.5
      vertex 1.77809 -2.53937 14.5
    endloop
  endfacet
  facet normal 0 0 1
    outer loop
      vertex 4.22618 -9.06308 14.5
      vertex 0.946384 -7.0828 14.5
      vertex 3.4202 -9.39693 14.5
    endloop
  endfacet
  facet normal 0 0 1
    outer loop
      vertex 0.946384 -6.9172 14.5
      vertex 1.77809 -2.53937 14.5
      vertex 1.55 -2.68468 14.5
    endloop
  endfacet
  facet normal 0 0 1
    outer loop
      vertex 0.946384 -6.9172 14.5
      vertex 1.55 -2.68468 14.5
      vertex 1.31012 -2.80955 14.5
    endloop
  endfacet
  facet normal 0 0 1
    outer loop
      vertex 0.610648 -6.27226 14.5
      vertex 1.31012 -2.80955 14.5
      vertex 1.06026 -2.91305 14.5
    endloop
  endfacet
  facet normal -0 0 1
    outer loop
      vertex 0.935567 -7.16497 14.5
      vertex 3.4202 -9.39693 14.5
      vertex 0.946384 -7.0828 14.5
    endloop
  endfacet
  facet normal -0 0 1
    outer loop
      vertex 0.917629 -7.24588 14.5
      vertex 3.4202 -9.39693 14.5
      vertex 0.935567 -7.16497 14.5
    endloop
  endfacet
  facet normal -0 0 1
    outer loop
      vertex 0.892708 -7.32492 14.5
      vertex 3.4202 -9.39693 14.5
      vertex 0.917629 -7.24588 14.5
    endloop
  endfacet
  facet normal 0 0 1
    outer loop
      vertex 3.4202 -9.39693 14.5
      vertex 0.892708 -7.32492 14.5
      vertex 2.58819 -9.65926 14.5
    endloop
  endfacet
  facet normal -0 0 1
    outer loop
      vertex 0.860991 -7.40149 14.5
      vertex 2.58819 -9.65926 14.5
      vertex 0.892708 -7.32492 14.5
    endloop
  endfacet
  facet normal -0 0 1
    outer loop
      vertex 0.822723 -7.475 14.5
      vertex 2.58819 -9.65926 14.5
      vertex 0.860991 -7.40149 14.5
    endloop
  endfacet
  facet normal -0 0 1
    outer loop
      vertex 0.778194 -7.5449 14.5
      vertex 2.58819 -9.65926 14.5
      vertex 0.822723 -7.475 14.5
    endloop
  endfacet
  facet normal 0 0 1
    outer loop
      vertex 2.58819 -9.65926 14.5
      vertex 0.778194 -7.5449 14.5
      vertex 1.73648 -9.84808 14.5
    endloop
  endfacet
  facet normal -0 0 1
    outer loop
      vertex 0.727742 -7.61065 14.5
      vertex 1.73648 -9.84808 14.5
      vertex 0.778194 -7.5449 14.5
    endloop
  endfacet
  facet normal -0 0 1
    outer loop
      vertex 0.671751 -7.67175 14.5
      vertex 1.73648 -9.84808 14.5
      vertex 0.727742 -7.61065 14.5
    endloop
  endfacet
  facet normal -0 0 1
    outer loop
      vertex 0.610648 -7.72774 14.5
      vertex 1.73648 -9.84808 14.5
      vertex 0.671751 -7.67175 14.5
    endloop
  endfacet
  facet normal -0 0 1
    outer loop
      vertex 0.544897 -7.77819 14.5
      vertex 1.73648 -9.84808 14.5
      vertex 0.610648 -7.72774 14.5
    endloop
  endfacet
  facet normal 0 0 1
    outer loop
      vertex 1.73648 -9.84808 14.5
      vertex 0.544897 -7.77819 14.5
      vertex 0.871557 -9.96195 14.5
    endloop
  endfacet
  facet normal -0 0 1
    outer loop
      vertex 0.474999 -7.82272 14.5
      vertex 0.871557 -9.96195 14.5
      vertex 0.544897 -7.77819 14.5
    endloop
  endfacet
  facet normal -0 0 1
    outer loop
      vertex 0.401486 -7.86099 14.5
      vertex 0.871557 -9.96195 14.5
      vertex 0.474999 -7.82272 14.5
    endloop
  endfacet
  facet normal -0 0 1
    outer loop
      vertex 0.324919 -7.89271 14.5
      vertex 0.871557 -9.96195 14.5
      vertex 0.401486 -7.86099 14.5
    endloop
  endfacet
  facet normal -0 0 1
    outer loop
      vertex 0.245877 -7.91763 14.5
      vertex 0.871557 -9.96195 14.5
      vertex 0.324919 -7.89271 14.5
    endloop
  endfacet
  facet normal -0 0 1
    outer loop
      vertex 0.164966 -7.93557 14.5
      vertex 0.871557 -9.96195 14.5
      vertex 0.245877 -7.91763 14.5
    endloop
  endfacet
  facet normal 0 0 1
    outer loop
      vertex 0 -10 14.5
      vertex 0.164966 -7.93557 14.5
      vertex 0.0827971 -7.94638 14.5
    endloop
  endfacet
  facet normal 0 0 1
    outer loop
      vertex 0 -10 14.5
      vertex 0.0827971 -7.94638 14.5
      vertex 0 -7.95 14.5
    endloop
  endfacet
  facet normal 0 0 1
    outer loop
      vertex 0.164966 -7.93557 14.5
      vertex 0 -10 14.5
      vertex 0.871557 -9.96195 14.5
    endloop
  endfacet
  facet normal 0 0 1
    outer loop
      vertex -0.0827971 -7.94638 14.5
      vertex 0 -10 14.5
      vertex 0 -7.95 14.5
    endloop
  endfacet
  facet normal 0 0 1
    outer loop
      vertex -0.164966 -7.93557 14.5
      vertex 0 -10 14.5
      vertex -0.0827971 -7.94638 14.5
    endloop
  endfacet
  facet normal 0 0 1
    outer loop
      vertex -0.871557 -9.96195 14.5
      vertex -0.164966 -7.93557 14.5
      vertex -0.245877 -7.91763 14.5
    endloop
  endfacet
  facet normal 0 0 1
    outer loop
      vertex -0.871557 -9.96195 14.5
      vertex -0.245877 -7.91763 14.5
      vertex -0.324919 -7.89271 14.5
    endloop
  endfacet
  facet normal 0 0 1
    outer loop
      vertex -0.871557 -9.96195 14.5
      vertex -0.324919 -7.89271 14.5
      vertex -0.401486 -7.86099 14.5
    endloop
  endfacet
  facet normal 0 0 1
    outer loop
      vertex -0.871557 -9.96195 14.5
      vertex -0.401486 -7.86099 14.5
      vertex -0.474999 -7.82272 14.5
    endloop
  endfacet
  facet normal 0 0 1
    outer loop
      vertex -0.871557 -9.96195 14.5
      vertex -0.474999 -7.82272 14.5
      vertex -0.544897 -7.77819 14.5
    endloop
  endfacet
  facet normal 0 0 1
    outer loop
      vertex -1.73648 -9.84808 14.5
      vertex -0.544897 -7.77819 14.5
      vertex -0.610648 -7.72774 14.5
    endloop
  endfacet
  facet normal 0 0 1
    outer loop
      vertex -1.73648 -9.84808 14.5
      vertex -0.610648 -7.72774 14.5
      vertex -0.671751 -7.67175 14.5
    endloop
  endfacet
  facet normal 0 0 1
    outer loop
      vertex -1.73648 -9.84808 14.5
      vertex -0.671751 -7.67175 14.5
      vertex -0.727742 -7.61065 14.5
    endloop
  endfacet
  facet normal 0 0 1
    outer loop
      vertex -1.73648 -9.84808 14.5
      vertex -0.727742 -7.61065 14.5
      vertex -0.778194 -7.5449 14.5
    endloop
  endfacet
  facet normal 0 0 1
    outer loop
      vertex -2.58819 -9.65926 14.5
      vertex -0.778194 -7.5449 14.5
      vertex -0.822723 -7.475 14.5
    endloop
  endfacet
  facet normal 0 0 1
    outer loop
      vertex -2.58819 -9.65926 14.5
      vertex -0.822723 -7.475 14.5
      vertex -0.860991 -7.40149 14.5
    endloop
  endfacet
  facet normal 0 0 1
    outer loop
      vertex -0.164966 -7.93557 14.5
      vertex -0.871557 -9.96195 14.5
      vertex 0 -10 14.5
    endloop
  endfacet
  facet normal 0 0 1
    outer loop
      vertex -2.58819 -9.65926 14.5
      vertex -0.860991 -7.40149 14.5
      vertex -0.892708 -7.32492 14.5
    endloop
  endfacet
  facet normal 0 0 1
    outer loop
      vertex -3.4202 -9.39693 14.5
      vertex -0.892708 -7.32492 14.5
      vertex -0.917629 -7.24588 14.5
    endloop
  endfacet
  facet normal 0 0 1
    outer loop
      vertex -3.4202 -9.39693 14.5
      vertex -0.917629 -7.24588 14.5
      vertex -0.935567 -7.16497 14.5
    endloop
  endfacet
  facet normal 0 0 1
    outer loop
      vertex -3.4202 -9.39693 14.5
      vertex -0.935567 -7.16497 14.5
      vertex -0.946384 -7.0828 14.5
    endloop
  endfacet
  facet normal 0 0 1
    outer loop
      vertex -4.22618 -9.06308 14.5
      vertex -0.946384 -7.0828 14.5
      vertex -0.95 -7 14.5
    endloop
  endfacet
  facet normal 0 0 1
    outer loop
      vertex -0.892708 -6.67508 14.5
      vertex -5.73576 -8.19152 14.5
      vertex -0.917629 -6.75412 14.5
    endloop
  endfacet
  facet normal 0 -0 1
    outer loop
      vertex -5 -8.66025 14.5
      vertex -0.917629 -6.75412 14.5
      vertex -5.73576 -8.19152 14.5
    endloop
  endfacet
  facet normal 0 0 1
    outer loop
      vertex -0.917629 -6.75412 14.5
      vertex -5 -8.66025 14.5
      vertex -0.935567 -6.83503 14.5
    endloop
  endfacet
  facet normal 0 0 1
    outer loop
      vertex -0.544897 -7.77819 14.5
      vertex -1.73648 -9.84808 14.5
      vertex -0.871557 -9.96195 14.5
    endloop
  endfacet
  facet normal 0 0 1
    outer loop
      vertex -0.935567 -6.83503 14.5
      vertex -5 -8.66025 14.5
      vertex -0.946384 -6.9172 14.5
    endloop
  endfacet
  facet normal 0 0 1
    outer loop
      vertex -0.860991 -6.59851 14.5
      vertex -1.99264 -2.37474 14.5
      vertex -5.73576 -8.19152 14.5
    endloop
  endfacet
  facet normal 0 0 1
    outer loop
      vertex -5.73576 -8.19152 14.5
      vertex -1.99264 -2.37474 14.5
      vertex -2.19203 -2.19203 14.5
    endloop
  endfacet
  facet normal 0 0 1
    outer loop
      vertex -5.73576 -8.19152 14.5
      vertex -2.19203 -2.19203 14.5
      vertex -2.37474 -1.99264 14.5
    endloop
  endfacet
  facet normal 0 0 1
    outer loop
      vertex -5.73576 -8.19152 14.5
      vertex -2.37474 -1.99264 14.5
      vertex -2.53937 -1.77809 14.5
    endloop
  endfacet
  facet normal 0 0 1
    outer loop
      vertex -0.778194 -7.5449 14.5
      vertex -2.58819 -9.65926 14.5
      vertex -1.73648 -9.84808 14.5
    endloop
  endfacet
  facet normal -0 0 1
    outer loop
      vertex -6.13901 -0.401486 14.5
      vertex -3.0529 -0.538309 14.5
      vertex -6.10729 -0.324919 14.5
    endloop
  endfacet
  facet normal -0 0 1
    outer loop
      vertex -6.10729 -0.324919 14.5
      vertex -3.0529 -0.538309 14.5
      vertex -6.08237 -0.245877 14.5
    endloop
  endfacet
  facet normal 0 0 1
    outer loop
      vertex -3.0882 -0.270183 14.5
      vertex -6.08237 -0.245877 14.5
      vertex -3.0529 -0.538309 14.5
    endloop
  endfacet
  facet normal -0 0 1
    outer loop
      vertex -6.08237 -0.245877 14.5
      vertex -3.0882 -0.270183 14.5
      vertex -6.06443 -0.164966 14.5
    endloop
  endfacet
  facet normal -0 0 1
    outer loop
      vertex -6.06443 -0.164966 14.5
      vertex -3.0882 -0.270183 14.5
      vertex -6.05361 -0.0827971 14.5
    endloop
  endfacet
  facet normal 0 0 1
    outer loop
      vertex -3.1 0 14.5
      vertex -6.05361 -0.0827971 14.5
      vertex -3.0882 -0.270183 14.5
    endloop
  endfacet
  facet normal 0 0 1
    outer loop
      vertex -0.892708 -7.32492 14.5
      vertex -3.4202 -9.39693 14.5
      vertex -2.58819 -9.65926 14.5
    endloop
  endfacet
  facet normal 0 0 1
    outer loop
      vertex -6.05361 -0.0827971 14.5
      vertex -3.1 0 14.5
      vertex -6.05 0 14.5
    endloop
  endfacet
  facet normal 0 -0 1
    outer loop
      vertex -6.525 0.822723 14.5
      vertex -2.53937 1.77809 14.5
      vertex -6.59851 0.860991 14.5
    endloop
  endfacet
  facet normal 0 0 1
    outer loop
      vertex -2.53937 1.77809 14.5
      vertex -6.525 0.822723 14.5
      vertex -2.68468 1.55 14.5
    endloop
  endfacet
  facet normal 0 0 1
    outer loop
      vertex -3.0529 -0.538309 14.5
      vertex -6.13901 -0.401486 14.5
      vertex -2.99437 -0.802339 14.5
    endloop
  endfacet
  facet normal 0 -0 1
    outer loop
      vertex -6.38935 0.727742 14.5
      vertex -2.68468 1.55 14.5
      vertex -6.4551 0.778194 14.5
    endloop
  endfacet
  facet normal 0 0 1
    outer loop
      vertex -0.946384 -7.0828 14.5
      vertex -4.22618 -9.06308 14.5
      vertex -3.4202 -9.39693 14.5
    endloop
  endfacet
  facet normal 0 -0 1
    outer loop
      vertex -6.32825 0.671751 14.5
      vertex -2.80955 1.31012 14.5
      vertex -6.38935 0.727742 14.5
    endloop
  endfacet
  facet normal 0 0 1
    outer loop
      vertex -0.946384 -6.9172 14.5
      vertex -4.22618 -9.06308 14.5
      vertex -0.95 -7 14.5
    endloop
  endfacet
  facet normal 0 -0 1
    outer loop
      vertex -4.22618 -9.06308 14.5
      vertex -0.946384 -6.9172 14.5
      vertex -5 -8.66025 14.5
    endloop
  endfacet
  facet normal 0 0 1
    outer loop
      vertex -3.1 0 14.5
      vertex -6.05361 0.0827971 14.5
      vertex -6.05 0 14.5
    endloop
  endfacet
  facet normal 0 0 1
    outer loop
      vertex -3.0882 0.270183 14.5
      vertex -6.05361 0.0827971 14.5
      vertex -3.1 0 14.5
    endloop
  endfacet
  facet normal 0 -0 1
    outer loop
      vertex -6.05361 0.0827971 14.5
      vertex -3.0882 0.270183 14.5
      vertex -6.06443 0.164966 14.5
    endloop
  endfacet
  facet normal 0 -0 1
    outer loop
      vertex -6.06443 0.164966 14.5
      vertex -3.0882 0.270183 14.5
      vertex -6.08237 0.245877 14.5
    endloop
  endfacet
  facet normal 0 0 1
    outer loop
      vertex -3.0529 0.538309 14.5
      vertex -6.08237 0.245877 14.5
      vertex -3.0882 0.270183 14.5
    endloop
  endfacet
  facet normal 0 -0 1
    outer loop
      vertex -6.08237 0.245877 14.5
      vertex -3.0529 0.538309 14.5
      vertex -6.10729 0.324919 14.5
    endloop
  endfacet
  facet normal 0 -0 1
    outer loop
      vertex -6.10729 0.324919 14.5
      vertex -3.0529 0.538309 14.5
      vertex -6.13901 0.401486 14.5
    endloop
  endfacet
  facet normal 0 0 1
    outer loop
      vertex -2.99437 0.802339 14.5
      vertex -6.13901 0.401486 14.5
      vertex -3.0529 0.538309 14.5
    endloop
  endfacet
  facet normal 0 -0 1
    outer loop
      vertex -6.13901 0.401486 14.5
      vertex -2.99437 0.802339 14.5
      vertex -6.17728 0.474999 14.5
    endloop
  endfacet
  facet normal 0 -0 1
    outer loop
      vertex -6.17728 0.474999 14.5
      vertex -2.99437 0.802339 14.5
      vertex -6.2218 0.544897 14.5
    endloop
  endfacet
  facet normal 0 -0 1
    outer loop
      vertex -6.2218 0.544897 14.5
      vertex -2.91305 1.06026 14.5
      vertex -6.27226 0.610648 14.5
    endloop
  endfacet
  facet normal 0 0 1
    outer loop
      vertex -2.91305 1.06026 14.5
      vertex -6.2218 0.544897 14.5
      vertex -2.99437 0.802339 14.5
    endloop
  endfacet
  facet normal 0 0 1
    outer loop
      vertex -2.80955 1.31012 14.5
      vertex -6.27226 0.610648 14.5
      vertex -2.91305 1.06026 14.5
    endloop
  endfacet
  facet normal 0 -0 1
    outer loop
      vertex -6.27226 0.610648 14.5
      vertex -2.80955 1.31012 14.5
      vertex -6.32825 0.671751 14.5
    endloop
  endfacet
  facet normal 0 0 1
    outer loop
      vertex -2.68468 1.55 14.5
      vertex -6.38935 0.727742 14.5
      vertex -2.80955 1.31012 14.5
    endloop
  endfacet
  facet normal 0 -0 1
    outer loop
      vertex -6.4551 0.778194 14.5
      vertex -2.68468 1.55 14.5
      vertex -6.525 0.822723 14.5
    endloop
  endfacet
  facet normal -0 0 1
    outer loop
      vertex -8.19152 5.73576 14.5
      vertex -6.59851 0.860991 14.5
      vertex -7.66044 6.42788 14.5
    endloop
  endfacet
  facet normal 0 0 1
    outer loop
      vertex -6.59851 0.860991 14.5
      vertex -8.19152 5.73576 14.5
      vertex -6.67508 0.892708 14.5
    endloop
  endfacet
  facet normal 0 0 1
    outer loop
      vertex -6.67508 0.892708 14.5
      vertex -8.19152 5.73576 14.5
      vertex -6.75412 0.917629 14.5
    endloop
  endfacet
  facet normal -0 0 1
    outer loop
      vertex -8.66025 5 14.5
      vertex -6.75412 0.917629 14.5
      vertex -8.19152 5.73576 14.5
    endloop
  endfacet
  facet normal 0 0 1
    outer loop
      vertex -6.75412 0.917629 14.5
      vertex -8.66025 5 14.5
      vertex -6.83503 0.935567 14.5
    endloop
  endfacet
  facet normal 0 0 1
    outer loop
      vertex -6.83503 0.935567 14.5
      vertex -8.66025 5 14.5
      vertex -6.9172 0.946384 14.5
    endloop
  endfacet
  facet normal -0 0 1
    outer loop
      vertex -9.06308 4.22618 14.5
      vertex -6.9172 0.946384 14.5
      vertex -8.66025 5 14.5
    endloop
  endfacet
  facet normal 0 0 1
    outer loop
      vertex -6.9172 0.946384 14.5
      vertex -9.06308 4.22618 14.5
      vertex -7 0.95 14.5
    endloop
  endfacet
  facet normal 0 0 1
    outer loop
      vertex -7 0.95 14.5
      vertex -9.06308 4.22618 14.5
      vertex -7.0828 0.946384 14.5
    endloop
  endfacet
  facet normal -0 0 1
    outer loop
      vertex -9.39693 3.4202 14.5
      vertex -7.0828 0.946384 14.5
      vertex -9.06308 4.22618 14.5
    endloop
  endfacet
  facet normal 0 0 1
    outer loop
      vertex -7.0828 0.946384 14.5
      vertex -9.39693 3.4202 14.5
      vertex -7.16497 0.935567 14.5
    endloop
  endfacet
  facet normal 0 0 1
    outer loop
      vertex -7.16497 0.935567 14.5
      vertex -9.39693 3.4202 14.5
      vertex -7.24588 0.917629 14.5
    endloop
  endfacet
  facet normal 0 0 1
    outer loop
      vertex -7.24588 0.917629 14.5
      vertex -9.39693 3.4202 14.5
      vertex -7.32492 0.892708 14.5
    endloop
  endfacet
  facet normal -0 0 1
    outer loop
      vertex -9.65926 2.58819 14.5
      vertex -7.32492 0.892708 14.5
      vertex -9.39693 3.4202 14.5
    endloop
  endfacet
  facet normal 0 0 1
    outer loop
      vertex -7.32492 0.892708 14.5
      vertex -9.65926 2.58819 14.5
      vertex -7.40149 0.860991 14.5
    endloop
  endfacet
  facet normal 0 0 1
    outer loop
      vertex -7.40149 0.860991 14.5
      vertex -9.65926 2.58819 14.5
      vertex -7.475 0.822723 14.5
    endloop
  endfacet
  facet normal 0 0 1
    outer loop
      vertex -7.475 0.822723 14.5
      vertex -9.65926 2.58819 14.5
      vertex -7.5449 0.778194 14.5
    endloop
  endfacet
  facet normal 0 0 1
    outer loop
      vertex -7.5449 0.778194 14.5
      vertex -9.65926 2.58819 14.5
      vertex -7.61065 0.727742 14.5
    endloop
  endfacet
  facet normal -0 0 1
    outer loop
      vertex -9.84808 1.73648 14.5
      vertex -7.61065 0.727742 14.5
      vertex -9.65926 2.58819 14.5
    endloop
  endfacet
  facet normal 0 0 1
    outer loop
      vertex -7.61065 0.727742 14.5
      vertex -9.84808 1.73648 14.5
      vertex -7.67175 0.671751 14.5
    endloop
  endfacet
  facet normal 0 0 1
    outer loop
      vertex -7.67175 0.671751 14.5
      vertex -9.84808 1.73648 14.5
      vertex -7.72774 0.610648 14.5
    endloop
  endfacet
  facet normal 0 0 1
    outer loop
      vertex -7.72774 0.610648 14.5
      vertex -9.84808 1.73648 14.5
      vertex -7.77819 0.544897 14.5
    endloop
  endfacet
  facet normal -0 0 1
    outer loop
      vertex -9.96195 0.871557 14.5
      vertex -7.82272 0.474999 14.5
      vertex -9.84808 1.73648 14.5
    endloop
  endfacet
  facet normal 0 0 1
    outer loop
      vertex -7.77819 0.544897 14.5
      vertex -9.84808 1.73648 14.5
      vertex -7.82272 0.474999 14.5
    endloop
  endfacet
  facet normal 0 0 1
    outer loop
      vertex 0.860991 6.59851 14.5
      vertex 5.73576 8.19152 14.5
      vertex 0.892708 6.67508 14.5
    endloop
  endfacet
  facet normal 0 0 1
    outer loop
      vertex 5.73576 8.19152 14.5
      vertex 0.860991 6.59851 14.5
      vertex 1.77809 2.53937 14.5
    endloop
  endfacet
  facet normal -0 0 1
    outer loop
      vertex 0.822723 6.525 14.5
      vertex 1.77809 2.53937 14.5
      vertex 0.860991 6.59851 14.5
    endloop
  endfacet
  facet normal 0 0 1
    outer loop
      vertex 1.77809 2.53937 14.5
      vertex 0.822723 6.525 14.5
      vertex 1.55 2.68468 14.5
    endloop
  endfacet
  facet normal -0 0 1
    outer loop
      vertex 0.778194 6.4551 14.5
      vertex 1.55 2.68468 14.5
      vertex 0.822723 6.525 14.5
    endloop
  endfacet
  facet normal -0 0 1
    outer loop
      vertex 0.727742 6.38935 14.5
      vertex 1.55 2.68468 14.5
      vertex 0.778194 6.4551 14.5
    endloop
  endfacet
  facet normal 0 0 1
    outer loop
      vertex 1.55 2.68468 14.5
      vertex 0.727742 6.38935 14.5
      vertex 1.31012 2.80955 14.5
    endloop
  endfacet
  facet normal -0 0 1
    outer loop
      vertex 0.671751 6.32825 14.5
      vertex 1.31012 2.80955 14.5
      vertex 0.727742 6.38935 14.5
    endloop
  endfacet
  facet normal -0 0 1
    outer loop
      vertex 0.610648 6.27226 14.5
      vertex 1.31012 2.80955 14.5
      vertex 0.671751 6.32825 14.5
    endloop
  endfacet
  facet normal 0 0 1
    outer loop
      vertex 1.31012 2.80955 14.5
      vertex 0.610648 6.27226 14.5
      vertex 1.06026 2.91305 14.5
    endloop
  endfacet
  facet normal -0 0 1
    outer loop
      vertex 0.544897 6.2218 14.5
      vertex 1.06026 2.91305 14.5
      vertex 0.610648 6.27226 14.5
    endloop
  endfacet
  facet normal 0 0 1
    outer loop
      vertex 1.06026 2.91305 14.5
      vertex 0.544897 6.2218 14.5
      vertex 0.802339 2.99437 14.5
    endloop
  endfacet
  facet normal -0 0 1
    outer loop
      vertex 0.474999 6.17728 14.5
      vertex 0.802339 2.99437 14.5
      vertex 0.544897 6.2218 14.5
    endloop
  endfacet
  facet normal -0 0 1
    outer loop
      vertex 0.401486 6.13901 14.5
      vertex 0.802339 2.99437 14.5
      vertex 0.474999 6.17728 14.5
    endloop
  endfacet
  facet normal 0 0 1
    outer loop
      vertex 0.802339 2.99437 14.5
      vertex 0.401486 6.13901 14.5
      vertex 0.538309 3.0529 14.5
    endloop
  endfacet
  facet normal -0 0 1
    outer loop
      vertex 0.324919 6.10729 14.5
      vertex 0.538309 3.0529 14.5
      vertex 0.401486 6.13901 14.5
    endloop
  endfacet
  facet normal -0 0 1
    outer loop
      vertex 0.245877 6.08237 14.5
      vertex 0.538309 3.0529 14.5
      vertex 0.324919 6.10729 14.5
    endloop
  endfacet
  facet normal 0 0 1
    outer loop
      vertex 0.538309 3.0529 14.5
      vertex 0.245877 6.08237 14.5
      vertex 0.270183 3.0882 14.5
    endloop
  endfacet
  facet normal -0 0 1
    outer loop
      vertex 0.164966 6.06443 14.5
      vertex 0.270183 3.0882 14.5
      vertex 0.245877 6.08237 14.5
    endloop
  endfacet
  facet normal -0 0 1
    outer loop
      vertex 0.0827971 6.05361 14.5
      vertex 0.270183 3.0882 14.5
      vertex 0.164966 6.06443 14.5
    endloop
  endfacet
  facet normal 0 0 1
    outer loop
      vertex 0 3.1 14.5
      vertex 0.0827971 6.05361 14.5
      vertex 0 6.05 14.5
    endloop
  endfacet
  facet normal 0 0 1
    outer loop
      vertex 0.0827971 6.05361 14.5
      vertex 0 3.1 14.5
      vertex 0.270183 3.0882 14.5
    endloop
  endfacet
  facet normal 0 0 1
    outer loop
      vertex -0.0827971 6.05361 14.5
      vertex 0 3.1 14.5
      vertex 0 6.05 14.5
    endloop
  endfacet
  facet normal 0 0 1
    outer loop
      vertex -0.270183 3.0882 14.5
      vertex -0.0827971 6.05361 14.5
      vertex -0.164966 6.06443 14.5
    endloop
  endfacet
  facet normal 0 0 1
    outer loop
      vertex -0.270183 3.0882 14.5
      vertex -0.164966 6.06443 14.5
      vertex -0.245877 6.08237 14.5
    endloop
  endfacet
  facet normal 0 0 1
    outer loop
      vertex -0.0827971 6.05361 14.5
      vertex -0.270183 3.0882 14.5
      vertex 0 3.1 14.5
    endloop
  endfacet
  facet normal 0 0 1
    outer loop
      vertex -0.538309 3.0529 14.5
      vertex -0.245877 6.08237 14.5
      vertex -0.324919 6.10729 14.5
    endloop
  endfacet
  facet normal 0 0 1
    outer loop
      vertex -0.538309 3.0529 14.5
      vertex -0.324919 6.10729 14.5
      vertex -0.401486 6.13901 14.5
    endloop
  endfacet
  facet normal 0 0 1
    outer loop
      vertex -0.802339 2.99437 14.5
      vertex -0.401486 6.13901 14.5
      vertex -0.474999 6.17728 14.5
    endloop
  endfacet
  facet normal 0 0 1
    outer loop
      vertex -0.245877 6.08237 14.5
      vertex -0.538309 3.0529 14.5
      vertex -0.270183 3.0882 14.5
    endloop
  endfacet
  facet normal 0 0 1
    outer loop
      vertex -0.802339 2.99437 14.5
      vertex -0.474999 6.17728 14.5
      vertex -0.544897 6.2218 14.5
    endloop
  endfacet
  facet normal 0 0 1
    outer loop
      vertex -1.06026 2.91305 14.5
      vertex -0.544897 6.2218 14.5
      vertex -0.610648 6.27226 14.5
    endloop
  endfacet
  facet normal 0 0 1
    outer loop
      vertex -1.31012 2.80955 14.5
      vertex -0.610648 6.27226 14.5
      vertex -0.671751 6.32825 14.5
    endloop
  endfacet
  facet normal 0 0 1
    outer loop
      vertex -1.31012 2.80955 14.5
      vertex -0.671751 6.32825 14.5
      vertex -0.727742 6.38935 14.5
    endloop
  endfacet
  facet normal 0 0 1
    outer loop
      vertex -1.55 2.68468 14.5
      vertex -0.727742 6.38935 14.5
      vertex -0.778194 6.4551 14.5
    endloop
  endfacet
  facet normal 0 0 1
    outer loop
      vertex -0.401486 6.13901 14.5
      vertex -0.802339 2.99437 14.5
      vertex -0.538309 3.0529 14.5
    endloop
  endfacet
  facet normal 0 0 1
    outer loop
      vertex -1.55 2.68468 14.5
      vertex -0.778194 6.4551 14.5
      vertex -0.822723 6.525 14.5
    endloop
  endfacet
  facet normal 0 0 1
    outer loop
      vertex -1.77809 2.53937 14.5
      vertex -0.822723 6.525 14.5
      vertex -0.860991 6.59851 14.5
    endloop
  endfacet
  facet normal 0 0 1
    outer loop
      vertex -0.917629 6.75412 14.5
      vertex -5.73576 8.19152 14.5
      vertex -0.892708 6.67508 14.5
    endloop
  endfacet
  facet normal 0 0 1
    outer loop
      vertex -0.935567 6.83503 14.5
      vertex -5 8.66025 14.5
      vertex -0.917629 6.75412 14.5
    endloop
  endfacet
  facet normal -0 0 1
    outer loop
      vertex -5 8.66025 14.5
      vertex -0.946384 6.9172 14.5
      vertex -4.22618 9.06308 14.5
    endloop
  endfacet
  facet normal 0 0 1
    outer loop
      vertex -0.95 7 14.5
      vertex -4.22618 9.06308 14.5
      vertex -0.946384 6.9172 14.5
    endloop
  endfacet
  facet normal 0 0 1
    outer loop
      vertex -0.946384 7.0828 14.5
      vertex -4.22618 9.06308 14.5
      vertex -0.95 7 14.5
    endloop
  endfacet
  facet normal 0 0 1
    outer loop
      vertex -0.544897 6.2218 14.5
      vertex -1.06026 2.91305 14.5
      vertex -0.802339 2.99437 14.5
    endloop
  endfacet
  facet normal -0 0 1
    outer loop
      vertex 7.93557 0.164966 14.5
      vertex 10 0 14.5
      vertex 9.96195 0.871557 14.5
    endloop
  endfacet
  facet normal 0 0 1
    outer loop
      vertex 7.82272 0.474999 14.5
      vertex 9.96195 0.871557 14.5
      vertex 9.84808 1.73648 14.5
    endloop
  endfacet
  facet normal 0 0 1
    outer loop
      vertex 10 0 14.5
      vertex 7.93557 0.164966 14.5
      vertex 7.94638 0.0827971 14.5
    endloop
  endfacet
  facet normal 0 0 1
    outer loop
      vertex 7.61065 0.727742 14.5
      vertex 9.84808 1.73648 14.5
      vertex 9.65926 2.58819 14.5
    endloop
  endfacet
  facet normal 0 0 1
    outer loop
      vertex 10 0 14.5
      vertex 7.94638 0.0827971 14.5
      vertex 7.95 0 14.5
    endloop
  endfacet
  facet normal 0 0 1
    outer loop
      vertex 7.32492 0.892708 14.5
      vertex 9.65926 2.58819 14.5
      vertex 9.39693 3.4202 14.5
    endloop
  endfacet
  facet normal 0 0 1
    outer loop
      vertex 7.93557 -0.164966 14.5
      vertex 10 0 14.5
      vertex 7.94638 -0.0827971 14.5
    endloop
  endfacet
  facet normal 0 0 1
    outer loop
      vertex 7.0828 0.946384 14.5
      vertex 9.39693 3.4202 14.5
      vertex 9.06308 4.22618 14.5
    endloop
  endfacet
  facet normal 0 0 1
    outer loop
      vertex 10 0 14.5
      vertex 7.93557 -0.164966 14.5
      vertex 9.96195 -0.871557 14.5
    endloop
  endfacet
  facet normal 0 0 1
    outer loop
      vertex 6.9172 0.946384 14.5
      vertex 9.06308 4.22618 14.5
      vertex 8.66025 5 14.5
    endloop
  endfacet
  facet normal -0 0 1
    outer loop
      vertex 7.91763 -0.245877 14.5
      vertex 9.96195 -0.871557 14.5
      vertex 7.93557 -0.164966 14.5
    endloop
  endfacet
  facet normal 0 0 1
    outer loop
      vertex 6.75412 0.917629 14.5
      vertex 8.66025 5 14.5
      vertex 8.19152 5.73576 14.5
    endloop
  endfacet
  facet normal -0 0 1
    outer loop
      vertex 7.89271 -0.324919 14.5
      vertex 9.96195 -0.871557 14.5
      vertex 7.91763 -0.245877 14.5
    endloop
  endfacet
  facet normal -0 0 1
    outer loop
      vertex 7.82272 -0.474999 14.5
      vertex 9.96195 -0.871557 14.5
      vertex 7.86099 -0.401486 14.5
    endloop
  endfacet
  facet normal -0 0 1
    outer loop
      vertex 7.86099 -0.401486 14.5
      vertex 9.96195 -0.871557 14.5
      vertex 7.89271 -0.324919 14.5
    endloop
  endfacet
  facet normal 0 0 1
    outer loop
      vertex 7.94638 -0.0827971 14.5
      vertex 10 0 14.5
      vertex 7.95 0 14.5
    endloop
  endfacet
  facet normal 0 0 1
    outer loop
      vertex 9.96195 0.871557 14.5
      vertex 7.91763 0.245877 14.5
      vertex 7.93557 0.164966 14.5
    endloop
  endfacet
  facet normal 0 0 1
    outer loop
      vertex 9.96195 0.871557 14.5
      vertex 7.89271 0.324919 14.5
      vertex 7.91763 0.245877 14.5
    endloop
  endfacet
  facet normal 0 0 1
    outer loop
      vertex 9.96195 0.871557 14.5
      vertex 7.86099 0.401486 14.5
      vertex 7.89271 0.324919 14.5
    endloop
  endfacet
  facet normal 0 0 1
    outer loop
      vertex 9.96195 0.871557 14.5
      vertex 7.82272 0.474999 14.5
      vertex 7.86099 0.401486 14.5
    endloop
  endfacet
  facet normal 0 0 1
    outer loop
      vertex 9.84808 1.73648 14.5
      vertex 7.77819 0.544897 14.5
      vertex 7.82272 0.474999 14.5
    endloop
  endfacet
  facet normal 0 0 1
    outer loop
      vertex 9.84808 1.73648 14.5
      vertex 7.72774 0.610648 14.5
      vertex 7.77819 0.544897 14.5
    endloop
  endfacet
  facet normal 0 0 1
    outer loop
      vertex 9.84808 1.73648 14.5
      vertex 7.67175 0.671751 14.5
      vertex 7.72774 0.610648 14.5
    endloop
  endfacet
  facet normal 0 0 1
    outer loop
      vertex 6.59851 0.860991 14.5
      vertex 8.19152 5.73576 14.5
      vertex 7.66044 6.42788 14.5
    endloop
  endfacet
  facet normal 0 0 1
    outer loop
      vertex 9.84808 1.73648 14.5
      vertex 7.61065 0.727742 14.5
      vertex 7.67175 0.671751 14.5
    endloop
  endfacet
  facet normal 0 0 1
    outer loop
      vertex 9.65926 2.58819 14.5
      vertex 7.5449 0.778194 14.5
      vertex 7.61065 0.727742 14.5
    endloop
  endfacet
  facet normal 0 0 1
    outer loop
      vertex 9.65926 2.58819 14.5
      vertex 7.475 0.822723 14.5
      vertex 7.5449 0.778194 14.5
    endloop
  endfacet
  facet normal 0 0 1
    outer loop
      vertex 9.65926 2.58819 14.5
      vertex 7.40149 0.860991 14.5
      vertex 7.475 0.822723 14.5
    endloop
  endfacet
  facet normal 0 0 1
    outer loop
      vertex 9.65926 2.58819 14.5
      vertex 7.32492 0.892708 14.5
      vertex 7.40149 0.860991 14.5
    endloop
  endfacet
  facet normal 0 0 1
    outer loop
      vertex 9.39693 3.4202 14.5
      vertex 7.24588 0.917629 14.5
      vertex 7.32492 0.892708 14.5
    endloop
  endfacet
  facet normal 0 0 1
    outer loop
      vertex 9.39693 3.4202 14.5
      vertex 7.16497 0.935567 14.5
      vertex 7.24588 0.917629 14.5
    endloop
  endfacet
  facet normal 0 0 1
    outer loop
      vertex 9.39693 3.4202 14.5
      vertex 7.0828 0.946384 14.5
      vertex 7.16497 0.935567 14.5
    endloop
  endfacet
  facet normal 0 0 1
    outer loop
      vertex 2.53937 1.77809 14.5
      vertex 7.66044 6.42788 14.5
      vertex 7.07107 7.07107 14.5
    endloop
  endfacet
  facet normal 0 0 1
    outer loop
      vertex 9.06308 4.22618 14.5
      vertex 7 0.95 14.5
      vertex 7.0828 0.946384 14.5
    endloop
  endfacet
  facet normal 0 0 1
    outer loop
      vertex 9.06308 4.22618 14.5
      vertex 6.9172 0.946384 14.5
      vertex 7 0.95 14.5
    endloop
  endfacet
  facet normal 0 0 1
    outer loop
      vertex 8.66025 5 14.5
      vertex 6.83503 0.935567 14.5
      vertex 6.9172 0.946384 14.5
    endloop
  endfacet
  facet normal 0 0 1
    outer loop
      vertex 8.66025 5 14.5
      vertex 6.75412 0.917629 14.5
      vertex 6.83503 0.935567 14.5
    endloop
  endfacet
  facet normal 0 0 1
    outer loop
      vertex 8.19152 5.73576 14.5
      vertex 6.67508 0.892708 14.5
      vertex 6.75412 0.917629 14.5
    endloop
  endfacet
  facet normal 0 0 1
    outer loop
      vertex 8.19152 5.73576 14.5
      vertex 6.59851 0.860991 14.5
      vertex 6.67508 0.892708 14.5
    endloop
  endfacet
  facet normal 0 0 1
    outer loop
      vertex 7.66044 6.42788 14.5
      vertex 2.53937 1.77809 14.5
      vertex 6.59851 0.860991 14.5
    endloop
  endfacet
  facet normal 0 0 1
    outer loop
      vertex 6.59851 0.860991 14.5
      vertex 2.53937 1.77809 14.5
      vertex 6.525 0.822723 14.5
    endloop
  endfacet
  facet normal 0 0 1
    outer loop
      vertex 2.53937 1.77809 14.5
      vertex 7.07107 7.07107 14.5
      vertex 6.42788 7.66044 14.5
    endloop
  endfacet
  facet normal 0 0 1
    outer loop
      vertex 6.525 0.822723 14.5
      vertex 2.53937 1.77809 14.5
      vertex 6.4551 0.778194 14.5
    endloop
  endfacet
  facet normal -0 -0 1
    outer loop
      vertex 2.68468 1.55 14.5
      vertex 6.4551 0.778194 14.5
      vertex 2.53937 1.77809 14.5
    endloop
  endfacet
  facet normal 0 0 1
    outer loop
      vertex 6.4551 0.778194 14.5
      vertex 2.68468 1.55 14.5
      vertex 6.38935 0.727742 14.5
    endloop
  endfacet
  facet normal -0 -0 1
    outer loop
      vertex 2.80955 1.31012 14.5
      vertex 6.38935 0.727742 14.5
      vertex 2.68468 1.55 14.5
    endloop
  endfacet
  facet normal 0 0 1
    outer loop
      vertex 6.38935 0.727742 14.5
      vertex 2.80955 1.31012 14.5
      vertex 6.32825 0.671751 14.5
    endloop
  endfacet
  facet normal 0 0 1
    outer loop
      vertex 6.32825 0.671751 14.5
      vertex 2.80955 1.31012 14.5
      vertex 6.27226 0.610648 14.5
    endloop
  endfacet
  facet normal -0 -0 1
    outer loop
      vertex 2.91305 1.06026 14.5
      vertex 6.27226 0.610648 14.5
      vertex 2.80955 1.31012 14.5
    endloop
  endfacet
  facet normal 0 0 1
    outer loop
      vertex 6.27226 0.610648 14.5
      vertex 2.91305 1.06026 14.5
      vertex 6.2218 0.544897 14.5
    endloop
  endfacet
  facet normal 0 0 1
    outer loop
      vertex 6.2218 0.544897 14.5
      vertex 2.91305 1.06026 14.5
      vertex 6.17728 0.474999 14.5
    endloop
  endfacet
  facet normal -0 -0 1
    outer loop
      vertex 2.99437 0.802339 14.5
      vertex 6.17728 0.474999 14.5
      vertex 2.91305 1.06026 14.5
    endloop
  endfacet
  facet normal 0 0 1
    outer loop
      vertex 6.17728 0.474999 14.5
      vertex 2.99437 0.802339 14.5
      vertex 6.13901 0.401486 14.5
    endloop
  endfacet
  facet normal 0 0 1
    outer loop
      vertex 2.53937 1.77809 14.5
      vertex 6.42788 7.66044 14.5
      vertex 5.73576 8.19152 14.5
    endloop
  endfacet
  facet normal 0 0 1
    outer loop
      vertex 9.96195 -0.871557 14.5
      vertex 7.82272 -0.474999 14.5
      vertex 9.84808 -1.73648 14.5
    endloop
  endfacet
  facet normal -0 0 1
    outer loop
      vertex 7.77819 -0.544897 14.5
      vertex 9.84808 -1.73648 14.5
      vertex 7.82272 -0.474999 14.5
    endloop
  endfacet
  facet normal -0 0 1
    outer loop
      vertex 7.72774 -0.610648 14.5
      vertex 9.84808 -1.73648 14.5
      vertex 7.77819 -0.544897 14.5
    endloop
  endfacet
  facet normal -0 0 1
    outer loop
      vertex 7.67175 -0.671751 14.5
      vertex 9.84808 -1.73648 14.5
      vertex 7.72774 -0.610648 14.5
    endloop
  endfacet
  facet normal -0 0 1
    outer loop
      vertex 7.61065 -0.727742 14.5
      vertex 9.84808 -1.73648 14.5
      vertex 7.67175 -0.671751 14.5
    endloop
  endfacet
  facet normal 0 0 1
    outer loop
      vertex 9.84808 -1.73648 14.5
      vertex 7.61065 -0.727742 14.5
      vertex 9.65926 -2.58819 14.5
    endloop
  endfacet
  facet normal -0 0 1
    outer loop
      vertex 7.5449 -0.778194 14.5
      vertex 9.65926 -2.58819 14.5
      vertex 7.61065 -0.727742 14.5
    endloop
  endfacet
  facet normal -0 0 1
    outer loop
      vertex 7.475 -0.822723 14.5
      vertex 9.65926 -2.58819 14.5
      vertex 7.5449 -0.778194 14.5
    endloop
  endfacet
  facet normal -0 0 1
    outer loop
      vertex 7.40149 -0.860991 14.5
      vertex 9.65926 -2.58819 14.5
      vertex 7.475 -0.822723 14.5
    endloop
  endfacet
  facet normal -0 0 1
    outer loop
      vertex 7.32492 -0.892708 14.5
      vertex 9.65926 -2.58819 14.5
      vertex 7.40149 -0.860991 14.5
    endloop
  endfacet
  facet normal 0 0 1
    outer loop
      vertex 9.65926 -2.58819 14.5
      vertex 7.32492 -0.892708 14.5
      vertex 9.39693 -3.4202 14.5
    endloop
  endfacet
  facet normal -0 0 1
    outer loop
      vertex 7.24588 -0.917629 14.5
      vertex 9.39693 -3.4202 14.5
      vertex 7.32492 -0.892708 14.5
    endloop
  endfacet
  facet normal -0 0 1
    outer loop
      vertex 7.16497 -0.935567 14.5
      vertex 9.39693 -3.4202 14.5
      vertex 7.24588 -0.917629 14.5
    endloop
  endfacet
  facet normal -0 0 1
    outer loop
      vertex 7.0828 -0.946384 14.5
      vertex 9.39693 -3.4202 14.5
      vertex 7.16497 -0.935567 14.5
    endloop
  endfacet
  facet normal 0 0 1
    outer loop
      vertex 9.39693 -3.4202 14.5
      vertex 7.0828 -0.946384 14.5
      vertex 9.06308 -4.22618 14.5
    endloop
  endfacet
  facet normal -0 0 1
    outer loop
      vertex 7 -0.95 14.5
      vertex 9.06308 -4.22618 14.5
      vertex 7.0828 -0.946384 14.5
    endloop
  endfacet
  facet normal 0 0 1
    outer loop
      vertex 6.9172 -0.946384 14.5
      vertex 9.06308 -4.22618 14.5
      vertex 7 -0.95 14.5
    endloop
  endfacet
  facet normal 0 0 1
    outer loop
      vertex 9.06308 -4.22618 14.5
      vertex 6.9172 -0.946384 14.5
      vertex 8.66025 -5 14.5
    endloop
  endfacet
  facet normal 0 0 1
    outer loop
      vertex 6.83503 -0.935567 14.5
      vertex 8.66025 -5 14.5
      vertex 6.9172 -0.946384 14.5
    endloop
  endfacet
  facet normal 0 0 1
    outer loop
      vertex 6.75412 -0.917629 14.5
      vertex 8.66025 -5 14.5
      vertex 6.83503 -0.935567 14.5
    endloop
  endfacet
  facet normal 0 0 1
    outer loop
      vertex 8.66025 -5 14.5
      vertex 6.75412 -0.917629 14.5
      vertex 8.19152 -5.73576 14.5
    endloop
  endfacet
  facet normal 0 0 1
    outer loop
      vertex 6.67508 -0.892708 14.5
      vertex 8.19152 -5.73576 14.5
      vertex 6.75412 -0.917629 14.5
    endloop
  endfacet
  facet normal 0 0 1
    outer loop
      vertex 6.59851 -0.860991 14.5
      vertex 8.19152 -5.73576 14.5
      vertex 6.67508 -0.892708 14.5
    endloop
  endfacet
  facet normal 0 0 1
    outer loop
      vertex 8.19152 -5.73576 14.5
      vertex 6.59851 -0.860991 14.5
      vertex 7.66044 -6.42788 14.5
    endloop
  endfacet
  facet normal 0 0 1
    outer loop
      vertex 6.4551 -0.778194 14.5
      vertex 2.68468 -1.55 14.5
      vertex 6.525 -0.822723 14.5
    endloop
  endfacet
  facet normal 0 0 1
    outer loop
      vertex 2.68468 -1.55 14.5
      vertex 6.38935 -0.727742 14.5
      vertex 2.80955 -1.31012 14.5
    endloop
  endfacet
  facet normal 0 0 1
    outer loop
      vertex 6.27226 -0.610648 14.5
      vertex 2.80955 -1.31012 14.5
      vertex 6.32825 -0.671751 14.5
    endloop
  endfacet
  facet normal 0 0 1
    outer loop
      vertex 2.80955 -1.31012 14.5
      vertex 6.27226 -0.610648 14.5
      vertex 2.91305 -1.06026 14.5
    endloop
  endfacet
  facet normal 0 0 1
    outer loop
      vertex 2.91305 -1.06026 14.5
      vertex 6.2218 -0.544897 14.5
      vertex 2.99437 -0.802339 14.5
    endloop
  endfacet
  facet normal 0 0 1
    outer loop
      vertex 6.17728 -0.474999 14.5
      vertex 2.99437 -0.802339 14.5
      vertex 6.2218 -0.544897 14.5
    endloop
  endfacet
  facet normal 0 0 1
    outer loop
      vertex 6.13901 -0.401486 14.5
      vertex 2.99437 -0.802339 14.5
      vertex 6.17728 -0.474999 14.5
    endloop
  endfacet
  facet normal 0 0 1
    outer loop
      vertex 2.99437 -0.802339 14.5
      vertex 6.13901 -0.401486 14.5
      vertex 3.0529 -0.538309 14.5
    endloop
  endfacet
  facet normal 0 0 1
    outer loop
      vertex 6.10729 -0.324919 14.5
      vertex 3.0529 -0.538309 14.5
      vertex 6.13901 -0.401486 14.5
    endloop
  endfacet
  facet normal 0 0 1
    outer loop
      vertex 6.08237 -0.245877 14.5
      vertex 3.0529 -0.538309 14.5
      vertex 6.10729 -0.324919 14.5
    endloop
  endfacet
  facet normal 0 0 1
    outer loop
      vertex 3.0529 -0.538309 14.5
      vertex 6.08237 -0.245877 14.5
      vertex 3.0882 -0.270183 14.5
    endloop
  endfacet
  facet normal 0 0 1
    outer loop
      vertex 6.06443 -0.164966 14.5
      vertex 3.0882 -0.270183 14.5
      vertex 6.08237 -0.245877 14.5
    endloop
  endfacet
  facet normal 0 0 1
    outer loop
      vertex 6.05361 -0.0827971 14.5
      vertex 3.0882 -0.270183 14.5
      vertex 6.06443 -0.164966 14.5
    endloop
  endfacet
  facet normal 0 0 1
    outer loop
      vertex 3.0882 -0.270183 14.5
      vertex 6.05361 -0.0827971 14.5
      vertex 3.1 0 14.5
    endloop
  endfacet
  facet normal 0 0 1
    outer loop
      vertex 6.2218 -0.544897 14.5
      vertex 2.91305 -1.06026 14.5
      vertex 6.27226 -0.610648 14.5
    endloop
  endfacet
  facet normal -0 0 1
    outer loop
      vertex 3.1 0 14.5
      vertex 6.05361 -0.0827971 14.5
      vertex 6.05 0 14.5
    endloop
  endfacet
  facet normal -0 -0 1
    outer loop
      vertex 3.0529 0.538309 14.5
      vertex 6.13901 0.401486 14.5
      vertex 2.99437 0.802339 14.5
    endloop
  endfacet
  facet normal 0 0 1
    outer loop
      vertex 4.22618 9.06308 14.5
      vertex 0.946384 6.9172 14.5
      vertex 5 8.66025 14.5
    endloop
  endfacet
  facet normal 0 0 1
    outer loop
      vertex 6.32825 -0.671751 14.5
      vertex 2.80955 -1.31012 14.5
      vertex 6.38935 -0.727742 14.5
    endloop
  endfacet
  facet normal 0 0 1
    outer loop
      vertex 0.946384 6.9172 14.5
      vertex 4.22618 9.06308 14.5
      vertex 0.95 7 14.5
    endloop
  endfacet
  facet normal 0 0 1
    outer loop
      vertex 6.38935 -0.727742 14.5
      vertex 2.68468 -1.55 14.5
      vertex 6.4551 -0.778194 14.5
    endloop
  endfacet
  facet normal 0 0 1
    outer loop
      vertex 0.946384 7.0828 14.5
      vertex 4.22618 9.06308 14.5
      vertex 3.4202 9.39693 14.5
    endloop
  endfacet
  facet normal 0 0 1
    outer loop
      vertex 2.53937 -1.77809 14.5
      vertex 6.525 -0.822723 14.5
      vertex 2.68468 -1.55 14.5
    endloop
  endfacet
  facet normal 0 0 1
    outer loop
      vertex 6.525 -0.822723 14.5
      vertex 2.53937 -1.77809 14.5
      vertex 6.59851 -0.860991 14.5
    endloop
  endfacet
  facet normal 0 0 1
    outer loop
      vertex 6.05361 0.0827971 14.5
      vertex 3.1 0 14.5
      vertex 6.05 0 14.5
    endloop
  endfacet
  facet normal 0 -0 1
    outer loop
      vertex 3.1 0 14.5
      vertex 6.05361 0.0827971 14.5
      vertex 3.0882 0.270183 14.5
    endloop
  endfacet
  facet normal 0 0 1
    outer loop
      vertex 6.06443 0.164966 14.5
      vertex 3.0882 0.270183 14.5
      vertex 6.05361 0.0827971 14.5
    endloop
  endfacet
  facet normal 0 0 1
    outer loop
      vertex 6.08237 0.245877 14.5
      vertex 3.0882 0.270183 14.5
      vertex 6.06443 0.164966 14.5
    endloop
  endfacet
  facet normal -0 -0 1
    outer loop
      vertex 3.0882 0.270183 14.5
      vertex 6.08237 0.245877 14.5
      vertex 3.0529 0.538309 14.5
    endloop
  endfacet
  facet normal 0 0 1
    outer loop
      vertex 6.10729 0.324919 14.5
      vertex 3.0529 0.538309 14.5
      vertex 6.08237 0.245877 14.5
    endloop
  endfacet
  facet normal 0 0 1
    outer loop
      vertex 0.892708 7.32492 14.5
      vertex 3.4202 9.39693 14.5
      vertex 2.58819 9.65926 14.5
    endloop
  endfacet
  facet normal 0 0 1
    outer loop
      vertex 6.13901 0.401486 14.5
      vertex 3.0529 0.538309 14.5
      vertex 6.10729 0.324919 14.5
    endloop
  endfacet
  facet normal 0 0 1
    outer loop
      vertex 5.73576 8.19152 14.5
      vertex 2.37474 1.99264 14.5
      vertex 2.53937 1.77809 14.5
    endloop
  endfacet
  facet normal 0 0 1
    outer loop
      vertex 5.73576 8.19152 14.5
      vertex 2.19203 2.19203 14.5
      vertex 2.37474 1.99264 14.5
    endloop
  endfacet
  facet normal 0 0 1
    outer loop
      vertex 0.935567 6.83503 14.5
      vertex 5 8.66025 14.5
      vertex 0.946384 6.9172 14.5
    endloop
  endfacet
  facet normal 0 0 1
    outer loop
      vertex 5.73576 8.19152 14.5
      vertex 1.99264 2.37474 14.5
      vertex 2.19203 2.19203 14.5
    endloop
  endfacet
  facet normal 0 0 1
    outer loop
      vertex 0.778194 7.5449 14.5
      vertex 2.58819 9.65926 14.5
      vertex 1.73648 9.84808 14.5
    endloop
  endfacet
  facet normal 0 0 1
    outer loop
      vertex 5.73576 8.19152 14.5
      vertex 1.77809 2.53937 14.5
      vertex 1.99264 2.37474 14.5
    endloop
  endfacet
  facet normal 0 0 1
    outer loop
      vertex 0.917629 6.75412 14.5
      vertex 5 8.66025 14.5
      vertex 0.935567 6.83503 14.5
    endloop
  endfacet
  facet normal 0 0 1
    outer loop
      vertex 5 8.66025 14.5
      vertex 0.917629 6.75412 14.5
      vertex 5.73576 8.19152 14.5
    endloop
  endfacet
  facet normal 0 0 1
    outer loop
      vertex 0.892708 6.67508 14.5
      vertex 5.73576 8.19152 14.5
      vertex 0.917629 6.75412 14.5
    endloop
  endfacet
  facet normal 0 0 1
    outer loop
      vertex 4.22618 9.06308 14.5
      vertex 0.946384 7.0828 14.5
      vertex 0.95 7 14.5
    endloop
  endfacet
  facet normal 0 0 1
    outer loop
      vertex 3.4202 9.39693 14.5
      vertex 0.935567 7.16497 14.5
      vertex 0.946384 7.0828 14.5
    endloop
  endfacet
  facet normal 0 0 1
    outer loop
      vertex 3.4202 9.39693 14.5
      vertex 0.917629 7.24588 14.5
      vertex 0.935567 7.16497 14.5
    endloop
  endfacet
  facet normal 0 0 1
    outer loop
      vertex 3.4202 9.39693 14.5
      vertex 0.892708 7.32492 14.5
      vertex 0.917629 7.24588 14.5
    endloop
  endfacet
  facet normal 0 0 1
    outer loop
      vertex 0.544897 7.77819 14.5
      vertex 1.73648 9.84808 14.5
      vertex 0.871557 9.96195 14.5
    endloop
  endfacet
  facet normal 0 0 1
    outer loop
      vertex 2.58819 9.65926 14.5
      vertex 0.860991 7.40149 14.5
      vertex 0.892708 7.32492 14.5
    endloop
  endfacet
  facet normal 0 0 1
    outer loop
      vertex 2.58819 9.65926 14.5
      vertex 0.822723 7.475 14.5
      vertex 0.860991 7.40149 14.5
    endloop
  endfacet
  facet normal 0 0 1
    outer loop
      vertex 2.58819 9.65926 14.5
      vertex 0.778194 7.5449 14.5
      vertex 0.822723 7.475 14.5
    endloop
  endfacet
  facet normal 0 0 1
    outer loop
      vertex 1.73648 9.84808 14.5
      vertex 0.727742 7.61065 14.5
      vertex 0.778194 7.5449 14.5
    endloop
  endfacet
  facet normal 0 0 1
    outer loop
      vertex 1.73648 9.84808 14.5
      vertex 0.671751 7.67175 14.5
      vertex 0.727742 7.61065 14.5
    endloop
  endfacet
  facet normal 0 0 1
    outer loop
      vertex 1.73648 9.84808 14.5
      vertex 0.610648 7.72774 14.5
      vertex 0.671751 7.67175 14.5
    endloop
  endfacet
  facet normal 0 0 1
    outer loop
      vertex 1.73648 9.84808 14.5
      vertex 0.544897 7.77819 14.5
      vertex 0.610648 7.72774 14.5
    endloop
  endfacet
  facet normal 0 0 1
    outer loop
      vertex 0.871557 9.96195 14.5
      vertex 0.474999 7.82272 14.5
      vertex 0.544897 7.77819 14.5
    endloop
  endfacet
  facet normal 0 0 1
    outer loop
      vertex 0.871557 9.96195 14.5
      vertex 0.401486 7.86099 14.5
      vertex 0.474999 7.82272 14.5
    endloop
  endfacet
  facet normal 0 0 1
    outer loop
      vertex 0.871557 9.96195 14.5
      vertex 0.324919 7.89271 14.5
      vertex 0.401486 7.86099 14.5
    endloop
  endfacet
  facet normal 0 0 1
    outer loop
      vertex 0.871557 9.96195 14.5
      vertex 0.245877 7.91763 14.5
      vertex 0.324919 7.89271 14.5
    endloop
  endfacet
  facet normal 0 0 1
    outer loop
      vertex 0.871557 9.96195 14.5
      vertex 0.164966 7.93557 14.5
      vertex 0.245877 7.91763 14.5
    endloop
  endfacet
  facet normal 0 0 1
    outer loop
      vertex 0 10 14.5
      vertex 0.164966 7.93557 14.5
      vertex 0.871557 9.96195 14.5
    endloop
  endfacet
  facet normal 0 0 1
    outer loop
      vertex 0.164966 7.93557 14.5
      vertex 0 10 14.5
      vertex 0.0827971 7.94638 14.5
    endloop
  endfacet
  facet normal 0 0 1
    outer loop
      vertex 0 10 14.5
      vertex 0 7.95 14.5
      vertex 0.0827971 7.94638 14.5
    endloop
  endfacet
  facet normal 0 0 1
    outer loop
      vertex 0 10 14.5
      vertex -0.0827971 7.94638 14.5
      vertex 0 7.95 14.5
    endloop
  endfacet
  facet normal 0 0 1
    outer loop
      vertex 0 10 14.5
      vertex -0.164966 7.93557 14.5
      vertex -0.0827971 7.94638 14.5
    endloop
  endfacet
  facet normal -0 0 1
    outer loop
      vertex -0.871557 9.96195 14.5
      vertex -0.164966 7.93557 14.5
      vertex 0 10 14.5
    endloop
  endfacet
  facet normal 0 0 1
    outer loop
      vertex -0.164966 7.93557 14.5
      vertex -0.871557 9.96195 14.5
      vertex -0.245877 7.91763 14.5
    endloop
  endfacet
  facet normal 0 0 1
    outer loop
      vertex -0.245877 7.91763 14.5
      vertex -0.871557 9.96195 14.5
      vertex -0.324919 7.89271 14.5
    endloop
  endfacet
  facet normal 0 0 1
    outer loop
      vertex -0.324919 7.89271 14.5
      vertex -0.871557 9.96195 14.5
      vertex -0.401486 7.86099 14.5
    endloop
  endfacet
  facet normal 0 0 1
    outer loop
      vertex -0.401486 7.86099 14.5
      vertex -0.871557 9.96195 14.5
      vertex -0.474999 7.82272 14.5
    endloop
  endfacet
  facet normal 0 0 1
    outer loop
      vertex -0.474999 7.82272 14.5
      vertex -0.871557 9.96195 14.5
      vertex -0.544897 7.77819 14.5
    endloop
  endfacet
  facet normal -0 0 1
    outer loop
      vertex -1.73648 9.84808 14.5
      vertex -0.544897 7.77819 14.5
      vertex -0.871557 9.96195 14.5
    endloop
  endfacet
  facet normal 0 0 1
    outer loop
      vertex -0.544897 7.77819 14.5
      vertex -1.73648 9.84808 14.5
      vertex -0.610648 7.72774 14.5
    endloop
  endfacet
  facet normal 0 0 1
    outer loop
      vertex -0.610648 7.72774 14.5
      vertex -1.73648 9.84808 14.5
      vertex -0.671751 7.67175 14.5
    endloop
  endfacet
  facet normal 0 0 1
    outer loop
      vertex -0.671751 7.67175 14.5
      vertex -1.73648 9.84808 14.5
      vertex -0.727742 7.61065 14.5
    endloop
  endfacet
  facet normal 0 0 1
    outer loop
      vertex -0.727742 7.61065 14.5
      vertex -1.73648 9.84808 14.5
      vertex -0.778194 7.5449 14.5
    endloop
  endfacet
  facet normal -0 0 1
    outer loop
      vertex -2.58819 9.65926 14.5
      vertex -0.778194 7.5449 14.5
      vertex -1.73648 9.84808 14.5
    endloop
  endfacet
  facet normal 0 0 1
    outer loop
      vertex -0.778194 7.5449 14.5
      vertex -2.58819 9.65926 14.5
      vertex -0.822723 7.475 14.5
    endloop
  endfacet
  facet normal 0 0 1
    outer loop
      vertex -0.822723 7.475 14.5
      vertex -2.58819 9.65926 14.5
      vertex -0.860991 7.40149 14.5
    endloop
  endfacet
  facet normal 0 0 1
    outer loop
      vertex -0.860991 7.40149 14.5
      vertex -2.58819 9.65926 14.5
      vertex -0.892708 7.32492 14.5
    endloop
  endfacet
  facet normal -0 0 1
    outer loop
      vertex -3.4202 9.39693 14.5
      vertex -0.892708 7.32492 14.5
      vertex -2.58819 9.65926 14.5
    endloop
  endfacet
  facet normal 0 0 1
    outer loop
      vertex -0.892708 7.32492 14.5
      vertex -3.4202 9.39693 14.5
      vertex -0.917629 7.24588 14.5
    endloop
  endfacet
  facet normal 0 0 1
    outer loop
      vertex -0.917629 7.24588 14.5
      vertex -3.4202 9.39693 14.5
      vertex -0.935567 7.16497 14.5
    endloop
  endfacet
  facet normal 0 0 1
    outer loop
      vertex -0.935567 7.16497 14.5
      vertex -3.4202 9.39693 14.5
      vertex -0.946384 7.0828 14.5
    endloop
  endfacet
  facet normal -0 0 1
    outer loop
      vertex -4.22618 9.06308 14.5
      vertex -0.946384 7.0828 14.5
      vertex -3.4202 9.39693 14.5
    endloop
  endfacet
  facet normal 0 0 1
    outer loop
      vertex -0.946384 6.9172 14.5
      vertex -5 8.66025 14.5
      vertex -0.935567 6.83503 14.5
    endloop
  endfacet
  facet normal 0 0 1
    outer loop
      vertex -0.610648 6.27226 14.5
      vertex -1.31012 2.80955 14.5
      vertex -1.06026 2.91305 14.5
    endloop
  endfacet
  facet normal 0 0 1
    outer loop
      vertex -0.727742 6.38935 14.5
      vertex -1.55 2.68468 14.5
      vertex -1.31012 2.80955 14.5
    endloop
  endfacet
  facet normal 0 0 1
    outer loop
      vertex -0.822723 6.525 14.5
      vertex -1.77809 2.53937 14.5
      vertex -1.55 2.68468 14.5
    endloop
  endfacet
  facet normal 0 0 1
    outer loop
      vertex -0.860991 6.59851 14.5
      vertex -1.99264 2.37474 14.5
      vertex -1.77809 2.53937 14.5
    endloop
  endfacet
  facet normal -0 0 1
    outer loop
      vertex -5.73576 8.19152 14.5
      vertex -0.917629 6.75412 14.5
      vertex -5 8.66025 14.5
    endloop
  endfacet
  facet normal 0 0 1
    outer loop
      vertex -0.892708 6.67508 14.5
      vertex -5.73576 8.19152 14.5
      vertex -0.860991 6.59851 14.5
    endloop
  endfacet
  facet normal -0 0 1
    outer loop
      vertex -6.42788 7.66044 14.5
      vertex -0.860991 6.59851 14.5
      vertex -5.73576 8.19152 14.5
    endloop
  endfacet
  facet normal 0 0 1
    outer loop
      vertex -0.860991 6.59851 14.5
      vertex -6.42788 7.66044 14.5
      vertex -1.99264 2.37474 14.5
    endloop
  endfacet
  facet normal 0 0 1
    outer loop
      vertex -1.99264 2.37474 14.5
      vertex -6.42788 7.66044 14.5
      vertex -2.19203 2.19203 14.5
    endloop
  endfacet
  facet normal -0 0 1
    outer loop
      vertex -7.07107 7.07107 14.5
      vertex -2.19203 2.19203 14.5
      vertex -6.42788 7.66044 14.5
    endloop
  endfacet
  facet normal 0 0 1
    outer loop
      vertex -2.19203 2.19203 14.5
      vertex -7.07107 7.07107 14.5
      vertex -2.37474 1.99264 14.5
    endloop
  endfacet
  facet normal -0 0 1
    outer loop
      vertex -7.66044 6.42788 14.5
      vertex -2.37474 1.99264 14.5
      vertex -7.07107 7.07107 14.5
    endloop
  endfacet
  facet normal 0 -0 1
    outer loop
      vertex -6.59851 0.860991 14.5
      vertex -2.53937 1.77809 14.5
      vertex -7.66044 6.42788 14.5
    endloop
  endfacet
  facet normal 0 0 1
    outer loop
      vertex -2.37474 1.99264 14.5
      vertex -7.66044 6.42788 14.5
      vertex -2.53937 1.77809 14.5
    endloop
  endfacet
  facet normal -0.461753 0.887009 0
    outer loop
      vertex -4.22618 9.06308 11
      vertex -5 8.66025 14.5
      vertex -4.22618 9.06308 14.5
    endloop
  endfacet
  facet normal -0.461753 0.887009 0
    outer loop
      vertex -5 8.66025 14.5
      vertex -4.22618 9.06308 11
      vertex -5 8.66025 11
    endloop
  endfacet
  facet normal -0.382686 0.923879 0
    outer loop
      vertex -3.4202 9.39693 11
      vertex -4.22618 9.06308 14.5
      vertex -3.4202 9.39693 14.5
    endloop
  endfacet
  facet normal -0.382686 0.923879 0
    outer loop
      vertex -4.22618 9.06308 14.5
      vertex -3.4202 9.39693 11
      vertex -4.22618 9.06308 11
    endloop
  endfacet
  facet normal -0.60876 0.793355 0
    outer loop
      vertex -5.73576 8.19152 11
      vertex -6.42788 7.66044 14.5
      vertex -5.73576 8.19152 14.5
    endloop
  endfacet
  facet normal -0.60876 0.793355 0
    outer loop
      vertex -6.42788 7.66044 14.5
      vertex -5.73576 8.19152 11
      vertex -6.42788 7.66044 11
    endloop
  endfacet
  facet normal -0.21644 0.976296 0
    outer loop
      vertex -1.73648 9.84808 11
      vertex -2.58819 9.65926 14.5
      vertex -1.73648 9.84808 14.5
    endloop
  endfacet
  facet normal -0.21644 0.976296 0
    outer loop
      vertex -2.58819 9.65926 14.5
      vertex -1.73648 9.84808 11
      vertex -2.58819 9.65926 11
    endloop
  endfacet
  facet normal -0.043616 0.999048 0
    outer loop
      vertex 0 10 11
      vertex -0.871557 9.96195 14.5
      vertex 0 10 14.5
    endloop
  endfacet
  facet normal -0.043616 0.999048 0
    outer loop
      vertex -0.871557 9.96195 14.5
      vertex 0 10 11
      vertex -0.871557 9.96195 11
    endloop
  endfacet
  facet normal 0.999048 -0.043616 0
    outer loop
      vertex 9.96195 -0.871557 14.5
      vertex 10 0 11
      vertex 10 0 14.5
    endloop
  endfacet
  facet normal 0.999048 -0.043616 0
    outer loop
      vertex 10 0 11
      vertex 9.96195 -0.871557 14.5
      vertex 9.96195 -0.871557 11
    endloop
  endfacet
  facet normal 0.043616 -0.999048 0
    outer loop
      vertex 0 -10 11
      vertex 0.871557 -9.96195 14.5
      vertex 0 -10 14.5
    endloop
  endfacet
  facet normal 0.043616 -0.999048 0
    outer loop
      vertex 0.871557 -9.96195 14.5
      vertex 0 -10 11
      vertex 0.871557 -9.96195 11
    endloop
  endfacet
  facet normal 0.21644 -0.976296 0
    outer loop
      vertex 1.73648 -9.84808 11
      vertex 2.58819 -9.65926 14.5
      vertex 1.73648 -9.84808 14.5
    endloop
  endfacet
  facet normal 0.21644 -0.976296 0
    outer loop
      vertex 2.58819 -9.65926 14.5
      vertex 1.73648 -9.84808 11
      vertex 2.58819 -9.65926 11
    endloop
  endfacet
  facet normal 0.382686 -0.923879 0
    outer loop
      vertex 3.4202 -9.39693 11
      vertex 4.22618 -9.06308 14.5
      vertex 3.4202 -9.39693 14.5
    endloop
  endfacet
  facet normal 0.382686 -0.923879 0
    outer loop
      vertex 4.22618 -9.06308 14.5
      vertex 3.4202 -9.39693 11
      vertex 4.22618 -9.06308 11
    endloop
  endfacet
  facet normal 0.793355 -0.60876 0
    outer loop
      vertex 7.66044 -6.42788 14.5
      vertex 8.19152 -5.73576 11
      vertex 8.19152 -5.73576 14.5
    endloop
  endfacet
  facet normal 0.793355 -0.60876 0
    outer loop
      vertex 8.19152 -5.73576 11
      vertex 7.66044 -6.42788 14.5
      vertex 7.66044 -6.42788 11
    endloop
  endfacet
  facet normal 0.73728 -0.675587 0
    outer loop
      vertex 7.07107 -7.07107 14.5
      vertex 7.66044 -6.42788 11
      vertex 7.66044 -6.42788 14.5
    endloop
  endfacet
  facet normal 0.73728 -0.675587 0
    outer loop
      vertex 7.66044 -6.42788 11
      vertex 7.07107 -7.07107 14.5
      vertex 7.07107 -7.07107 11
    endloop
  endfacet
  facet normal 0.887009 -0.461753 0
    outer loop
      vertex 8.66025 -5 14.5
      vertex 9.06308 -4.22618 11
      vertex 9.06308 -4.22618 14.5
    endloop
  endfacet
  facet normal 0.887009 -0.461753 0
    outer loop
      vertex 9.06308 -4.22618 11
      vertex 8.66025 -5 14.5
      vertex 8.66025 -5 11
    endloop
  endfacet
  facet normal -0.60876 -0.793355 0
    outer loop
      vertex -6.42788 -7.66044 11
      vertex -5.73576 -8.19152 14.5
      vertex -6.42788 -7.66044 14.5
    endloop
  endfacet
  facet normal -0.60876 -0.793355 -0
    outer loop
      vertex -5.73576 -8.19152 14.5
      vertex -6.42788 -7.66044 11
      vertex -5.73576 -8.19152 11
    endloop
  endfacet
  facet normal -0.675587 -0.73728 0
    outer loop
      vertex -7.07107 -7.07107 11
      vertex -6.42788 -7.66044 14.5
      vertex -7.07107 -7.07107 14.5
    endloop
  endfacet
  facet normal -0.675587 -0.73728 -0
    outer loop
      vertex -6.42788 -7.66044 14.5
      vertex -7.07107 -7.07107 11
      vertex -6.42788 -7.66044 11
    endloop
  endfacet
  facet normal -0.461753 -0.887009 0
    outer loop
      vertex -5 -8.66025 11
      vertex -4.22618 -9.06308 14.5
      vertex -5 -8.66025 14.5
    endloop
  endfacet
  facet normal -0.461753 -0.887009 -0
    outer loop
      vertex -4.22618 -9.06308 14.5
      vertex -5 -8.66025 11
      vertex -4.22618 -9.06308 11
    endloop
  endfacet
  facet normal -0.300704 -0.953718 0
    outer loop
      vertex -3.4202 -9.39693 11
      vertex -2.58819 -9.65926 14.5
      vertex -3.4202 -9.39693 14.5
    endloop
  endfacet
  facet normal -0.300704 -0.953718 -0
    outer loop
      vertex -2.58819 -9.65926 14.5
      vertex -3.4202 -9.39693 11
      vertex -2.58819 -9.65926 11
    endloop
  endfacet
  facet normal -0.130527 -0.991445 0
    outer loop
      vertex -1.73648 -9.84808 11
      vertex -0.871557 -9.96195 14.5
      vertex -1.73648 -9.84808 14.5
    endloop
  endfacet
  facet normal -0.130527 -0.991445 -0
    outer loop
      vertex -0.871557 -9.96195 14.5
      vertex -1.73648 -9.84808 11
      vertex -0.871557 -9.96195 11
    endloop
  endfacet
  facet normal -0.887009 -0.461753 0
    outer loop
      vertex -8.66025 -5 11
      vertex -9.06308 -4.22618 14.5
      vertex -9.06308 -4.22618 11
    endloop
  endfacet
  facet normal -0.887009 -0.461753 0
    outer loop
      vertex -9.06308 -4.22618 14.5
      vertex -8.66025 -5 11
      vertex -8.66025 -5 14.5
    endloop
  endfacet
  facet normal -0.923879 -0.382686 0
    outer loop
      vertex -9.06308 -4.22618 11
      vertex -9.39693 -3.4202 14.5
      vertex -9.39693 -3.4202 11
    endloop
  endfacet
  facet normal -0.923879 -0.382686 0
    outer loop
      vertex -9.39693 -3.4202 14.5
      vertex -9.06308 -4.22618 11
      vertex -9.06308 -4.22618 14.5
    endloop
  endfacet
  facet normal -0.976296 -0.21644 0
    outer loop
      vertex -9.65926 -2.58819 11
      vertex -9.84808 -1.73648 14.5
      vertex -9.84808 -1.73648 11
    endloop
  endfacet
  facet normal -0.976296 -0.21644 0
    outer loop
      vertex -9.84808 -1.73648 14.5
      vertex -9.65926 -2.58819 11
      vertex -9.65926 -2.58819 14.5
    endloop
  endfacet
  facet normal -0.953718 -0.300704 0
    outer loop
      vertex -9.39693 -3.4202 11
      vertex -9.65926 -2.58819 14.5
      vertex -9.65926 -2.58819 11
    endloop
  endfacet
  facet normal -0.953718 -0.300704 0
    outer loop
      vertex -9.65926 -2.58819 14.5
      vertex -9.39693 -3.4202 11
      vertex -9.39693 -3.4202 14.5
    endloop
  endfacet
  facet normal -0.999048 -0.043616 0
    outer loop
      vertex -9.96195 -0.871557 11
      vertex -10 0 14.5
      vertex -10 0 11
    endloop
  endfacet
  facet normal -0.999048 -0.043616 0
    outer loop
      vertex -10 0 14.5
      vertex -9.96195 -0.871557 11
      vertex -9.96195 -0.871557 14.5
    endloop
  endfacet
  facet normal -0.843392 0.537299 0
    outer loop
      vertex -8.66025 5 11
      vertex -8.19152 5.73576 14.5
      vertex -8.19152 5.73576 11
    endloop
  endfacet
  facet normal -0.843392 0.537299 0
    outer loop
      vertex -8.19152 5.73576 14.5
      vertex -8.66025 5 11
      vertex -8.66025 5 14.5
    endloop
  endfacet
  facet normal 0.130527 -0.991445 0
    outer loop
      vertex 0.871557 -9.96195 11
      vertex 1.73648 -9.84808 14.5
      vertex 0.871557 -9.96195 14.5
    endloop
  endfacet
  facet normal 0.130527 -0.991445 0
    outer loop
      vertex 1.73648 -9.84808 14.5
      vertex 0.871557 -9.96195 11
      vertex 1.73648 -9.84808 11
    endloop
  endfacet
  facet normal 0.300704 -0.953718 0
    outer loop
      vertex 2.58819 -9.65926 11
      vertex 3.4202 -9.39693 14.5
      vertex 2.58819 -9.65926 14.5
    endloop
  endfacet
  facet normal 0.300704 -0.953718 0
    outer loop
      vertex 3.4202 -9.39693 14.5
      vertex 2.58819 -9.65926 11
      vertex 3.4202 -9.39693 11
    endloop
  endfacet
  facet normal 0.675587 -0.73728 0
    outer loop
      vertex 6.42788 -7.66044 11
      vertex 7.07107 -7.07107 14.5
      vertex 6.42788 -7.66044 14.5
    endloop
  endfacet
  facet normal 0.675587 -0.73728 0
    outer loop
      vertex 7.07107 -7.07107 14.5
      vertex 6.42788 -7.66044 11
      vertex 7.07107 -7.07107 11
    endloop
  endfacet
  facet normal 0.537299 -0.843392 0
    outer loop
      vertex 5 -8.66025 11
      vertex 5.73576 -8.19152 14.5
      vertex 5 -8.66025 14.5
    endloop
  endfacet
  facet normal 0.537299 -0.843392 0
    outer loop
      vertex 5.73576 -8.19152 14.5
      vertex 5 -8.66025 11
      vertex 5.73576 -8.19152 11
    endloop
  endfacet
  facet normal 0.60876 -0.793355 0
    outer loop
      vertex 5.73576 -8.19152 11
      vertex 6.42788 -7.66044 14.5
      vertex 5.73576 -8.19152 14.5
    endloop
  endfacet
  facet normal 0.60876 -0.793355 0
    outer loop
      vertex 6.42788 -7.66044 14.5
      vertex 5.73576 -8.19152 11
      vertex 6.42788 -7.66044 11
    endloop
  endfacet
  facet normal 0.461753 -0.887009 0
    outer loop
      vertex 4.22618 -9.06308 11
      vertex 5 -8.66025 14.5
      vertex 4.22618 -9.06308 14.5
    endloop
  endfacet
  facet normal 0.461753 -0.887009 0
    outer loop
      vertex 5 -8.66025 14.5
      vertex 4.22618 -9.06308 11
      vertex 5 -8.66025 11
    endloop
  endfacet
  facet normal 0.953718 -0.300704 0
    outer loop
      vertex 9.39693 -3.4202 14.5
      vertex 9.65926 -2.58819 11
      vertex 9.65926 -2.58819 14.5
    endloop
  endfacet
  facet normal 0.953718 -0.300704 0
    outer loop
      vertex 9.65926 -2.58819 11
      vertex 9.39693 -3.4202 14.5
      vertex 9.39693 -3.4202 11
    endloop
  endfacet
  facet normal -0.382686 -0.923879 0
    outer loop
      vertex -4.22618 -9.06308 11
      vertex -3.4202 -9.39693 14.5
      vertex -4.22618 -9.06308 14.5
    endloop
  endfacet
  facet normal -0.382686 -0.923879 -0
    outer loop
      vertex -3.4202 -9.39693 14.5
      vertex -4.22618 -9.06308 11
      vertex -3.4202 -9.39693 11
    endloop
  endfacet
  facet normal -0.21644 -0.976296 0
    outer loop
      vertex -2.58819 -9.65926 11
      vertex -1.73648 -9.84808 14.5
      vertex -2.58819 -9.65926 14.5
    endloop
  endfacet
  facet normal -0.21644 -0.976296 -0
    outer loop
      vertex -1.73648 -9.84808 14.5
      vertex -2.58819 -9.65926 11
      vertex -1.73648 -9.84808 11
    endloop
  endfacet
  facet normal -0.843392 -0.537299 0
    outer loop
      vertex -8.19152 -5.73576 11
      vertex -8.66025 -5 14.5
      vertex -8.66025 -5 11
    endloop
  endfacet
  facet normal -0.843392 -0.537299 0
    outer loop
      vertex -8.66025 -5 14.5
      vertex -8.19152 -5.73576 11
      vertex -8.19152 -5.73576 14.5
    endloop
  endfacet
  facet normal -0.991445 -0.130527 0
    outer loop
      vertex -9.84808 -1.73648 11
      vertex -9.96195 -0.871557 14.5
      vertex -9.96195 -0.871557 11
    endloop
  endfacet
  facet normal -0.991445 -0.130527 0
    outer loop
      vertex -9.96195 -0.871557 14.5
      vertex -9.84808 -1.73648 11
      vertex -9.84808 -1.73648 14.5
    endloop
  endfacet
  facet normal 0.60876 0.793355 -0
    outer loop
      vertex 6.42788 7.66044 11
      vertex 5.73576 8.19152 14.5
      vertex 6.42788 7.66044 14.5
    endloop
  endfacet
  facet normal 0.60876 0.793355 0
    outer loop
      vertex 5.73576 8.19152 14.5
      vertex 6.42788 7.66044 11
      vertex 5.73576 8.19152 11
    endloop
  endfacet
  facet normal -0.537299 0.843392 0
    outer loop
      vertex -5 8.66025 11
      vertex -5.73576 8.19152 14.5
      vertex -5 8.66025 14.5
    endloop
  endfacet
  facet normal -0.537299 0.843392 0
    outer loop
      vertex -5.73576 8.19152 14.5
      vertex -5 8.66025 11
      vertex -5.73576 8.19152 11
    endloop
  endfacet
  facet normal 0.843392 -0.537299 0
    outer loop
      vertex 8.19152 -5.73576 14.5
      vertex 8.66025 -5 11
      vertex 8.66025 -5 14.5
    endloop
  endfacet
  facet normal 0.843392 -0.537299 0
    outer loop
      vertex 8.66025 -5 11
      vertex 8.19152 -5.73576 14.5
      vertex 8.19152 -5.73576 11
    endloop
  endfacet
  facet normal 0.976296 -0.21644 0
    outer loop
      vertex 9.65926 -2.58819 14.5
      vertex 9.84808 -1.73648 11
      vertex 9.84808 -1.73648 14.5
    endloop
  endfacet
  facet normal 0.976296 -0.21644 0
    outer loop
      vertex 9.84808 -1.73648 11
      vertex 9.65926 -2.58819 14.5
      vertex 9.65926 -2.58819 11
    endloop
  endfacet
  facet normal -0.537299 -0.843392 0
    outer loop
      vertex -5.73576 -8.19152 11
      vertex -5 -8.66025 14.5
      vertex -5.73576 -8.19152 14.5
    endloop
  endfacet
  facet normal -0.537299 -0.843392 -0
    outer loop
      vertex -5 -8.66025 14.5
      vertex -5.73576 -8.19152 11
      vertex -5 -8.66025 11
    endloop
  endfacet
  facet normal -0.793355 -0.60876 0
    outer loop
      vertex -7.66044 -6.42788 11
      vertex -8.19152 -5.73576 14.5
      vertex -8.19152 -5.73576 11
    endloop
  endfacet
  facet normal -0.793355 -0.60876 0
    outer loop
      vertex -8.19152 -5.73576 14.5
      vertex -7.66044 -6.42788 11
      vertex -7.66044 -6.42788 14.5
    endloop
  endfacet
  facet normal 0.991445 -0.130527 0
    outer loop
      vertex 9.84808 -1.73648 14.5
      vertex 9.96195 -0.871557 11
      vertex 9.96195 -0.871557 14.5
    endloop
  endfacet
  facet normal 0.991445 -0.130527 0
    outer loop
      vertex 9.96195 -0.871557 11
      vertex 9.84808 -1.73648 14.5
      vertex 9.84808 -1.73648 11
    endloop
  endfacet
  facet normal 0.290921 -0.0917287 -0.95234
    outer loop
      vertex 6.20197 -2.25733 11
      vertex 3.9603 -1.06116 10.2
      vertex 6.37511 -1.70821 11
    endloop
  endfacet
  facet normal 0.304687 0.0136653 -0.952355
    outer loop
      vertex 6.17728 0.474999 10.8714
      vertex 4.1 0 10.2
      vertex 6.18312 0.484171 10.8734
    endloop
  endfacet
  facet normal 0.304682 0.0136865 -0.952356
    outer loop
      vertex 6.13901 0.401486 10.8581
      vertex 4.1 0 10.2
      vertex 6.17728 0.474999 10.8714
    endloop
  endfacet
  facet normal 0.304802 0.0130309 -0.952327
    outer loop
      vertex 6.10729 0.324919 10.8469
      vertex 4.1 0 10.2
      vertex 6.13901 0.401486 10.8581
    endloop
  endfacet
  facet normal 0.304721 0.0135713 -0.952345
    outer loop
      vertex 6.08237 0.245877 10.8378
      vertex 4.1 0 10.2
      vertex 6.10729 0.324919 10.8469
    endloop
  endfacet
  facet normal 0.304711 0.013653 -0.952347
    outer loop
      vertex 6.06443 0.164966 10.8309
      vertex 4.1 0 10.2
      vertex 6.08237 0.245877 10.8378
    endloop
  endfacet
  facet normal 0.304749 0.0131849 -0.952342
    outer loop
      vertex 6.05361 0.0827971 10.8263
      vertex 4.1 0 10.2
      vertex 6.06443 0.164966 10.8309
    endloop
  endfacet
  facet normal 0.304749 0.0131676 -0.952342
    outer loop
      vertex 4.1 0 10.2
      vertex 6.05361 0.0827971 10.8263
      vertex 6.05 0 10.824
    endloop
  endfacet
  facet normal 0.304764 0.0133048 -0.952335
    outer loop
      vertex 4.0844 0.357338 10.2
      vertex 6.18312 0.484171 10.8734
      vertex 4.1 0 10.2
    endloop
  endfacet
  facet normal 0.304764 0.013305 -0.952335
    outer loop
      vertex 6.18312 0.484171 10.8734
      vertex 4.0844 0.357338 10.2
      vertex 6.22143 0.544304 10.8865
    endloop
  endfacet
  facet normal 0.304764 -0.013305 -0.952335
    outer loop
      vertex 4.0844 -0.357338 10.2
      vertex 6.18312 -0.484171 10.8734
      vertex 6.22143 -0.544304 10.8865
    endloop
  endfacet
  facet normal 0.304764 -0.0133048 -0.952335
    outer loop
      vertex 6.18312 -0.484171 10.8734
      vertex 4.0844 -0.357338 10.2
      vertex 4.1 0 10.2
    endloop
  endfacet
  facet normal -0.302444 -0.0398206 -0.952335
    outer loop
      vertex -4.03771 -0.711957 10.2
      vertex -6.22143 -0.544304 10.8865
      vertex -4.0844 -0.357338 10.2
    endloop
  endfacet
  facet normal -0.298056 0.0250569 -0.954219
    outer loop
      vertex -4.03771 -0.711957 10.2
      vertex -6.2218 -0.544897 10.8866
      vertex -6.22143 -0.544304 10.8865
    endloop
  endfacet
  facet normal -0.302393 -0.0392219 -0.952376
    outer loop
      vertex -6.2218 -0.544897 10.8866
      vertex -4.03771 -0.711957 10.2
      vertex -6.25817 -0.592295 10.9001
    endloop
  endfacet
  facet normal -0.0398206 0.302444 -0.952335
    outer loop
      vertex -0.711957 4.03771 10.2
      vertex -0.544304 6.22143 10.8865
      vertex -0.357338 4.0844 10.2
    endloop
  endfacet
  facet normal 0.0250569 0.298056 -0.954219
    outer loop
      vertex -0.544304 6.22143 10.8865
      vertex -0.711957 4.03771 10.2
      vertex -0.544897 6.2218 10.8866
    endloop
  endfacet
  facet normal -0.0392219 0.302393 -0.952376
    outer loop
      vertex -0.544897 6.2218 10.8866
      vertex -0.711957 4.03771 10.2
      vertex -0.592295 6.25817 10.9001
    endloop
  endfacet
  facet normal 0.0136653 -0.304687 -0.952355
    outer loop
      vertex 0.474999 -6.17728 10.8714
      vertex 0 -4.1 10.2
      vertex 0.484171 -6.18312 10.8734
    endloop
  endfacet
  facet normal 0.0136865 -0.304682 -0.952356
    outer loop
      vertex 0.401486 -6.13901 10.8581
      vertex 0 -4.1 10.2
      vertex 0.474999 -6.17728 10.8714
    endloop
  endfacet
  facet normal 0.0130309 -0.304802 -0.952327
    outer loop
      vertex 0.324919 -6.10729 10.8469
      vertex 0 -4.1 10.2
      vertex 0.401486 -6.13901 10.8581
    endloop
  endfacet
  facet normal 0.0135713 -0.304721 -0.952345
    outer loop
      vertex 0.245877 -6.08237 10.8378
      vertex 0 -4.1 10.2
      vertex 0.324919 -6.10729 10.8469
    endloop
  endfacet
  facet normal 0.013653 -0.304711 -0.952347
    outer loop
      vertex 0.164966 -6.06443 10.8309
      vertex 0 -4.1 10.2
      vertex 0.245877 -6.08237 10.8378
    endloop
  endfacet
  facet normal 0.0131849 -0.304749 -0.952342
    outer loop
      vertex 0.0827971 -6.05361 10.8263
      vertex 0 -4.1 10.2
      vertex 0.164966 -6.06443 10.8309
    endloop
  endfacet
  facet normal 0.0131676 -0.304749 -0.952342
    outer loop
      vertex 0 -4.1 10.2
      vertex 0.0827971 -6.05361 10.8263
      vertex 0 -6.05 10.824
    endloop
  endfacet
  facet normal 0.224897 -0.206084 -0.95234
    outer loop
      vertex 4.6669 -4.6669 11
      vertex 2.89914 -2.89914 10.2
      vertex 5.05589 -4.2424 11
    endloop
  endfacet
  facet normal -0.206084 -0.224897 -0.95234
    outer loop
      vertex -4.2424 -5.05589 11
      vertex -4.6669 -4.6669 11
      vertex -2.89914 -2.89914 10.2
    endloop
  endfacet
  facet normal 0.185694 0.242006 -0.95234
    outer loop
      vertex 2.63543 3.14078 10.2
      vertex 2.35166 3.35852 10.2
      vertex 4.2424 5.05589 11
    endloop
  endfacet
  facet normal -0.242005 0.185694 -0.95234
    outer loop
      vertex -3.35852 2.35166 10.2
      vertex -5.4064 3.7856 11
      vertex -5.05589 4.2424 11
    endloop
  endfacet
  facet normal 0.302741 -0.0398556 -0.952239
    outer loop
      vertex 6.49973 -1.14608 11
      vertex 6.525 -0.822723 10.9945
      vertex 6.54119 -0.831152 11
    endloop
  endfacet
  facet normal 0.302897 -0.0398669 -0.952189
    outer loop
      vertex 6.49973 -1.14608 11
      vertex 6.4551 -0.778194 10.9704
      vertex 6.525 -0.822723 10.9945
    endloop
  endfacet
  facet normal 0.301038 -0.040139 -0.952767
    outer loop
      vertex 6.49973 -1.14608 11
      vertex 6.38935 -0.727742 10.9475
      vertex 6.4551 -0.778194 10.9704
    endloop
  endfacet
  facet normal 0.303585 -0.0393695 -0.951991
    outer loop
      vertex 6.49973 -1.14608 11
      vertex 6.32825 -0.671751 10.9257
      vertex 6.38935 -0.727742 10.9475
    endloop
  endfacet
  facet normal 0.301486 -0.0402272 -0.952622
    outer loop
      vertex 6.49973 -1.14608 11
      vertex 6.27226 -0.610648 10.9054
      vertex 6.32825 -0.671751 10.9257
    endloop
  endfacet
  facet normal 0.310548 -0.0358932 -0.94988
    outer loop
      vertex 6.49973 -1.14608 11
      vertex 6.25817 -0.592295 10.9001
      vertex 6.27226 -0.610648 10.9054
    endloop
  endfacet
  facet normal 0.302418 -0.0398834 -0.952341
    outer loop
      vertex 6.25817 -0.592295 10.9001
      vertex 6.49973 -1.14608 11
      vertex 4.03771 -0.711957 10.2
    endloop
  endfacet
  facet normal 0.304749 -0.0131676 -0.952342
    outer loop
      vertex 6.05361 -0.0827971 10.8263
      vertex 4.1 0 10.2
      vertex 6.05 0 10.824
    endloop
  endfacet
  facet normal 0.304749 -0.0131849 -0.952342
    outer loop
      vertex 6.06443 -0.164966 10.8309
      vertex 4.1 0 10.2
      vertex 6.05361 -0.0827971 10.8263
    endloop
  endfacet
  facet normal 0.304711 -0.013653 -0.952347
    outer loop
      vertex 6.08237 -0.245877 10.8378
      vertex 4.1 0 10.2
      vertex 6.06443 -0.164966 10.8309
    endloop
  endfacet
  facet normal 0.304721 -0.0135713 -0.952345
    outer loop
      vertex 6.10729 -0.324919 10.8469
      vertex 4.1 0 10.2
      vertex 6.08237 -0.245877 10.8378
    endloop
  endfacet
  facet normal 0.304802 -0.0130309 -0.952327
    outer loop
      vertex 6.13901 -0.401486 10.8581
      vertex 4.1 0 10.2
      vertex 6.10729 -0.324919 10.8469
    endloop
  endfacet
  facet normal 0.304682 -0.0136865 -0.952356
    outer loop
      vertex 6.17728 -0.474999 10.8714
      vertex 4.1 0 10.2
      vertex 6.13901 -0.401486 10.8581
    endloop
  endfacet
  facet normal 0.304687 -0.0136653 -0.952355
    outer loop
      vertex 4.1 0 10.2
      vertex 6.17728 -0.474999 10.8714
      vertex 6.18312 -0.484171 10.8734
    endloop
  endfacet
  facet normal 0.281819 -0.116736 -0.95234
    outer loop
      vertex 6.20197 -2.25733 11
      vertex 3.71586 -1.73273 10.2
      vertex 3.85274 -1.40228 10.2
    endloop
  endfacet
  facet normal 0.257267 -0.163898 -0.95234
    outer loop
      vertex 5.4064 -3.7856 11
      vertex 3.35852 -2.35166 10.2
      vertex 3.5507 -2.05 10.2
    endloop
  endfacet
  facet normal 0.0917311 -0.29092 -0.95234
    outer loop
      vertex 2.25733 -6.20197 11
      vertex 1.06116 -3.9603 10.2
      vertex 1.40228 -3.85274 10.2
    endloop
  endfacet
  facet normal 0.116733 -0.281819 -0.95234
    outer loop
      vertex 2.25733 -6.20197 11
      vertex 1.73273 -3.71586 10.2
      vertex 2.78928 -5.98163 11
    endloop
  endfacet
  facet normal -0.0917311 -0.29092 -0.95234
    outer loop
      vertex -1.06116 -3.9603 10.2
      vertex -2.25733 -6.20197 11
      vertex -1.40228 -3.85274 10.2
    endloop
  endfacet
  facet normal 0.297809 -0.0660172 -0.95234
    outer loop
      vertex 6.49973 -1.14608 11
      vertex 3.9603 -1.06116 10.2
      vertex 4.03771 -0.711957 10.2
    endloop
  endfacet
  facet normal 0.297809 -0.066022 -0.95234
    outer loop
      vertex 6.37511 -1.70821 11
      vertex 3.9603 -1.06116 10.2
      vertex 6.49973 -1.14608 11
    endloop
  endfacet
  facet normal 0.29092 -0.0917311 -0.95234
    outer loop
      vertex 6.20197 -2.25733 11
      vertex 3.85274 -1.40228 10.2
      vertex 3.9603 -1.06116 10.2
    endloop
  endfacet
  facet normal 0.257265 -0.1639 -0.95234
    outer loop
      vertex 5.4064 -3.7856 11
      vertex 3.5507 -2.05 10.2
      vertex 5.71577 -3.3 11
    endloop
  endfacet
  facet normal 0.140849 -0.270573 -0.95234
    outer loop
      vertex 2.78928 -5.98163 11
      vertex 2.05 -3.5507 10.2
      vertex 3.3 -5.71577 11
    endloop
  endfacet
  facet normal 0.0398556 -0.302741 -0.952239
    outer loop
      vertex 0.822723 -6.525 10.9945
      vertex 1.14608 -6.49973 11
      vertex 0.831152 -6.54119 11
    endloop
  endfacet
  facet normal 0.0398669 -0.302897 -0.952189
    outer loop
      vertex 0.778194 -6.4551 10.9704
      vertex 1.14608 -6.49973 11
      vertex 0.822723 -6.525 10.9945
    endloop
  endfacet
  facet normal 0.040139 -0.301038 -0.952767
    outer loop
      vertex 0.727742 -6.38935 10.9475
      vertex 1.14608 -6.49973 11
      vertex 0.778194 -6.4551 10.9704
    endloop
  endfacet
  facet normal 0.0393695 -0.303585 -0.951991
    outer loop
      vertex 0.671751 -6.32825 10.9257
      vertex 1.14608 -6.49973 11
      vertex 0.727742 -6.38935 10.9475
    endloop
  endfacet
  facet normal 0.0402272 -0.301486 -0.952622
    outer loop
      vertex 0.610648 -6.27226 10.9054
      vertex 1.14608 -6.49973 11
      vertex 0.671751 -6.32825 10.9257
    endloop
  endfacet
  facet normal 0.0358932 -0.310548 -0.94988
    outer loop
      vertex 0.592295 -6.25817 10.9001
      vertex 1.14608 -6.49973 11
      vertex 0.610648 -6.27226 10.9054
    endloop
  endfacet
  facet normal 0.0398834 -0.302418 -0.952341
    outer loop
      vertex 1.14608 -6.49973 11
      vertex 0.592295 -6.25817 10.9001
      vertex 0.711957 -4.03771 10.2
    endloop
  endfacet
  facet normal -0.281819 -0.116733 -0.95234
    outer loop
      vertex -5.98163 -2.78928 11
      vertex -6.20197 -2.25733 11
      vertex -3.71586 -1.73273 10.2
    endloop
  endfacet
  facet normal -0.297809 -0.066022 -0.95234
    outer loop
      vertex -6.37511 -1.70821 11
      vertex -6.49973 -1.14608 11
      vertex -3.9603 -1.06116 10.2
    endloop
  endfacet
  facet normal -0.116736 -0.281819 -0.95234
    outer loop
      vertex -1.40228 -3.85274 10.2
      vertex -2.25733 -6.20197 11
      vertex -1.73273 -3.71586 10.2
    endloop
  endfacet
  facet normal -0.0358932 -0.310548 -0.94988
    outer loop
      vertex -1.14608 -6.49973 11
      vertex -0.592295 -6.25817 10.9001
      vertex -0.610648 -6.27226 10.9054
    endloop
  endfacet
  facet normal -0.0402272 -0.301486 -0.952622
    outer loop
      vertex -1.14608 -6.49973 11
      vertex -0.610648 -6.27226 10.9054
      vertex -0.671751 -6.32825 10.9257
    endloop
  endfacet
  facet normal -0.0393695 -0.303585 -0.951991
    outer loop
      vertex -1.14608 -6.49973 11
      vertex -0.671751 -6.32825 10.9257
      vertex -0.727742 -6.38935 10.9475
    endloop
  endfacet
  facet normal -0.040139 -0.301038 -0.952767
    outer loop
      vertex -1.14608 -6.49973 11
      vertex -0.727742 -6.38935 10.9475
      vertex -0.778194 -6.4551 10.9704
    endloop
  endfacet
  facet normal -0.0398669 -0.302897 -0.952189
    outer loop
      vertex -1.14608 -6.49973 11
      vertex -0.778194 -6.4551 10.9704
      vertex -0.822723 -6.525 10.9945
    endloop
  endfacet
  facet normal -0.0398556 -0.302741 -0.952239
    outer loop
      vertex -1.14608 -6.49973 11
      vertex -0.822723 -6.525 10.9945
      vertex -0.831152 -6.54119 11
    endloop
  endfacet
  facet normal -0.0398834 -0.302418 -0.952341
    outer loop
      vertex -0.592295 -6.25817 10.9001
      vertex -1.14608 -6.49973 11
      vertex -0.711957 -4.03771 10.2
    endloop
  endfacet
  facet normal -0.206079 -0.224901 -0.95234
    outer loop
      vertex -2.63543 -3.14078 10.2
      vertex -4.2424 -5.05589 11
      vertex -2.89914 -2.89914 10.2
    endloop
  endfacet
  facet normal -0.242005 -0.185694 -0.95234
    outer loop
      vertex -5.05589 -4.2424 11
      vertex -5.4064 -3.7856 11
      vertex -3.35852 -2.35166 10.2
    endloop
  endfacet
  facet normal 0.116736 0.281819 -0.95234
    outer loop
      vertex 1.73273 3.71586 10.2
      vertex 1.40228 3.85274 10.2
      vertex 2.25733 6.20197 11
    endloop
  endfacet
  facet normal 0.0917287 0.290921 -0.95234
    outer loop
      vertex 2.25733 6.20197 11
      vertex 1.06116 3.9603 10.2
      vertex 1.70821 6.37511 11
    endloop
  endfacet
  facet normal -0.116733 0.281819 -0.95234
    outer loop
      vertex -1.73273 3.71586 10.2
      vertex -2.78928 5.98163 11
      vertex -2.25733 6.20197 11
    endloop
  endfacet
  facet normal -0.066022 0.297809 -0.95234
    outer loop
      vertex -1.06116 3.9603 10.2
      vertex -1.70821 6.37511 11
      vertex -1.14608 6.49973 11
    endloop
  endfacet
  facet normal -0.290921 0.0917287 -0.95234
    outer loop
      vertex -3.9603 1.06116 10.2
      vertex -6.37511 1.70821 11
      vertex -6.20197 2.25733 11
    endloop
  endfacet
  facet normal -0.224901 0.206079 -0.95234
    outer loop
      vertex -3.14078 2.63543 10.2
      vertex -5.05589 4.2424 11
      vertex -2.89914 2.89914 10.2
    endloop
  endfacet
  facet normal -0.185694 0.242005 -0.95234
    outer loop
      vertex -2.35166 3.35852 10.2
      vertex -4.2424 5.05589 11
      vertex -3.7856 5.4064 11
    endloop
  endfacet
  facet normal 0.298056 0.0250569 -0.954219
    outer loop
      vertex 4.03771 -0.711957 10.2
      vertex 6.22143 -0.544304 10.8865
      vertex 6.2218 -0.544897 10.8866
    endloop
  endfacet
  facet normal 0.302393 -0.0392219 -0.952376
    outer loop
      vertex 4.03771 -0.711957 10.2
      vertex 6.2218 -0.544897 10.8866
      vertex 6.25817 -0.592295 10.9001
    endloop
  endfacet
  facet normal 0.302444 -0.0398206 -0.952335
    outer loop
      vertex 6.22143 -0.544304 10.8865
      vertex 4.03771 -0.711957 10.2
      vertex 4.0844 -0.357338 10.2
    endloop
  endfacet
  facet normal 0.242005 -0.185694 -0.95234
    outer loop
      vertex 5.05589 -4.2424 11
      vertex 3.35852 -2.35166 10.2
      vertex 5.4064 -3.7856 11
    endloop
  endfacet
  facet normal 0.270573 -0.140851 -0.95234
    outer loop
      vertex 5.98163 -2.78928 11
      vertex 3.5507 -2.05 10.2
      vertex 3.71586 -1.73273 10.2
    endloop
  endfacet
  facet normal 0.281819 -0.116733 -0.95234
    outer loop
      vertex 5.98163 -2.78928 11
      vertex 3.71586 -1.73273 10.2
      vertex 6.20197 -2.25733 11
    endloop
  endfacet
  facet normal 0.0392219 -0.302393 -0.952376
    outer loop
      vertex 0.544897 -6.2218 10.8866
      vertex 0.711957 -4.03771 10.2
      vertex 0.592295 -6.25817 10.9001
    endloop
  endfacet
  facet normal -0.0250569 -0.298056 -0.954219
    outer loop
      vertex 0.544304 -6.22143 10.8865
      vertex 0.711957 -4.03771 10.2
      vertex 0.544897 -6.2218 10.8866
    endloop
  endfacet
  facet normal 0.0398206 -0.302444 -0.952335
    outer loop
      vertex 0.711957 -4.03771 10.2
      vertex 0.544304 -6.22143 10.8865
      vertex 0.357338 -4.0844 10.2
    endloop
  endfacet
  facet normal 0.013305 -0.304764 -0.952335
    outer loop
      vertex 0.484171 -6.18312 10.8734
      vertex 0.357338 -4.0844 10.2
      vertex 0.544304 -6.22143 10.8865
    endloop
  endfacet
  facet normal 0.0133048 -0.304764 -0.952335
    outer loop
      vertex 0.357338 -4.0844 10.2
      vertex 0.484171 -6.18312 10.8734
      vertex 0 -4.1 10.2
    endloop
  endfacet
  facet normal 0.140851 -0.270573 -0.95234
    outer loop
      vertex 2.78928 -5.98163 11
      vertex 1.73273 -3.71586 10.2
      vertex 2.05 -3.5507 10.2
    endloop
  endfacet
  facet normal 0.185694 -0.242005 -0.95234
    outer loop
      vertex 3.7856 -5.4064 11
      vertex 2.35166 -3.35852 10.2
      vertex 4.2424 -5.05589 11
    endloop
  endfacet
  facet normal 0.116736 -0.281819 -0.95234
    outer loop
      vertex 2.25733 -6.20197 11
      vertex 1.40228 -3.85274 10.2
      vertex 1.73273 -3.71586 10.2
    endloop
  endfacet
  facet normal 0.066022 -0.297809 -0.95234
    outer loop
      vertex 1.14608 -6.49973 11
      vertex 1.06116 -3.9603 10.2
      vertex 1.70821 -6.37511 11
    endloop
  endfacet
  facet normal 0.0917287 -0.290921 -0.95234
    outer loop
      vertex 1.70821 -6.37511 11
      vertex 1.06116 -3.9603 10.2
      vertex 2.25733 -6.20197 11
    endloop
  endfacet
  facet normal -0.297809 -0.0660172 -0.95234
    outer loop
      vertex -3.9603 -1.06116 10.2
      vertex -6.49973 -1.14608 11
      vertex -4.03771 -0.711957 10.2
    endloop
  endfacet
  facet normal -0.302418 -0.0398834 -0.952341
    outer loop
      vertex -6.49973 -1.14608 11
      vertex -6.25817 -0.592295 10.9001
      vertex -4.03771 -0.711957 10.2
    endloop
  endfacet
  facet normal -0.310548 -0.0358932 -0.94988
    outer loop
      vertex -6.25817 -0.592295 10.9001
      vertex -6.49973 -1.14608 11
      vertex -6.27226 -0.610648 10.9054
    endloop
  endfacet
  facet normal -0.301486 -0.0402272 -0.952622
    outer loop
      vertex -6.27226 -0.610648 10.9054
      vertex -6.49973 -1.14608 11
      vertex -6.32825 -0.671751 10.9257
    endloop
  endfacet
  facet normal -0.303585 -0.0393695 -0.951991
    outer loop
      vertex -6.32825 -0.671751 10.9257
      vertex -6.49973 -1.14608 11
      vertex -6.38935 -0.727742 10.9475
    endloop
  endfacet
  facet normal -0.301038 -0.040139 -0.952767
    outer loop
      vertex -6.38935 -0.727742 10.9475
      vertex -6.49973 -1.14608 11
      vertex -6.4551 -0.778194 10.9704
    endloop
  endfacet
  facet normal -0.302897 -0.0398669 -0.952189
    outer loop
      vertex -6.49973 -1.14608 11
      vertex -6.525 -0.822723 10.9945
      vertex -6.4551 -0.778194 10.9704
    endloop
  endfacet
  facet normal -0.302741 -0.0398556 -0.952239
    outer loop
      vertex -6.525 -0.822723 10.9945
      vertex -6.49973 -1.14608 11
      vertex -6.54119 -0.831152 11
    endloop
  endfacet
  facet normal -0.257267 -0.163898 -0.95234
    outer loop
      vertex -3.35852 -2.35166 10.2
      vertex -5.4064 -3.7856 11
      vertex -3.5507 -2.05 10.2
    endloop
  endfacet
  facet normal -0.270573 -0.140849 -0.95234
    outer loop
      vertex -5.71577 -3.3 11
      vertex -5.98163 -2.78928 11
      vertex -3.5507 -2.05 10.2
    endloop
  endfacet
  facet normal -0.281819 -0.116736 -0.95234
    outer loop
      vertex -3.71586 -1.73273 10.2
      vertex -6.20197 -2.25733 11
      vertex -3.85274 -1.40228 10.2
    endloop
  endfacet
  facet normal -0.185694 -0.242005 -0.95234
    outer loop
      vertex -3.7856 -5.4064 11
      vertex -4.2424 -5.05589 11
      vertex -2.35166 -3.35852 10.2
    endloop
  endfacet
  facet normal -0.0660172 -0.297809 -0.95234
    outer loop
      vertex -0.711957 -4.03771 10.2
      vertex -1.14608 -6.49973 11
      vertex -1.06116 -3.9603 10.2
    endloop
  endfacet
  facet normal -0.0133048 -0.304764 -0.952335
    outer loop
      vertex -0.484171 -6.18312 10.8734
      vertex -0.357338 -4.0844 10.2
      vertex 0 -4.1 10.2
    endloop
  endfacet
  facet normal -0.013305 -0.304764 -0.952335
    outer loop
      vertex -0.357338 -4.0844 10.2
      vertex -0.484171 -6.18312 10.8734
      vertex -0.544304 -6.22143 10.8865
    endloop
  endfacet
  facet normal -0.0131676 -0.304749 -0.952342
    outer loop
      vertex -0.0827971 -6.05361 10.8263
      vertex 0 -4.1 10.2
      vertex 0 -6.05 10.824
    endloop
  endfacet
  facet normal -0.0131849 -0.304749 -0.952342
    outer loop
      vertex -0.164966 -6.06443 10.8309
      vertex 0 -4.1 10.2
      vertex -0.0827971 -6.05361 10.8263
    endloop
  endfacet
  facet normal -0.013653 -0.304711 -0.952347
    outer loop
      vertex -0.245877 -6.08237 10.8378
      vertex 0 -4.1 10.2
      vertex -0.164966 -6.06443 10.8309
    endloop
  endfacet
  facet normal -0.0135713 -0.304721 -0.952345
    outer loop
      vertex -0.324919 -6.10729 10.8469
      vertex 0 -4.1 10.2
      vertex -0.245877 -6.08237 10.8378
    endloop
  endfacet
  facet normal -0.0130309 -0.304802 -0.952327
    outer loop
      vertex -0.401486 -6.13901 10.8581
      vertex 0 -4.1 10.2
      vertex -0.324919 -6.10729 10.8469
    endloop
  endfacet
  facet normal -0.0136865 -0.304682 -0.952356
    outer loop
      vertex -0.474999 -6.17728 10.8714
      vertex 0 -4.1 10.2
      vertex -0.401486 -6.13901 10.8581
    endloop
  endfacet
  facet normal -0.0136653 -0.304687 -0.952355
    outer loop
      vertex 0 -4.1 10.2
      vertex -0.474999 -6.17728 10.8714
      vertex -0.484171 -6.18312 10.8734
    endloop
  endfacet
  facet normal -0.242006 -0.185694 -0.95234
    outer loop
      vertex -3.14078 -2.63543 10.2
      vertex -5.05589 -4.2424 11
      vertex -3.35852 -2.35166 10.2
    endloop
  endfacet
  facet normal 0.281819 0.116733 -0.95234
    outer loop
      vertex 6.20197 2.25733 11
      vertex 3.71586 1.73273 10.2
      vertex 5.98163 2.78928 11
    endloop
  endfacet
  facet normal -0.0660172 0.297809 -0.95234
    outer loop
      vertex -1.06116 3.9603 10.2
      vertex -1.14608 6.49973 11
      vertex -0.711957 4.03771 10.2
    endloop
  endfacet
  facet normal -0.0398834 0.302418 -0.952341
    outer loop
      vertex -1.14608 6.49973 11
      vertex -0.592295 6.25817 10.9001
      vertex -0.711957 4.03771 10.2
    endloop
  endfacet
  facet normal -0.0358932 0.310548 -0.94988
    outer loop
      vertex -0.592295 6.25817 10.9001
      vertex -1.14608 6.49973 11
      vertex -0.610648 6.27226 10.9054
    endloop
  endfacet
  facet normal -0.0402272 0.301486 -0.952622
    outer loop
      vertex -0.610648 6.27226 10.9054
      vertex -1.14608 6.49973 11
      vertex -0.671751 6.32825 10.9257
    endloop
  endfacet
  facet normal -0.0393695 0.303585 -0.951991
    outer loop
      vertex -0.671751 6.32825 10.9257
      vertex -1.14608 6.49973 11
      vertex -0.727742 6.38935 10.9475
    endloop
  endfacet
  facet normal -0.040139 0.301038 -0.952767
    outer loop
      vertex -0.727742 6.38935 10.9475
      vertex -1.14608 6.49973 11
      vertex -0.778194 6.4551 10.9704
    endloop
  endfacet
  facet normal -0.0398669 0.302897 -0.952189
    outer loop
      vertex -0.778194 6.4551 10.9704
      vertex -1.14608 6.49973 11
      vertex -0.822723 6.525 10.9945
    endloop
  endfacet
  facet normal -0.0398556 0.302741 -0.952239
    outer loop
      vertex -0.822723 6.525 10.9945
      vertex -1.14608 6.49973 11
      vertex -0.831152 6.54119 11
    endloop
  endfacet
  facet normal -0.163898 0.257267 -0.95234
    outer loop
      vertex -2.35166 3.35852 10.2
      vertex -3.7856 5.4064 11
      vertex -2.05 3.5507 10.2
    endloop
  endfacet
  facet normal -0.140849 0.270573 -0.95234
    outer loop
      vertex -2.05 3.5507 10.2
      vertex -3.3 5.71577 11
      vertex -2.78928 5.98163 11
    endloop
  endfacet
  facet normal -0.116736 0.281819 -0.95234
    outer loop
      vertex -1.73273 3.71586 10.2
      vertex -2.25733 6.20197 11
      vertex -1.40228 3.85274 10.2
    endloop
  endfacet
  facet normal -0.281819 0.116733 -0.95234
    outer loop
      vertex -3.71586 1.73273 10.2
      vertex -6.20197 2.25733 11
      vertex -5.98163 2.78928 11
    endloop
  endfacet
  facet normal -0.257265 0.1639 -0.95234
    outer loop
      vertex -3.5507 2.05 10.2
      vertex -5.71577 3.3 11
      vertex -5.4064 3.7856 11
    endloop
  endfacet
  facet normal -0.257267 0.163898 -0.95234
    outer loop
      vertex -3.5507 2.05 10.2
      vertex -5.4064 3.7856 11
      vertex -3.35852 2.35166 10.2
    endloop
  endfacet
  facet normal -0.242006 0.185694 -0.95234
    outer loop
      vertex -3.35852 2.35166 10.2
      vertex -5.05589 4.2424 11
      vertex -3.14078 2.63543 10.2
    endloop
  endfacet
  facet normal 0.242006 -0.185694 -0.95234
    outer loop
      vertex 5.05589 -4.2424 11
      vertex 3.14078 -2.63543 10.2
      vertex 3.35852 -2.35166 10.2
    endloop
  endfacet
  facet normal 0.224901 -0.206079 -0.95234
    outer loop
      vertex 5.05589 -4.2424 11
      vertex 2.89914 -2.89914 10.2
      vertex 3.14078 -2.63543 10.2
    endloop
  endfacet
  facet normal 0.270573 -0.140849 -0.95234
    outer loop
      vertex 5.71577 -3.3 11
      vertex 3.5507 -2.05 10.2
      vertex 5.98163 -2.78928 11
    endloop
  endfacet
  facet normal 0.0660172 -0.297809 -0.95234
    outer loop
      vertex 1.14608 -6.49973 11
      vertex 0.711957 -4.03771 10.2
      vertex 1.06116 -3.9603 10.2
    endloop
  endfacet
  facet normal 0.206079 -0.224901 -0.95234
    outer loop
      vertex 4.2424 -5.05589 11
      vertex 2.63543 -3.14078 10.2
      vertex 2.89914 -2.89914 10.2
    endloop
  endfacet
  facet normal 0.206084 -0.224897 -0.95234
    outer loop
      vertex 4.2424 -5.05589 11
      vertex 2.89914 -2.89914 10.2
      vertex 4.6669 -4.6669 11
    endloop
  endfacet
  facet normal -0.29092 -0.0917311 -0.95234
    outer loop
      vertex -3.85274 -1.40228 10.2
      vertex -6.20197 -2.25733 11
      vertex -3.9603 -1.06116 10.2
    endloop
  endfacet
  facet normal -0.290921 -0.0917287 -0.95234
    outer loop
      vertex -6.20197 -2.25733 11
      vertex -6.37511 -1.70821 11
      vertex -3.9603 -1.06116 10.2
    endloop
  endfacet
  facet normal -0.270573 -0.140851 -0.95234
    outer loop
      vertex -3.5507 -2.05 10.2
      vertex -5.98163 -2.78928 11
      vertex -3.71586 -1.73273 10.2
    endloop
  endfacet
  facet normal -0.257265 -0.1639 -0.95234
    outer loop
      vertex -5.4064 -3.7856 11
      vertex -5.71577 -3.3 11
      vertex -3.5507 -2.05 10.2
    endloop
  endfacet
  facet normal -0.140849 -0.270573 -0.95234
    outer loop
      vertex -2.78928 -5.98163 11
      vertex -3.3 -5.71577 11
      vertex -2.05 -3.5507 10.2
    endloop
  endfacet
  facet normal -0.163898 -0.257267 -0.95234
    outer loop
      vertex -2.05 -3.5507 10.2
      vertex -3.7856 -5.4064 11
      vertex -2.35166 -3.35852 10.2
    endloop
  endfacet
  facet normal -0.066022 -0.297809 -0.95234
    outer loop
      vertex -1.14608 -6.49973 11
      vertex -1.70821 -6.37511 11
      vertex -1.06116 -3.9603 10.2
    endloop
  endfacet
  facet normal -0.0917287 -0.290921 -0.95234
    outer loop
      vertex -1.70821 -6.37511 11
      vertex -2.25733 -6.20197 11
      vertex -1.06116 -3.9603 10.2
    endloop
  endfacet
  facet normal 0.0250569 -0.298056 -0.954219
    outer loop
      vertex -0.711957 -4.03771 10.2
      vertex -0.544304 -6.22143 10.8865
      vertex -0.544897 -6.2218 10.8866
    endloop
  endfacet
  facet normal -0.0392219 -0.302393 -0.952376
    outer loop
      vertex -0.711957 -4.03771 10.2
      vertex -0.544897 -6.2218 10.8866
      vertex -0.592295 -6.25817 10.9001
    endloop
  endfacet
  facet normal -0.0398206 -0.302444 -0.952335
    outer loop
      vertex -0.544304 -6.22143 10.8865
      vertex -0.711957 -4.03771 10.2
      vertex -0.357338 -4.0844 10.2
    endloop
  endfacet
  facet normal -0.224901 -0.206079 -0.95234
    outer loop
      vertex -2.89914 -2.89914 10.2
      vertex -5.05589 -4.2424 11
      vertex -3.14078 -2.63543 10.2
    endloop
  endfacet
  facet normal -0.224897 -0.206084 -0.95234
    outer loop
      vertex -4.6669 -4.6669 11
      vertex -5.05589 -4.2424 11
      vertex -2.89914 -2.89914 10.2
    endloop
  endfacet
  facet normal 0.242005 0.185694 -0.95234
    outer loop
      vertex 5.4064 3.7856 11
      vertex 3.35852 2.35166 10.2
      vertex 5.05589 4.2424 11
    endloop
  endfacet
  facet normal 0.224901 0.206079 -0.95234
    outer loop
      vertex 3.14078 2.63543 10.2
      vertex 2.89914 2.89914 10.2
      vertex 5.05589 4.2424 11
    endloop
  endfacet
  facet normal 0.297809 0.066022 -0.95234
    outer loop
      vertex 6.49973 1.14608 11
      vertex 3.9603 1.06116 10.2
      vertex 6.37511 1.70821 11
    endloop
  endfacet
  facet normal 0.140851 0.270573 -0.95234
    outer loop
      vertex 2.05 3.5507 10.2
      vertex 1.73273 3.71586 10.2
      vertex 2.78928 5.98163 11
    endloop
  endfacet
  facet normal 0.185694 0.242005 -0.95234
    outer loop
      vertex 4.2424 5.05589 11
      vertex 2.35166 3.35852 10.2
      vertex 3.7856 5.4064 11
    endloop
  endfacet
  facet normal 0.066022 0.297809 -0.95234
    outer loop
      vertex 1.70821 6.37511 11
      vertex 1.06116 3.9603 10.2
      vertex 1.14608 6.49973 11
    endloop
  endfacet
  facet normal 0.013305 0.304764 -0.952335
    outer loop
      vertex 0.357338 4.0844 10.2
      vertex 0.484171 6.18312 10.8734
      vertex 0.544304 6.22143 10.8865
    endloop
  endfacet
  facet normal 0.0133048 0.304764 -0.952335
    outer loop
      vertex 0.484171 6.18312 10.8734
      vertex 0.357338 4.0844 10.2
      vertex 0 4.1 10.2
    endloop
  endfacet
  facet normal 0.0917311 0.29092 -0.95234
    outer loop
      vertex 1.40228 3.85274 10.2
      vertex 1.06116 3.9603 10.2
      vertex 2.25733 6.20197 11
    endloop
  endfacet
  facet normal 0.140849 0.270573 -0.95234
    outer loop
      vertex 3.3 5.71577 11
      vertex 2.05 3.5507 10.2
      vertex 2.78928 5.98163 11
    endloop
  endfacet
  facet normal 0.116733 0.281819 -0.95234
    outer loop
      vertex 2.78928 5.98163 11
      vertex 1.73273 3.71586 10.2
      vertex 2.25733 6.20197 11
    endloop
  endfacet
  facet normal -0.0917311 0.29092 -0.95234
    outer loop
      vertex -1.40228 3.85274 10.2
      vertex -2.25733 6.20197 11
      vertex -1.06116 3.9603 10.2
    endloop
  endfacet
  facet normal -0.0917287 0.290921 -0.95234
    outer loop
      vertex -1.06116 3.9603 10.2
      vertex -2.25733 6.20197 11
      vertex -1.70821 6.37511 11
    endloop
  endfacet
  facet normal -0.140851 0.270573 -0.95234
    outer loop
      vertex -2.05 3.5507 10.2
      vertex -2.78928 5.98163 11
      vertex -1.73273 3.71586 10.2
    endloop
  endfacet
  facet normal -0.1639 0.257265 -0.95234
    outer loop
      vertex -2.05 3.5507 10.2
      vertex -3.7856 5.4064 11
      vertex -3.3 5.71577 11
    endloop
  endfacet
  facet normal -0.297809 0.066022 -0.95234
    outer loop
      vertex -3.9603 1.06116 10.2
      vertex -6.49973 1.14608 11
      vertex -6.37511 1.70821 11
    endloop
  endfacet
  facet normal -0.304764 0.0133048 -0.952335
    outer loop
      vertex -6.18312 0.484171 10.8734
      vertex -4.0844 0.357338 10.2
      vertex -4.1 0 10.2
    endloop
  endfacet
  facet normal -0.304764 0.013305 -0.952335
    outer loop
      vertex -4.0844 0.357338 10.2
      vertex -6.18312 0.484171 10.8734
      vertex -6.22143 0.544304 10.8865
    endloop
  endfacet
  facet normal -0.206079 0.224901 -0.95234
    outer loop
      vertex -2.89914 2.89914 10.2
      vertex -4.2424 5.05589 11
      vertex -2.63543 3.14078 10.2
    endloop
  endfacet
  facet normal -0.185694 0.242006 -0.95234
    outer loop
      vertex -2.63543 3.14078 10.2
      vertex -4.2424 5.05589 11
      vertex -2.35166 3.35852 10.2
    endloop
  endfacet
  facet normal -0.206084 0.224897 -0.95234
    outer loop
      vertex -2.89914 2.89914 10.2
      vertex -4.6669 4.6669 11
      vertex -4.2424 5.05589 11
    endloop
  endfacet
  facet normal -0.224897 0.206084 -0.95234
    outer loop
      vertex -2.89914 2.89914 10.2
      vertex -5.05589 4.2424 11
      vertex -4.6669 4.6669 11
    endloop
  endfacet
  facet normal 0.185694 -0.242006 -0.95234
    outer loop
      vertex 4.2424 -5.05589 11
      vertex 2.35166 -3.35852 10.2
      vertex 2.63543 -3.14078 10.2
    endloop
  endfacet
  facet normal 0.163898 -0.257267 -0.95234
    outer loop
      vertex 3.7856 -5.4064 11
      vertex 2.05 -3.5507 10.2
      vertex 2.35166 -3.35852 10.2
    endloop
  endfacet
  facet normal 0.1639 -0.257265 -0.95234
    outer loop
      vertex 3.3 -5.71577 11
      vertex 2.05 -3.5507 10.2
      vertex 3.7856 -5.4064 11
    endloop
  endfacet
  facet normal -0.116733 -0.281819 -0.95234
    outer loop
      vertex -2.25733 -6.20197 11
      vertex -2.78928 -5.98163 11
      vertex -1.73273 -3.71586 10.2
    endloop
  endfacet
  facet normal -0.140851 -0.270573 -0.95234
    outer loop
      vertex -1.73273 -3.71586 10.2
      vertex -2.78928 -5.98163 11
      vertex -2.05 -3.5507 10.2
    endloop
  endfacet
  facet normal -0.1639 -0.257265 -0.95234
    outer loop
      vertex -3.3 -5.71577 11
      vertex -3.7856 -5.4064 11
      vertex -2.05 -3.5507 10.2
    endloop
  endfacet
  facet normal -0.185694 -0.242006 -0.95234
    outer loop
      vertex -2.35166 -3.35852 10.2
      vertex -4.2424 -5.05589 11
      vertex -2.63543 -3.14078 10.2
    endloop
  endfacet
  facet normal 0.257267 0.163898 -0.95234
    outer loop
      vertex 3.5507 2.05 10.2
      vertex 3.35852 2.35166 10.2
      vertex 5.4064 3.7856 11
    endloop
  endfacet
  facet normal 0.206079 0.224901 -0.95234
    outer loop
      vertex 2.89914 2.89914 10.2
      vertex 2.63543 3.14078 10.2
      vertex 4.2424 5.05589 11
    endloop
  endfacet
  facet normal 0.270573 0.140851 -0.95234
    outer loop
      vertex 3.71586 1.73273 10.2
      vertex 3.5507 2.05 10.2
      vertex 5.98163 2.78928 11
    endloop
  endfacet
  facet normal 0.297809 0.0660172 -0.95234
    outer loop
      vertex 4.03771 0.711957 10.2
      vertex 3.9603 1.06116 10.2
      vertex 6.49973 1.14608 11
    endloop
  endfacet
  facet normal 0.1639 0.257265 -0.95234
    outer loop
      vertex 3.7856 5.4064 11
      vertex 2.05 3.5507 10.2
      vertex 3.3 5.71577 11
    endloop
  endfacet
  facet normal 0.163898 0.257267 -0.95234
    outer loop
      vertex 2.35166 3.35852 10.2
      vertex 2.05 3.5507 10.2
      vertex 3.7856 5.4064 11
    endloop
  endfacet
  facet normal -0.0131676 0.304749 -0.952342
    outer loop
      vertex 0 4.1 10.2
      vertex -0.0827971 6.05361 10.8263
      vertex 0 6.05 10.824
    endloop
  endfacet
  facet normal -0.0131849 0.304749 -0.952342
    outer loop
      vertex 0 4.1 10.2
      vertex -0.164966 6.06443 10.8309
      vertex -0.0827971 6.05361 10.8263
    endloop
  endfacet
  facet normal -0.013653 0.304711 -0.952347
    outer loop
      vertex 0 4.1 10.2
      vertex -0.245877 6.08237 10.8378
      vertex -0.164966 6.06443 10.8309
    endloop
  endfacet
  facet normal -0.0135713 0.304721 -0.952345
    outer loop
      vertex 0 4.1 10.2
      vertex -0.324919 6.10729 10.8469
      vertex -0.245877 6.08237 10.8378
    endloop
  endfacet
  facet normal -0.0130309 0.304802 -0.952327
    outer loop
      vertex 0 4.1 10.2
      vertex -0.401486 6.13901 10.8581
      vertex -0.324919 6.10729 10.8469
    endloop
  endfacet
  facet normal -0.0136865 0.304682 -0.952356
    outer loop
      vertex 0 4.1 10.2
      vertex -0.474999 6.17728 10.8714
      vertex -0.401486 6.13901 10.8581
    endloop
  endfacet
  facet normal -0.0136653 0.304687 -0.952355
    outer loop
      vertex -0.474999 6.17728 10.8714
      vertex 0 4.1 10.2
      vertex -0.484171 6.18312 10.8734
    endloop
  endfacet
  facet normal 0.0136653 0.304687 -0.952355
    outer loop
      vertex 0 4.1 10.2
      vertex 0.474999 6.17728 10.8714
      vertex 0.484171 6.18312 10.8734
    endloop
  endfacet
  facet normal 0.0136865 0.304682 -0.952356
    outer loop
      vertex 0 4.1 10.2
      vertex 0.401486 6.13901 10.8581
      vertex 0.474999 6.17728 10.8714
    endloop
  endfacet
  facet normal 0.0130309 0.304802 -0.952327
    outer loop
      vertex 0 4.1 10.2
      vertex 0.324919 6.10729 10.8469
      vertex 0.401486 6.13901 10.8581
    endloop
  endfacet
  facet normal 0.0135713 0.304721 -0.952345
    outer loop
      vertex 0 4.1 10.2
      vertex 0.245877 6.08237 10.8378
      vertex 0.324919 6.10729 10.8469
    endloop
  endfacet
  facet normal 0.013653 0.304711 -0.952347
    outer loop
      vertex 0 4.1 10.2
      vertex 0.164966 6.06443 10.8309
      vertex 0.245877 6.08237 10.8378
    endloop
  endfacet
  facet normal 0.0131849 0.304749 -0.952342
    outer loop
      vertex 0 4.1 10.2
      vertex 0.0827971 6.05361 10.8263
      vertex 0.164966 6.06443 10.8309
    endloop
  endfacet
  facet normal 0.0131676 0.304749 -0.952342
    outer loop
      vertex 0.0827971 6.05361 10.8263
      vertex 0 4.1 10.2
      vertex 0 6.05 10.824
    endloop
  endfacet
  facet normal 0.0660172 0.297809 -0.95234
    outer loop
      vertex 1.06116 3.9603 10.2
      vertex 0.711957 4.03771 10.2
      vertex 1.14608 6.49973 11
    endloop
  endfacet
  facet normal -0.270573 0.140849 -0.95234
    outer loop
      vertex -3.5507 2.05 10.2
      vertex -5.98163 2.78928 11
      vertex -5.71577 3.3 11
    endloop
  endfacet
  facet normal -0.270573 0.140851 -0.95234
    outer loop
      vertex -3.71586 1.73273 10.2
      vertex -5.98163 2.78928 11
      vertex -3.5507 2.05 10.2
    endloop
  endfacet
  facet normal -0.29092 0.0917311 -0.95234
    outer loop
      vertex -3.9603 1.06116 10.2
      vertex -6.20197 2.25733 11
      vertex -3.85274 1.40228 10.2
    endloop
  endfacet
  facet normal -0.281819 0.116736 -0.95234
    outer loop
      vertex -3.85274 1.40228 10.2
      vertex -6.20197 2.25733 11
      vertex -3.71586 1.73273 10.2
    endloop
  endfacet
  facet normal -0.304749 -0.0131676 -0.952342
    outer loop
      vertex -4.1 0 10.2
      vertex -6.05361 -0.0827971 10.8263
      vertex -6.05 0 10.824
    endloop
  endfacet
  facet normal -0.304749 -0.0131849 -0.952342
    outer loop
      vertex -4.1 0 10.2
      vertex -6.06443 -0.164966 10.8309
      vertex -6.05361 -0.0827971 10.8263
    endloop
  endfacet
  facet normal -0.304711 -0.013653 -0.952347
    outer loop
      vertex -4.1 0 10.2
      vertex -6.08237 -0.245877 10.8378
      vertex -6.06443 -0.164966 10.8309
    endloop
  endfacet
  facet normal -0.304721 -0.0135713 -0.952345
    outer loop
      vertex -4.1 0 10.2
      vertex -6.10729 -0.324919 10.8469
      vertex -6.08237 -0.245877 10.8378
    endloop
  endfacet
  facet normal -0.304802 -0.0130309 -0.952327
    outer loop
      vertex -4.1 0 10.2
      vertex -6.13901 -0.401486 10.8581
      vertex -6.10729 -0.324919 10.8469
    endloop
  endfacet
  facet normal -0.304682 -0.0136865 -0.952356
    outer loop
      vertex -4.1 0 10.2
      vertex -6.17728 -0.474999 10.8714
      vertex -6.13901 -0.401486 10.8581
    endloop
  endfacet
  facet normal -0.304687 -0.0136653 -0.952355
    outer loop
      vertex -6.17728 -0.474999 10.8714
      vertex -4.1 0 10.2
      vertex -6.18312 -0.484171 10.8734
    endloop
  endfacet
  facet normal -0.304749 0.0131676 -0.952342
    outer loop
      vertex -6.05361 0.0827971 10.8263
      vertex -4.1 0 10.2
      vertex -6.05 0 10.824
    endloop
  endfacet
  facet normal -0.304749 0.0131849 -0.952342
    outer loop
      vertex -6.06443 0.164966 10.8309
      vertex -4.1 0 10.2
      vertex -6.05361 0.0827971 10.8263
    endloop
  endfacet
  facet normal -0.304711 0.013653 -0.952347
    outer loop
      vertex -6.08237 0.245877 10.8378
      vertex -4.1 0 10.2
      vertex -6.06443 0.164966 10.8309
    endloop
  endfacet
  facet normal -0.304721 0.0135713 -0.952345
    outer loop
      vertex -6.10729 0.324919 10.8469
      vertex -4.1 0 10.2
      vertex -6.08237 0.245877 10.8378
    endloop
  endfacet
  facet normal -0.304802 0.0130309 -0.952327
    outer loop
      vertex -6.13901 0.401486 10.8581
      vertex -4.1 0 10.2
      vertex -6.10729 0.324919 10.8469
    endloop
  endfacet
  facet normal -0.304682 0.0136865 -0.952356
    outer loop
      vertex -6.17728 0.474999 10.8714
      vertex -4.1 0 10.2
      vertex -6.13901 0.401486 10.8581
    endloop
  endfacet
  facet normal -0.304687 0.0136653 -0.952355
    outer loop
      vertex -4.1 0 10.2
      vertex -6.17728 0.474999 10.8714
      vertex -6.18312 0.484171 10.8734
    endloop
  endfacet
  facet normal -0.297809 0.0660172 -0.95234
    outer loop
      vertex -4.03771 0.711957 10.2
      vertex -6.49973 1.14608 11
      vertex -3.9603 1.06116 10.2
    endloop
  endfacet
  facet normal 0.270573 0.140849 -0.95234
    outer loop
      vertex 5.98163 2.78928 11
      vertex 3.5507 2.05 10.2
      vertex 5.71577 3.3 11
    endloop
  endfacet
  facet normal 0.257265 0.1639 -0.95234
    outer loop
      vertex 5.71577 3.3 11
      vertex 3.5507 2.05 10.2
      vertex 5.4064 3.7856 11
    endloop
  endfacet
  facet normal 0.242006 0.185694 -0.95234
    outer loop
      vertex 3.35852 2.35166 10.2
      vertex 3.14078 2.63543 10.2
      vertex 5.05589 4.2424 11
    endloop
  endfacet
  facet normal 0.206084 0.224897 -0.95234
    outer loop
      vertex 4.6669 4.6669 11
      vertex 2.89914 2.89914 10.2
      vertex 4.2424 5.05589 11
    endloop
  endfacet
  facet normal 0.224897 0.206084 -0.95234
    outer loop
      vertex 5.05589 4.2424 11
      vertex 2.89914 2.89914 10.2
      vertex 4.6669 4.6669 11
    endloop
  endfacet
  facet normal 0.290921 0.0917287 -0.95234
    outer loop
      vertex 6.37511 1.70821 11
      vertex 3.9603 1.06116 10.2
      vertex 6.20197 2.25733 11
    endloop
  endfacet
  facet normal 0.302741 0.0398556 -0.952239
    outer loop
      vertex 6.525 0.822723 10.9945
      vertex 6.49973 1.14608 11
      vertex 6.54119 0.831152 11
    endloop
  endfacet
  facet normal 0.302897 0.0398669 -0.952189
    outer loop
      vertex 6.4551 0.778194 10.9704
      vertex 6.49973 1.14608 11
      vertex 6.525 0.822723 10.9945
    endloop
  endfacet
  facet normal 0.301038 0.040139 -0.952767
    outer loop
      vertex 6.38935 0.727742 10.9475
      vertex 6.49973 1.14608 11
      vertex 6.4551 0.778194 10.9704
    endloop
  endfacet
  facet normal 0.303585 0.0393695 -0.951991
    outer loop
      vertex 6.32825 0.671751 10.9257
      vertex 6.49973 1.14608 11
      vertex 6.38935 0.727742 10.9475
    endloop
  endfacet
  facet normal 0.301486 0.0402272 -0.952622
    outer loop
      vertex 6.27226 0.610648 10.9054
      vertex 6.49973 1.14608 11
      vertex 6.32825 0.671751 10.9257
    endloop
  endfacet
  facet normal 0.310548 0.0358932 -0.94988
    outer loop
      vertex 6.25817 0.592295 10.9001
      vertex 6.49973 1.14608 11
      vertex 6.27226 0.610648 10.9054
    endloop
  endfacet
  facet normal 0.302418 0.0398834 -0.952341
    outer loop
      vertex 6.49973 1.14608 11
      vertex 6.25817 0.592295 10.9001
      vertex 4.03771 0.711957 10.2
    endloop
  endfacet
  facet normal 0.302444 0.0398206 -0.952335
    outer loop
      vertex 4.03771 0.711957 10.2
      vertex 6.22143 0.544304 10.8865
      vertex 4.0844 0.357338 10.2
    endloop
  endfacet
  facet normal 0.298056 -0.0250569 -0.954219
    outer loop
      vertex 6.22143 0.544304 10.8865
      vertex 4.03771 0.711957 10.2
      vertex 6.2218 0.544897 10.8866
    endloop
  endfacet
  facet normal 0.302393 0.0392219 -0.952376
    outer loop
      vertex 6.2218 0.544897 10.8866
      vertex 4.03771 0.711957 10.2
      vertex 6.25817 0.592295 10.9001
    endloop
  endfacet
  facet normal 0.0398556 0.302741 -0.952239
    outer loop
      vertex 1.14608 6.49973 11
      vertex 0.822723 6.525 10.9945
      vertex 0.831152 6.54119 11
    endloop
  endfacet
  facet normal 0.0398669 0.302897 -0.952189
    outer loop
      vertex 1.14608 6.49973 11
      vertex 0.778194 6.4551 10.9704
      vertex 0.822723 6.525 10.9945
    endloop
  endfacet
  facet normal 0.040139 0.301038 -0.952767
    outer loop
      vertex 1.14608 6.49973 11
      vertex 0.727742 6.38935 10.9475
      vertex 0.778194 6.4551 10.9704
    endloop
  endfacet
  facet normal 0.0398834 0.302418 -0.952341
    outer loop
      vertex 0.592295 6.25817 10.9001
      vertex 1.14608 6.49973 11
      vertex 0.711957 4.03771 10.2
    endloop
  endfacet
  facet normal 0.0393695 0.303585 -0.951991
    outer loop
      vertex 1.14608 6.49973 11
      vertex 0.671751 6.32825 10.9257
      vertex 0.727742 6.38935 10.9475
    endloop
  endfacet
  facet normal 0.0402272 0.301486 -0.952622
    outer loop
      vertex 1.14608 6.49973 11
      vertex 0.610648 6.27226 10.9054
      vertex 0.671751 6.32825 10.9257
    endloop
  endfacet
  facet normal 0.0358932 0.310548 -0.94988
    outer loop
      vertex 1.14608 6.49973 11
      vertex 0.592295 6.25817 10.9001
      vertex 0.610648 6.27226 10.9054
    endloop
  endfacet
  facet normal 0.0392219 0.302393 -0.952376
    outer loop
      vertex 0.711957 4.03771 10.2
      vertex 0.544897 6.2218 10.8866
      vertex 0.592295 6.25817 10.9001
    endloop
  endfacet
  facet normal -0.0250569 0.298056 -0.954219
    outer loop
      vertex 0.711957 4.03771 10.2
      vertex 0.544304 6.22143 10.8865
      vertex 0.544897 6.2218 10.8866
    endloop
  endfacet
  facet normal 0.0398206 0.302444 -0.952335
    outer loop
      vertex 0.544304 6.22143 10.8865
      vertex 0.711957 4.03771 10.2
      vertex 0.357338 4.0844 10.2
    endloop
  endfacet
  facet normal -0.0133048 0.304764 -0.952335
    outer loop
      vertex -0.357338 4.0844 10.2
      vertex -0.484171 6.18312 10.8734
      vertex 0 4.1 10.2
    endloop
  endfacet
  facet normal -0.013305 0.304764 -0.952335
    outer loop
      vertex -0.484171 6.18312 10.8734
      vertex -0.357338 4.0844 10.2
      vertex -0.544304 6.22143 10.8865
    endloop
  endfacet
  facet normal -0.310548 0.0358932 -0.94988
    outer loop
      vertex -6.49973 1.14608 11
      vertex -6.25817 0.592295 10.9001
      vertex -6.27226 0.610648 10.9054
    endloop
  endfacet
  facet normal -0.301486 0.0402272 -0.952622
    outer loop
      vertex -6.49973 1.14608 11
      vertex -6.27226 0.610648 10.9054
      vertex -6.32825 0.671751 10.9257
    endloop
  endfacet
  facet normal -0.303585 0.0393695 -0.951991
    outer loop
      vertex -6.49973 1.14608 11
      vertex -6.32825 0.671751 10.9257
      vertex -6.38935 0.727742 10.9475
    endloop
  endfacet
  facet normal -0.301038 0.040139 -0.952767
    outer loop
      vertex -6.49973 1.14608 11
      vertex -6.38935 0.727742 10.9475
      vertex -6.4551 0.778194 10.9704
    endloop
  endfacet
  facet normal -0.302418 0.0398834 -0.952341
    outer loop
      vertex -6.25817 0.592295 10.9001
      vertex -6.49973 1.14608 11
      vertex -4.03771 0.711957 10.2
    endloop
  endfacet
  facet normal -0.302897 0.0398669 -0.952189
    outer loop
      vertex -6.525 0.822723 10.9945
      vertex -6.49973 1.14608 11
      vertex -6.4551 0.778194 10.9704
    endloop
  endfacet
  facet normal -0.302741 0.0398556 -0.952239
    outer loop
      vertex -6.49973 1.14608 11
      vertex -6.525 0.822723 10.9945
      vertex -6.54119 0.831152 11
    endloop
  endfacet
  facet normal -0.302444 0.0398206 -0.952335
    outer loop
      vertex -6.22143 0.544304 10.8865
      vertex -4.03771 0.711957 10.2
      vertex -4.0844 0.357338 10.2
    endloop
  endfacet
  facet normal -0.298056 -0.0250569 -0.954219
    outer loop
      vertex -6.2218 0.544897 10.8866
      vertex -4.03771 0.711957 10.2
      vertex -6.22143 0.544304 10.8865
    endloop
  endfacet
  facet normal -0.302393 0.0392219 -0.952376
    outer loop
      vertex -4.03771 0.711957 10.2
      vertex -6.2218 0.544897 10.8866
      vertex -6.25817 0.592295 10.9001
    endloop
  endfacet
  facet normal -0.304764 -0.0133048 -0.952335
    outer loop
      vertex -4.0844 -0.357338 10.2
      vertex -6.18312 -0.484171 10.8734
      vertex -4.1 0 10.2
    endloop
  endfacet
  facet normal -0.304764 -0.013305 -0.952335
    outer loop
      vertex -6.18312 -0.484171 10.8734
      vertex -4.0844 -0.357338 10.2
      vertex -6.22143 -0.544304 10.8865
    endloop
  endfacet
  facet normal 0.281819 0.116736 -0.95234
    outer loop
      vertex 3.85274 1.40228 10.2
      vertex 3.71586 1.73273 10.2
      vertex 6.20197 2.25733 11
    endloop
  endfacet
  facet normal 0.29092 0.0917311 -0.95234
    outer loop
      vertex 3.9603 1.06116 10.2
      vertex 3.85274 1.40228 10.2
      vertex 6.20197 2.25733 11
    endloop
  endfacet
  facet normal -0.999046 -0.0436796 0
    outer loop
      vertex 7.95 0 11
      vertex 7.94638 0.0827971 14.5
      vertex 7.94638 0.0827971 11
    endloop
  endfacet
  facet normal -0.999046 -0.0436796 0
    outer loop
      vertex 7.94638 0.0827971 14.5
      vertex 7.95 0 11
      vertex 7.95 0 14.5
    endloop
  endfacet
  facet normal 0.999051 -0.0435592 0
    outer loop
      vertex 6.05 0 14.5
      vertex 6.05361 0.0827971 10.8263
      vertex 6.05361 0.0827971 14.5
    endloop
  endfacet
  facet normal 0.999051 -0.0435592 0
    outer loop
      vertex 6.05361 0.0827971 10.8263
      vertex 6.05 0 14.5
      vertex 6.05 0 10.824
    endloop
  endfacet
  facet normal -0.0436299 -0.999048 0
    outer loop
      vertex 7 0.95 11
      vertex 7.0828 0.946384 14.5
      vertex 7 0.95 14.5
    endloop
  endfacet
  facet normal -0.0436299 -0.999048 -0
    outer loop
      vertex 7.0828 0.946384 14.5
      vertex 7 0.95 11
      vertex 7.0828 0.946384 11
    endloop
  endfacet
  facet normal -0.675611 -0.737258 0
    outer loop
      vertex 7.61065 0.727742 11
      vertex 7.67175 0.671751 14.5
      vertex 7.61065 0.727742 14.5
    endloop
  endfacet
  facet normal -0.675611 -0.737258 -0
    outer loop
      vertex 7.67175 0.671751 14.5
      vertex 7.61065 0.727742 11
      vertex 7.67175 0.671751 11
    endloop
  endfacet
  facet normal 0.675611 -0.737258 0
    outer loop
      vertex 6.32825 0.671751 14.5
      vertex 6.38935 0.727742 10.9475
      vertex 6.38935 0.727742 14.5
    endloop
  endfacet
  facet normal 0.675611 -0.737258 0
    outer loop
      vertex 6.38935 0.727742 10.9475
      vertex 6.32825 0.671751 14.5
      vertex 6.32825 0.671751 10.9257
    endloop
  endfacet
  facet normal 0.300703 -0.953718 0
    outer loop
      vertex 6.67508 0.892708 11
      vertex 6.75412 0.917629 14.5
      vertex 6.67508 0.892708 14.5
    endloop
  endfacet
  facet normal 0.300703 -0.953718 0
    outer loop
      vertex 6.75412 0.917629 14.5
      vertex 6.67508 0.892708 11
      vertex 6.75412 0.917629 11
    endloop
  endfacet
  facet normal 0.97629 0.216468 -0
    outer loop
      vertex 6.08237 -0.245877 10.8378
      vertex 6.06443 -0.164966 14.5
      vertex 6.08237 -0.245877 14.5
    endloop
  endfacet
  facet normal 0.97629 0.216468 0
    outer loop
      vertex 6.06443 -0.164966 14.5
      vertex 6.08237 -0.245877 10.8378
      vertex 6.06443 -0.164966 10.8309
    endloop
  endfacet
  facet normal -0.887003 -0.461763 0
    outer loop
      vertex 7.86099 0.401486 11
      vertex 7.82272 0.474999 14.5
      vertex 7.82272 0.474999 11
    endloop
  endfacet
  facet normal -0.887003 -0.461763 0
    outer loop
      vertex 7.82272 0.474999 14.5
      vertex 7.86099 0.401486 11
      vertex 7.86099 0.401486 14.5
    endloop
  endfacet
  facet normal -0.38269 -0.923877 0
    outer loop
      vertex 7.32492 0.892708 11
      vertex 7.40149 0.860991 14.5
      vertex 7.32492 0.892708 14.5
    endloop
  endfacet
  facet normal -0.38269 -0.923877 -0
    outer loop
      vertex 7.40149 0.860991 14.5
      vertex 7.32492 0.892708 11
      vertex 7.40149 0.860991 11
    endloop
  endfacet
  facet normal 0.843446 -0.537214 0
    outer loop
      vertex 6.17728 0.474999 14.5
      vertex 6.2218 0.544897 10.8866
      vertex 6.2218 0.544897 14.5
    endloop
  endfacet
  facet normal 0.848384 -0.529382 0.000212359
    outer loop
      vertex 6.2218 0.544897 10.8866
      vertex 6.17728 0.474999 14.5
      vertex 6.22143 0.544304 10.8865
    endloop
  endfacet
  facet normal 0.843385 -0.53731 -7.83093e-07
    outer loop
      vertex 6.22143 0.544304 10.8865
      vertex 6.17728 0.474999 14.5
      vertex 6.18312 0.484171 10.8734
    endloop
  endfacet
  facet normal 0.843525 -0.53709 0
    outer loop
      vertex 6.18312 0.484171 10.8734
      vertex 6.17728 0.474999 14.5
      vertex 6.17728 0.474999 10.8714
    endloop
  endfacet
  facet normal 0.79331 -0.608818 0
    outer loop
      vertex 6.2218 0.544897 14.5
      vertex 6.27226 0.610648 10.9054
      vertex 6.27226 0.610648 14.5
    endloop
  endfacet
  facet normal 0.793203 -0.608958 -4.05702e-06
    outer loop
      vertex 6.27226 0.610648 10.9054
      vertex 6.2218 0.544897 14.5
      vertex 6.25817 0.592295 10.9001
    endloop
  endfacet
  facet normal 0.793351 -0.608764 0
    outer loop
      vertex 6.25817 0.592295 10.9001
      vertex 6.2218 0.544897 14.5
      vertex 6.2218 0.544897 10.8866
    endloop
  endfacet
  facet normal 0.130516 -0.991446 0
    outer loop
      vertex 6.83503 0.935567 11
      vertex 6.9172 0.946384 14.5
      vertex 6.83503 0.935567 14.5
    endloop
  endfacet
  facet normal 0.130516 -0.991446 0
    outer loop
      vertex 6.9172 0.946384 14.5
      vertex 6.83503 0.935567 11
      vertex 6.9172 0.946384 11
    endloop
  endfacet
  facet normal -0.887003 0.461763 0
    outer loop
      vertex 7.82272 -0.474999 11
      vertex 7.86099 -0.401486 14.5
      vertex 7.86099 -0.401486 11
    endloop
  endfacet
  facet normal -0.887003 0.461763 0
    outer loop
      vertex 7.86099 -0.401486 14.5
      vertex 7.82272 -0.474999 11
      vertex 7.82272 -0.474999 14.5
    endloop
  endfacet
  facet normal -0.300703 0.953718 0
    outer loop
      vertex 7.32492 -0.892708 11
      vertex 7.24588 -0.917629 14.5
      vertex 7.32492 -0.892708 14.5
    endloop
  endfacet
  facet normal -0.300703 0.953718 0
    outer loop
      vertex 7.24588 -0.917629 14.5
      vertex 7.32492 -0.892708 11
      vertex 7.24588 -0.917629 11
    endloop
  endfacet
  facet normal -0.737281 0.675586 0
    outer loop
      vertex 7.67175 -0.671751 11
      vertex 7.72774 -0.610648 14.5
      vertex 7.72774 -0.610648 11
    endloop
  endfacet
  facet normal -0.737281 0.675586 0
    outer loop
      vertex 7.72774 -0.610648 14.5
      vertex 7.67175 -0.671751 11
      vertex 7.67175 -0.671751 14.5
    endloop
  endfacet
  facet normal -0.953723 0.300686 0
    outer loop
      vertex 7.89271 -0.324919 11
      vertex 7.91763 -0.245877 14.5
      vertex 7.91763 -0.245877 11
    endloop
  endfacet
  facet normal -0.953723 0.300686 0
    outer loop
      vertex 7.91763 -0.245877 14.5
      vertex 7.89271 -0.324919 11
      vertex 7.89271 -0.324919 14.5
    endloop
  endfacet
  facet normal 0.300703 0.953718 -0
    outer loop
      vertex 6.75412 -0.917629 11
      vertex 6.67508 -0.892708 14.5
      vertex 6.75412 -0.917629 14.5
    endloop
  endfacet
  facet normal 0.300703 0.953718 0
    outer loop
      vertex 6.67508 -0.892708 14.5
      vertex 6.75412 -0.917629 11
      vertex 6.67508 -0.892708 11
    endloop
  endfacet
  facet normal 0.793351 0.608764 0
    outer loop
      vertex 6.2218 -0.544897 14.5
      vertex 6.25817 -0.592295 10.9001
      vertex 6.2218 -0.544897 10.8866
    endloop
  endfacet
  facet normal 0.79331 0.608818 -0
    outer loop
      vertex 6.27226 -0.610648 10.9054
      vertex 6.2218 -0.544897 14.5
      vertex 6.27226 -0.610648 14.5
    endloop
  endfacet
  facet normal 0.793203 0.608958 -4.05702e-06
    outer loop
      vertex 6.2218 -0.544897 14.5
      vertex 6.27226 -0.610648 10.9054
      vertex 6.25817 -0.592295 10.9001
    endloop
  endfacet
  facet normal -0.991457 -0.130434 0
    outer loop
      vertex 7.94638 0.0827971 11
      vertex 7.93557 0.164966 14.5
      vertex 7.93557 0.164966 11
    endloop
  endfacet
  facet normal -0.991457 -0.130434 0
    outer loop
      vertex 7.93557 0.164966 14.5
      vertex 7.94638 0.0827971 11
      vertex 7.94638 0.0827971 14.5
    endloop
  endfacet
  facet normal -0.923859 -0.382734 0
    outer loop
      vertex 7.89271 0.324919 11
      vertex 7.86099 0.401486 14.5
      vertex 7.86099 0.401486 11
    endloop
  endfacet
  facet normal -0.923859 -0.382734 0
    outer loop
      vertex 7.86099 0.401486 14.5
      vertex 7.89271 0.324919 11
      vertex 7.89271 0.324919 14.5
    endloop
  endfacet
  facet normal -0.793368 -0.608742 0
    outer loop
      vertex 7.77819 0.544897 11
      vertex 7.72774 0.610648 14.5
      vertex 7.72774 0.610648 11
    endloop
  endfacet
  facet normal -0.793368 -0.608742 0
    outer loop
      vertex 7.72774 0.610648 14.5
      vertex 7.77819 0.544897 11
      vertex 7.77819 0.544897 14.5
    endloop
  endfacet
  facet normal -0.737281 -0.675586 0
    outer loop
      vertex 7.72774 0.610648 11
      vertex 7.67175 0.671751 14.5
      vertex 7.67175 0.671751 11
    endloop
  endfacet
  facet normal -0.737281 -0.675586 0
    outer loop
      vertex 7.67175 0.671751 14.5
      vertex 7.72774 0.610648 11
      vertex 7.72774 0.610648 14.5
    endloop
  endfacet
  facet normal -0.843391 -0.5373 0
    outer loop
      vertex 7.82272 0.474999 11
      vertex 7.77819 0.544897 14.5
      vertex 7.77819 0.544897 11
    endloop
  endfacet
  facet normal -0.843391 -0.5373 0
    outer loop
      vertex 7.77819 0.544897 14.5
      vertex 7.82272 0.474999 11
      vertex 7.82272 0.474999 14.5
    endloop
  endfacet
  facet normal -0.216447 -0.976294 0
    outer loop
      vertex 7.16497 0.935567 11
      vertex 7.24588 0.917629 14.5
      vertex 7.16497 0.935567 14.5
    endloop
  endfacet
  facet normal -0.216447 -0.976294 -0
    outer loop
      vertex 7.24588 0.917629 14.5
      vertex 7.16497 0.935567 11
      vertex 7.24588 0.917629 11
    endloop
  endfacet
  facet normal -0.130516 -0.991446 0
    outer loop
      vertex 7.0828 0.946384 11
      vertex 7.16497 0.935567 14.5
      vertex 7.0828 0.946384 14.5
    endloop
  endfacet
  facet normal -0.130516 -0.991446 -0
    outer loop
      vertex 7.16497 0.935567 14.5
      vertex 7.0828 0.946384 11
      vertex 7.16497 0.935567 11
    endloop
  endfacet
  facet normal -0.537281 -0.843404 0
    outer loop
      vertex 7.475 0.822723 11
      vertex 7.5449 0.778194 14.5
      vertex 7.475 0.822723 14.5
    endloop
  endfacet
  facet normal -0.537281 -0.843404 -0
    outer loop
      vertex 7.5449 0.778194 14.5
      vertex 7.475 0.822723 11
      vertex 7.5449 0.778194 11
    endloop
  endfacet
  facet normal -0.461759 -0.887005 0
    outer loop
      vertex 7.40149 0.860991 11
      vertex 7.475 0.822723 14.5
      vertex 7.40149 0.860991 14.5
    endloop
  endfacet
  facet normal -0.461759 -0.887005 -0
    outer loop
      vertex 7.475 0.822723 14.5
      vertex 7.40149 0.860991 11
      vertex 7.475 0.822723 11
    endloop
  endfacet
  facet normal -0.608763 -0.793352 0
    outer loop
      vertex 7.5449 0.778194 11
      vertex 7.61065 0.727742 14.5
      vertex 7.5449 0.778194 14.5
    endloop
  endfacet
  facet normal -0.608763 -0.793352 -0
    outer loop
      vertex 7.61065 0.727742 14.5
      vertex 7.5449 0.778194 11
      vertex 7.61065 0.727742 11
    endloop
  endfacet
  facet normal 0.97629 -0.216468 0
    outer loop
      vertex 6.06443 0.164966 14.5
      vertex 6.08237 0.245877 10.8378
      vertex 6.08237 0.245877 14.5
    endloop
  endfacet
  facet normal 0.97629 -0.216468 0
    outer loop
      vertex 6.08237 0.245877 10.8378
      vertex 6.06443 0.164966 14.5
      vertex 6.06443 0.164966 10.8309
    endloop
  endfacet
  facet normal 0.737281 -0.675586 0
    outer loop
      vertex 6.27226 0.610648 14.5
      vertex 6.32825 0.671751 10.9257
      vertex 6.32825 0.671751 14.5
    endloop
  endfacet
  facet normal 0.737281 -0.675586 0
    outer loop
      vertex 6.32825 0.671751 10.9257
      vertex 6.27226 0.610648 14.5
      vertex 6.27226 0.610648 10.9054
    endloop
  endfacet
  facet normal 0.953723 -0.300686 0
    outer loop
      vertex 6.08237 0.245877 14.5
      vertex 6.10729 0.324919 10.8469
      vertex 6.10729 0.324919 14.5
    endloop
  endfacet
  facet normal 0.953723 -0.300686 0
    outer loop
      vertex 6.10729 0.324919 10.8469
      vertex 6.08237 0.245877 14.5
      vertex 6.08237 0.245877 10.8378
    endloop
  endfacet
  facet normal 0.991441 -0.130553 0
    outer loop
      vertex 6.05361 0.0827971 14.5
      vertex 6.06443 0.164966 10.8309
      vertex 6.06443 0.164966 14.5
    endloop
  endfacet
  facet normal 0.991441 -0.130553 0
    outer loop
      vertex 6.06443 0.164966 10.8309
      vertex 6.05361 0.0827971 14.5
      vertex 6.05361 0.0827971 10.8263
    endloop
  endfacet
  facet normal 0.537281 -0.843404 0
    outer loop
      vertex 6.4551 0.778194 14.5
      vertex 6.525 0.822723 10.9945
      vertex 6.525 0.822723 14.5
    endloop
  endfacet
  facet normal 0.537281 -0.843404 0
    outer loop
      vertex 6.525 0.822723 10.9945
      vertex 6.4551 0.778194 14.5
      vertex 6.4551 0.778194 10.9704
    endloop
  endfacet
  facet normal 0.608763 -0.793352 0
    outer loop
      vertex 6.38935 0.727742 14.5
      vertex 6.4551 0.778194 10.9704
      vertex 6.4551 0.778194 14.5
    endloop
  endfacet
  facet normal 0.608763 -0.793352 0
    outer loop
      vertex 6.4551 0.778194 10.9704
      vertex 6.38935 0.727742 14.5
      vertex 6.38935 0.727742 10.9475
    endloop
  endfacet
  facet normal 0.216447 -0.976294 0
    outer loop
      vertex 6.75412 0.917629 11
      vertex 6.83503 0.935567 14.5
      vertex 6.75412 0.917629 14.5
    endloop
  endfacet
  facet normal 0.216447 -0.976294 0
    outer loop
      vertex 6.83503 0.935567 14.5
      vertex 6.75412 0.917629 11
      vertex 6.83503 0.935567 11
    endloop
  endfacet
  facet normal 0.0436299 -0.999048 0
    outer loop
      vertex 6.9172 0.946384 11
      vertex 7 0.95 14.5
      vertex 6.9172 0.946384 14.5
    endloop
  endfacet
  facet normal 0.0436299 -0.999048 0
    outer loop
      vertex 7 0.95 14.5
      vertex 6.9172 0.946384 11
      vertex 7 0.95 11
    endloop
  endfacet
  facet normal -0.675611 0.737258 0
    outer loop
      vertex 7.67175 -0.671751 11
      vertex 7.61065 -0.727742 14.5
      vertex 7.67175 -0.671751 14.5
    endloop
  endfacet
  facet normal -0.675611 0.737258 0
    outer loop
      vertex 7.61065 -0.727742 14.5
      vertex 7.67175 -0.671751 11
      vertex 7.61065 -0.727742 11
    endloop
  endfacet
  facet normal -0.793368 0.608742 0
    outer loop
      vertex 7.72774 -0.610648 11
      vertex 7.77819 -0.544897 14.5
      vertex 7.77819 -0.544897 11
    endloop
  endfacet
  facet normal -0.793368 0.608742 0
    outer loop
      vertex 7.77819 -0.544897 14.5
      vertex 7.72774 -0.610648 11
      vertex 7.72774 -0.610648 14.5
    endloop
  endfacet
  facet normal -0.843391 0.5373 0
    outer loop
      vertex 7.77819 -0.544897 11
      vertex 7.82272 -0.474999 14.5
      vertex 7.82272 -0.474999 11
    endloop
  endfacet
  facet normal -0.843391 0.5373 0
    outer loop
      vertex 7.82272 -0.474999 14.5
      vertex 7.77819 -0.544897 11
      vertex 7.77819 -0.544897 14.5
    endloop
  endfacet
  facet normal 0.675611 0.737258 -0
    outer loop
      vertex 6.38935 -0.727742 10.9475
      vertex 6.32825 -0.671751 14.5
      vertex 6.38935 -0.727742 14.5
    endloop
  endfacet
  facet normal 0.675611 0.737258 0
    outer loop
      vertex 6.32825 -0.671751 14.5
      vertex 6.38935 -0.727742 10.9475
      vertex 6.32825 -0.671751 10.9257
    endloop
  endfacet
  facet normal 0.608763 0.793352 -0
    outer loop
      vertex 6.4551 -0.778194 10.9704
      vertex 6.38935 -0.727742 14.5
      vertex 6.4551 -0.778194 14.5
    endloop
  endfacet
  facet normal 0.608763 0.793352 0
    outer loop
      vertex 6.38935 -0.727742 14.5
      vertex 6.4551 -0.778194 10.9704
      vertex 6.38935 -0.727742 10.9475
    endloop
  endfacet
  facet normal 0.537281 0.843404 -0
    outer loop
      vertex 6.525 -0.822723 10.9945
      vertex 6.4551 -0.778194 14.5
      vertex 6.525 -0.822723 14.5
    endloop
  endfacet
  facet normal 0.537281 0.843404 0
    outer loop
      vertex 6.4551 -0.778194 14.5
      vertex 6.525 -0.822723 10.9945
      vertex 6.4551 -0.778194 10.9704
    endloop
  endfacet
  facet normal 0.130516 0.991446 -0
    outer loop
      vertex 6.9172 -0.946384 11
      vertex 6.83503 -0.935567 14.5
      vertex 6.9172 -0.946384 14.5
    endloop
  endfacet
  facet normal 0.130516 0.991446 0
    outer loop
      vertex 6.83503 -0.935567 14.5
      vertex 6.9172 -0.946384 11
      vertex 6.83503 -0.935567 11
    endloop
  endfacet
  facet normal 0.923859 0.382734 -0
    outer loop
      vertex 6.13901 -0.401486 10.8581
      vertex 6.10729 -0.324919 14.5
      vertex 6.13901 -0.401486 14.5
    endloop
  endfacet
  facet normal 0.923859 0.382734 0
    outer loop
      vertex 6.10729 -0.324919 14.5
      vertex 6.13901 -0.401486 10.8581
      vertex 6.10729 -0.324919 10.8469
    endloop
  endfacet
  facet normal 0.999051 0.0435592 -0
    outer loop
      vertex 6.05361 -0.0827971 10.8263
      vertex 6.05 0 14.5
      vertex 6.05361 -0.0827971 14.5
    endloop
  endfacet
  facet normal 0.999051 0.0435592 0
    outer loop
      vertex 6.05 0 14.5
      vertex 6.05361 -0.0827971 10.8263
      vertex 6.05 0 10.824
    endloop
  endfacet
  facet normal -0.953723 -0.300686 0
    outer loop
      vertex 7.91763 0.245877 11
      vertex 7.89271 0.324919 14.5
      vertex 7.89271 0.324919 11
    endloop
  endfacet
  facet normal -0.953723 -0.300686 0
    outer loop
      vertex 7.89271 0.324919 14.5
      vertex 7.91763 0.245877 11
      vertex 7.91763 0.245877 14.5
    endloop
  endfacet
  facet normal -0.97629 -0.216468 0
    outer loop
      vertex 7.93557 0.164966 11
      vertex 7.91763 0.245877 14.5
      vertex 7.91763 0.245877 11
    endloop
  endfacet
  facet normal -0.97629 -0.216468 0
    outer loop
      vertex 7.91763 0.245877 14.5
      vertex 7.93557 0.164966 11
      vertex 7.93557 0.164966 14.5
    endloop
  endfacet
  facet normal -0.300703 -0.953718 0
    outer loop
      vertex 7.24588 0.917629 11
      vertex 7.32492 0.892708 14.5
      vertex 7.24588 0.917629 14.5
    endloop
  endfacet
  facet normal -0.300703 -0.953718 -0
    outer loop
      vertex 7.32492 0.892708 14.5
      vertex 7.24588 0.917629 11
      vertex 7.32492 0.892708 11
    endloop
  endfacet
  facet normal 0.923859 -0.382734 0
    outer loop
      vertex 6.10729 0.324919 14.5
      vertex 6.13901 0.401486 10.8581
      vertex 6.13901 0.401486 14.5
    endloop
  endfacet
  facet normal 0.923859 -0.382734 0
    outer loop
      vertex 6.13901 0.401486 10.8581
      vertex 6.10729 0.324919 14.5
      vertex 6.10729 0.324919 10.8469
    endloop
  endfacet
  facet normal 0.887003 -0.461763 0
    outer loop
      vertex 6.13901 0.401486 14.5
      vertex 6.17728 0.474999 10.8714
      vertex 6.17728 0.474999 14.5
    endloop
  endfacet
  facet normal 0.887003 -0.461763 0
    outer loop
      vertex 6.17728 0.474999 10.8714
      vertex 6.13901 0.401486 14.5
      vertex 6.13901 0.401486 10.8581
    endloop
  endfacet
  facet normal 0.38269 -0.923877 0
    outer loop
      vertex 6.59851 0.860991 11
      vertex 6.67508 0.892708 14.5
      vertex 6.59851 0.860991 14.5
    endloop
  endfacet
  facet normal 0.38269 -0.923877 0
    outer loop
      vertex 6.67508 0.892708 14.5
      vertex 6.59851 0.860991 11
      vertex 6.67508 0.892708 11
    endloop
  endfacet
  facet normal 0.461759 -0.887005 -1.96063e-07
    outer loop
      vertex 6.525 0.822723 14.5
      vertex 6.54119 0.831152 11
      vertex 6.59851 0.860991 14.5
    endloop
  endfacet
  facet normal 0.461793 -0.886988 0
    outer loop
      vertex 6.54119 0.831152 11
      vertex 6.525 0.822723 14.5
      vertex 6.525 0.822723 10.9945
    endloop
  endfacet
  facet normal 0.46175 -0.88701 0
    outer loop
      vertex 6.59851 0.860991 14.5
      vertex 6.54119 0.831152 11
      vertex 6.59851 0.860991 11
    endloop
  endfacet
  facet normal -0.0436299 0.999048 0
    outer loop
      vertex 7.0828 -0.946384 11
      vertex 7 -0.95 14.5
      vertex 7.0828 -0.946384 14.5
    endloop
  endfacet
  facet normal -0.0436299 0.999048 0
    outer loop
      vertex 7 -0.95 14.5
      vertex 7.0828 -0.946384 11
      vertex 7 -0.95 11
    endloop
  endfacet
  facet normal -0.216447 0.976294 0
    outer loop
      vertex 7.24588 -0.917629 11
      vertex 7.16497 -0.935567 14.5
      vertex 7.24588 -0.917629 14.5
    endloop
  endfacet
  facet normal -0.216447 0.976294 0
    outer loop
      vertex 7.16497 -0.935567 14.5
      vertex 7.24588 -0.917629 11
      vertex 7.16497 -0.935567 11
    endloop
  endfacet
  facet normal -0.38269 0.923877 0
    outer loop
      vertex 7.40149 -0.860991 11
      vertex 7.32492 -0.892708 14.5
      vertex 7.40149 -0.860991 14.5
    endloop
  endfacet
  facet normal -0.38269 0.923877 0
    outer loop
      vertex 7.32492 -0.892708 14.5
      vertex 7.40149 -0.860991 11
      vertex 7.32492 -0.892708 11
    endloop
  endfacet
  facet normal -0.608763 0.793352 0
    outer loop
      vertex 7.61065 -0.727742 11
      vertex 7.5449 -0.778194 14.5
      vertex 7.61065 -0.727742 14.5
    endloop
  endfacet
  facet normal -0.608763 0.793352 0
    outer loop
      vertex 7.5449 -0.778194 14.5
      vertex 7.61065 -0.727742 11
      vertex 7.5449 -0.778194 11
    endloop
  endfacet
  facet normal -0.461759 0.887005 0
    outer loop
      vertex 7.475 -0.822723 11
      vertex 7.40149 -0.860991 14.5
      vertex 7.475 -0.822723 14.5
    endloop
  endfacet
  facet normal -0.461759 0.887005 0
    outer loop
      vertex 7.40149 -0.860991 14.5
      vertex 7.475 -0.822723 11
      vertex 7.40149 -0.860991 11
    endloop
  endfacet
  facet normal -0.923859 0.382734 0
    outer loop
      vertex 7.86099 -0.401486 11
      vertex 7.89271 -0.324919 14.5
      vertex 7.89271 -0.324919 11
    endloop
  endfacet
  facet normal -0.923859 0.382734 0
    outer loop
      vertex 7.89271 -0.324919 14.5
      vertex 7.86099 -0.401486 11
      vertex 7.86099 -0.401486 14.5
    endloop
  endfacet
  facet normal -0.97629 0.216468 0
    outer loop
      vertex 7.91763 -0.245877 11
      vertex 7.93557 -0.164966 14.5
      vertex 7.93557 -0.164966 11
    endloop
  endfacet
  facet normal -0.97629 0.216468 0
    outer loop
      vertex 7.93557 -0.164966 14.5
      vertex 7.91763 -0.245877 11
      vertex 7.91763 -0.245877 14.5
    endloop
  endfacet
  facet normal -0.991457 0.130434 0
    outer loop
      vertex 7.93557 -0.164966 11
      vertex 7.94638 -0.0827971 14.5
      vertex 7.94638 -0.0827971 11
    endloop
  endfacet
  facet normal -0.991457 0.130434 0
    outer loop
      vertex 7.94638 -0.0827971 14.5
      vertex 7.93557 -0.164966 11
      vertex 7.93557 -0.164966 14.5
    endloop
  endfacet
  facet normal 0.461759 0.887005 -0
    outer loop
      vertex 6.59851 -0.860991 11
      vertex 6.525 -0.822723 14.5
      vertex 6.59851 -0.860991 14.5
    endloop
  endfacet
  facet normal 0.46175 0.88701 -2.51442e-07
    outer loop
      vertex 6.54119 -0.831152 11
      vertex 6.525 -0.822723 14.5
      vertex 6.59851 -0.860991 11
    endloop
  endfacet
  facet normal 0.461793 0.886988 0
    outer loop
      vertex 6.525 -0.822723 14.5
      vertex 6.54119 -0.831152 11
      vertex 6.525 -0.822723 10.9945
    endloop
  endfacet
  facet normal 0.216447 0.976294 -0
    outer loop
      vertex 6.83503 -0.935567 11
      vertex 6.75412 -0.917629 14.5
      vertex 6.83503 -0.935567 14.5
    endloop
  endfacet
  facet normal 0.216447 0.976294 0
    outer loop
      vertex 6.75412 -0.917629 14.5
      vertex 6.83503 -0.935567 11
      vertex 6.75412 -0.917629 11
    endloop
  endfacet
  facet normal 0.0436299 0.999048 -0
    outer loop
      vertex 7 -0.95 11
      vertex 6.9172 -0.946384 14.5
      vertex 7 -0.95 14.5
    endloop
  endfacet
  facet normal 0.0436299 0.999048 0
    outer loop
      vertex 6.9172 -0.946384 14.5
      vertex 7 -0.95 11
      vertex 6.9172 -0.946384 11
    endloop
  endfacet
  facet normal 0.737281 0.675586 -0
    outer loop
      vertex 6.32825 -0.671751 10.9257
      vertex 6.27226 -0.610648 14.5
      vertex 6.32825 -0.671751 14.5
    endloop
  endfacet
  facet normal 0.737281 0.675586 0
    outer loop
      vertex 6.27226 -0.610648 14.5
      vertex 6.32825 -0.671751 10.9257
      vertex 6.27226 -0.610648 10.9054
    endloop
  endfacet
  facet normal 0.843525 0.53709 0
    outer loop
      vertex 6.17728 -0.474999 14.5
      vertex 6.18312 -0.484171 10.8734
      vertex 6.17728 -0.474999 10.8714
    endloop
  endfacet
  facet normal 0.843385 0.53731 -7.83093e-07
    outer loop
      vertex 6.17728 -0.474999 14.5
      vertex 6.22143 -0.544304 10.8865
      vertex 6.18312 -0.484171 10.8734
    endloop
  endfacet
  facet normal 0.843446 0.537214 -0
    outer loop
      vertex 6.2218 -0.544897 10.8866
      vertex 6.17728 -0.474999 14.5
      vertex 6.2218 -0.544897 14.5
    endloop
  endfacet
  facet normal 0.848384 0.529382 0.000212359
    outer loop
      vertex 6.17728 -0.474999 14.5
      vertex 6.2218 -0.544897 10.8866
      vertex 6.22143 -0.544304 10.8865
    endloop
  endfacet
  facet normal 0.953723 0.300686 -0
    outer loop
      vertex 6.10729 -0.324919 10.8469
      vertex 6.08237 -0.245877 14.5
      vertex 6.10729 -0.324919 14.5
    endloop
  endfacet
  facet normal 0.953723 0.300686 0
    outer loop
      vertex 6.08237 -0.245877 14.5
      vertex 6.10729 -0.324919 10.8469
      vertex 6.08237 -0.245877 10.8378
    endloop
  endfacet
  facet normal 0.991441 0.130553 -0
    outer loop
      vertex 6.06443 -0.164966 10.8309
      vertex 6.05361 -0.0827971 14.5
      vertex 6.06443 -0.164966 14.5
    endloop
  endfacet
  facet normal 0.991441 0.130553 0
    outer loop
      vertex 6.05361 -0.0827971 14.5
      vertex 6.06443 -0.164966 10.8309
      vertex 6.05361 -0.0827971 10.8263
    endloop
  endfacet
  facet normal -0.130516 0.991446 0
    outer loop
      vertex 7.16497 -0.935567 11
      vertex 7.0828 -0.946384 14.5
      vertex 7.16497 -0.935567 14.5
    endloop
  endfacet
  facet normal -0.130516 0.991446 0
    outer loop
      vertex 7.0828 -0.946384 14.5
      vertex 7.16497 -0.935567 11
      vertex 7.0828 -0.946384 11
    endloop
  endfacet
  facet normal -0.537281 0.843404 0
    outer loop
      vertex 7.5449 -0.778194 11
      vertex 7.475 -0.822723 14.5
      vertex 7.5449 -0.778194 14.5
    endloop
  endfacet
  facet normal -0.537281 0.843404 0
    outer loop
      vertex 7.475 -0.822723 14.5
      vertex 7.5449 -0.778194 11
      vertex 7.475 -0.822723 11
    endloop
  endfacet
  facet normal -0.999046 0.0436796 0
    outer loop
      vertex 7.94638 -0.0827971 11
      vertex 7.95 0 14.5
      vertex 7.95 0 11
    endloop
  endfacet
  facet normal -0.999046 0.0436796 0
    outer loop
      vertex 7.95 0 14.5
      vertex 7.94638 -0.0827971 11
      vertex 7.94638 -0.0827971 14.5
    endloop
  endfacet
  facet normal 0.38269 0.923877 -0
    outer loop
      vertex 6.67508 -0.892708 11
      vertex 6.59851 -0.860991 14.5
      vertex 6.67508 -0.892708 14.5
    endloop
  endfacet
  facet normal 0.38269 0.923877 0
    outer loop
      vertex 6.59851 -0.860991 14.5
      vertex 6.67508 -0.892708 11
      vertex 6.59851 -0.860991 11
    endloop
  endfacet
  facet normal 0.887003 0.461763 -0
    outer loop
      vertex 6.17728 -0.474999 10.8714
      vertex 6.13901 -0.401486 14.5
      vertex 6.17728 -0.474999 14.5
    endloop
  endfacet
  facet normal 0.887003 0.461763 0
    outer loop
      vertex 6.13901 -0.401486 14.5
      vertex 6.17728 -0.474999 10.8714
      vertex 6.13901 -0.401486 10.8581
    endloop
  endfacet
  facet normal -0.999048 -0.0436299 0
    outer loop
      vertex 0.95 7 11
      vertex 0.946384 7.0828 14.5
      vertex 0.946384 7.0828 11
    endloop
  endfacet
  facet normal -0.999048 -0.0436299 0
    outer loop
      vertex 0.946384 7.0828 14.5
      vertex 0.95 7 11
      vertex 0.95 7 14.5
    endloop
  endfacet
  facet normal 0.0436796 -0.999046 0
    outer loop
      vertex -0.0827971 7.94638 11
      vertex 0 7.95 14.5
      vertex -0.0827971 7.94638 14.5
    endloop
  endfacet
  facet normal 0.0436796 -0.999046 0
    outer loop
      vertex 0 7.95 14.5
      vertex -0.0827971 7.94638 11
      vertex 0 7.95 11
    endloop
  endfacet
  facet normal -0.0435592 0.999051 0
    outer loop
      vertex 0.0827971 6.05361 10.8263
      vertex 0 6.05 14.5
      vertex 0.0827971 6.05361 14.5
    endloop
  endfacet
  facet normal -0.0435592 0.999051 0
    outer loop
      vertex 0 6.05 14.5
      vertex 0.0827971 6.05361 10.8263
      vertex 0 6.05 10.824
    endloop
  endfacet
  facet normal -0.675586 -0.737281 0
    outer loop
      vertex 0.610648 7.72774 11
      vertex 0.671751 7.67175 14.5
      vertex 0.610648 7.72774 14.5
    endloop
  endfacet
  facet normal -0.675586 -0.737281 -0
    outer loop
      vertex 0.671751 7.67175 14.5
      vertex 0.610648 7.72774 11
      vertex 0.671751 7.67175 11
    endloop
  endfacet
  facet normal 0.737258 -0.675611 0
    outer loop
      vertex -0.727742 7.61065 14.5
      vertex -0.671751 7.67175 11
      vertex -0.671751 7.67175 14.5
    endloop
  endfacet
  facet normal 0.737258 -0.675611 0
    outer loop
      vertex -0.671751 7.67175 11
      vertex -0.727742 7.61065 14.5
      vertex -0.727742 7.61065 11
    endloop
  endfacet
  facet normal 0.461763 -0.887003 0
    outer loop
      vertex -0.474999 7.82272 11
      vertex -0.401486 7.86099 14.5
      vertex -0.474999 7.82272 14.5
    endloop
  endfacet
  facet normal 0.461763 -0.887003 0
    outer loop
      vertex -0.401486 7.86099 14.5
      vertex -0.474999 7.82272 11
      vertex -0.401486 7.86099 11
    endloop
  endfacet
  facet normal -0.843404 0.537281 0
    outer loop
      vertex 0.778194 6.4551 14.5
      vertex 0.822723 6.525 10.9945
      vertex 0.778194 6.4551 10.9704
    endloop
  endfacet
  facet normal -0.843404 0.537281 0
    outer loop
      vertex 0.822723 6.525 10.9945
      vertex 0.778194 6.4551 14.5
      vertex 0.822723 6.525 14.5
    endloop
  endfacet
  facet normal -0.887005 -0.461759 0
    outer loop
      vertex 0.860991 7.40149 11
      vertex 0.822723 7.475 14.5
      vertex 0.822723 7.475 11
    endloop
  endfacet
  facet normal -0.887005 -0.461759 0
    outer loop
      vertex 0.822723 7.475 14.5
      vertex 0.860991 7.40149 11
      vertex 0.860991 7.40149 14.5
    endloop
  endfacet
  facet normal -0.382734 -0.923859 0
    outer loop
      vertex 0.324919 7.89271 11
      vertex 0.401486 7.86099 14.5
      vertex 0.324919 7.89271 14.5
    endloop
  endfacet
  facet normal -0.382734 -0.923859 -0
    outer loop
      vertex 0.401486 7.86099 14.5
      vertex 0.324919 7.89271 11
      vertex 0.401486 7.86099 11
    endloop
  endfacet
  facet normal -0.5373 -0.843391 0
    outer loop
      vertex 0.474999 7.82272 11
      vertex 0.544897 7.77819 14.5
      vertex 0.474999 7.82272 14.5
    endloop
  endfacet
  facet normal -0.5373 -0.843391 -0
    outer loop
      vertex 0.544897 7.77819 14.5
      vertex 0.474999 7.82272 11
      vertex 0.544897 7.77819 11
    endloop
  endfacet
  facet normal 0.923877 -0.38269 0
    outer loop
      vertex -0.892708 7.32492 14.5
      vertex -0.860991 7.40149 11
      vertex -0.860991 7.40149 14.5
    endloop
  endfacet
  facet normal 0.923877 -0.38269 0
    outer loop
      vertex -0.860991 7.40149 11
      vertex -0.892708 7.32492 14.5
      vertex -0.892708 7.32492 11
    endloop
  endfacet
  facet normal 0.300686 -0.953723 0
    outer loop
      vertex -0.324919 7.89271 11
      vertex -0.245877 7.91763 14.5
      vertex -0.324919 7.89271 14.5
    endloop
  endfacet
  facet normal 0.300686 -0.953723 0
    outer loop
      vertex -0.245877 7.91763 14.5
      vertex -0.324919 7.89271 11
      vertex -0.245877 7.91763 11
    endloop
  endfacet
  facet normal -0.953718 -0.300703 0
    outer loop
      vertex 0.917629 7.24588 11
      vertex 0.892708 7.32492 14.5
      vertex 0.892708 7.32492 11
    endloop
  endfacet
  facet normal -0.953718 -0.300703 0
    outer loop
      vertex 0.892708 7.32492 14.5
      vertex 0.917629 7.24588 11
      vertex 0.917629 7.24588 14.5
    endloop
  endfacet
  facet normal -0.991446 -0.130516 0
    outer loop
      vertex 0.946384 7.0828 11
      vertex 0.935567 7.16497 14.5
      vertex 0.935567 7.16497 11
    endloop
  endfacet
  facet normal -0.991446 -0.130516 0
    outer loop
      vertex 0.935567 7.16497 14.5
      vertex 0.946384 7.0828 11
      vertex 0.946384 7.0828 14.5
    endloop
  endfacet
  facet normal -0.923877 -0.38269 0
    outer loop
      vertex 0.892708 7.32492 11
      vertex 0.860991 7.40149 14.5
      vertex 0.860991 7.40149 11
    endloop
  endfacet
  facet normal -0.923877 -0.38269 0
    outer loop
      vertex 0.860991 7.40149 14.5
      vertex 0.892708 7.32492 11
      vertex 0.892708 7.32492 14.5
    endloop
  endfacet
  facet normal -0.793352 -0.608763 0
    outer loop
      vertex 0.778194 7.5449 11
      vertex 0.727742 7.61065 14.5
      vertex 0.727742 7.61065 11
    endloop
  endfacet
  facet normal -0.793352 -0.608763 0
    outer loop
      vertex 0.727742 7.61065 14.5
      vertex 0.778194 7.5449 11
      vertex 0.778194 7.5449 14.5
    endloop
  endfacet
  facet normal -0.737258 -0.675611 0
    outer loop
      vertex 0.727742 7.61065 11
      vertex 0.671751 7.67175 14.5
      vertex 0.671751 7.67175 11
    endloop
  endfacet
  facet normal -0.737258 -0.675611 0
    outer loop
      vertex 0.671751 7.67175 14.5
      vertex 0.727742 7.61065 11
      vertex 0.727742 7.61065 14.5
    endloop
  endfacet
  facet normal -0.843404 -0.537281 0
    outer loop
      vertex 0.822723 7.475 11
      vertex 0.778194 7.5449 14.5
      vertex 0.778194 7.5449 11
    endloop
  endfacet
  facet normal -0.843404 -0.537281 0
    outer loop
      vertex 0.778194 7.5449 14.5
      vertex 0.822723 7.475 11
      vertex 0.822723 7.475 14.5
    endloop
  endfacet
  facet normal -0.216468 -0.97629 0
    outer loop
      vertex 0.164966 7.93557 11
      vertex 0.245877 7.91763 14.5
      vertex 0.164966 7.93557 14.5
    endloop
  endfacet
  facet normal -0.216468 -0.97629 -0
    outer loop
      vertex 0.245877 7.91763 14.5
      vertex 0.164966 7.93557 11
      vertex 0.245877 7.91763 11
    endloop
  endfacet
  facet normal -0.300686 -0.953723 0
    outer loop
      vertex 0.245877 7.91763 11
      vertex 0.324919 7.89271 14.5
      vertex 0.245877 7.91763 14.5
    endloop
  endfacet
  facet normal -0.300686 -0.953723 -0
    outer loop
      vertex 0.324919 7.89271 14.5
      vertex 0.245877 7.91763 11
      vertex 0.324919 7.89271 11
    endloop
  endfacet
  facet normal -0.461763 -0.887003 0
    outer loop
      vertex 0.401486 7.86099 11
      vertex 0.474999 7.82272 14.5
      vertex 0.401486 7.86099 14.5
    endloop
  endfacet
  facet normal -0.461763 -0.887003 -0
    outer loop
      vertex 0.474999 7.82272 14.5
      vertex 0.401486 7.86099 11
      vertex 0.474999 7.82272 11
    endloop
  endfacet
  facet normal -0.608742 -0.793368 0
    outer loop
      vertex 0.544897 7.77819 11
      vertex 0.610648 7.72774 14.5
      vertex 0.544897 7.77819 14.5
    endloop
  endfacet
  facet normal -0.608742 -0.793368 -0
    outer loop
      vertex 0.610648 7.72774 14.5
      vertex 0.544897 7.77819 11
      vertex 0.610648 7.72774 11
    endloop
  endfacet
  facet normal 0.976294 -0.216447 0
    outer loop
      vertex -0.935567 7.16497 14.5
      vertex -0.917629 7.24588 11
      vertex -0.917629 7.24588 14.5
    endloop
  endfacet
  facet normal 0.976294 -0.216447 0
    outer loop
      vertex -0.917629 7.24588 11
      vertex -0.935567 7.16497 14.5
      vertex -0.935567 7.16497 11
    endloop
  endfacet
  facet normal 0.843404 -0.537281 0
    outer loop
      vertex -0.822723 7.475 14.5
      vertex -0.778194 7.5449 11
      vertex -0.778194 7.5449 14.5
    endloop
  endfacet
  facet normal 0.843404 -0.537281 0
    outer loop
      vertex -0.778194 7.5449 11
      vertex -0.822723 7.475 14.5
      vertex -0.822723 7.475 11
    endloop
  endfacet
  facet normal 0.793352 -0.608763 0
    outer loop
      vertex -0.778194 7.5449 14.5
      vertex -0.727742 7.61065 11
      vertex -0.727742 7.61065 14.5
    endloop
  endfacet
  facet normal 0.793352 -0.608763 0
    outer loop
      vertex -0.727742 7.61065 11
      vertex -0.778194 7.5449 14.5
      vertex -0.778194 7.5449 11
    endloop
  endfacet
  facet normal 0.887005 -0.461759 0
    outer loop
      vertex -0.860991 7.40149 14.5
      vertex -0.822723 7.475 11
      vertex -0.822723 7.475 14.5
    endloop
  endfacet
  facet normal 0.887005 -0.461759 0
    outer loop
      vertex -0.822723 7.475 11
      vertex -0.860991 7.40149 14.5
      vertex -0.860991 7.40149 11
    endloop
  endfacet
  facet normal 0.953718 -0.300703 0
    outer loop
      vertex -0.917629 7.24588 14.5
      vertex -0.892708 7.32492 11
      vertex -0.892708 7.32492 14.5
    endloop
  endfacet
  facet normal 0.953718 -0.300703 0
    outer loop
      vertex -0.892708 7.32492 11
      vertex -0.917629 7.24588 14.5
      vertex -0.917629 7.24588 11
    endloop
  endfacet
  facet normal 0.608742 -0.793368 0
    outer loop
      vertex -0.610648 7.72774 11
      vertex -0.544897 7.77819 14.5
      vertex -0.610648 7.72774 14.5
    endloop
  endfacet
  facet normal 0.608742 -0.793368 0
    outer loop
      vertex -0.544897 7.77819 14.5
      vertex -0.610648 7.72774 11
      vertex -0.544897 7.77819 11
    endloop
  endfacet
  facet normal 0.5373 -0.843391 0
    outer loop
      vertex -0.544897 7.77819 11
      vertex -0.474999 7.82272 14.5
      vertex -0.544897 7.77819 14.5
    endloop
  endfacet
  facet normal 0.5373 -0.843391 0
    outer loop
      vertex -0.474999 7.82272 14.5
      vertex -0.544897 7.77819 11
      vertex -0.474999 7.82272 11
    endloop
  endfacet
  facet normal 0.675586 -0.737281 0
    outer loop
      vertex -0.671751 7.67175 11
      vertex -0.610648 7.72774 14.5
      vertex -0.671751 7.67175 14.5
    endloop
  endfacet
  facet normal 0.675586 -0.737281 0
    outer loop
      vertex -0.610648 7.72774 14.5
      vertex -0.671751 7.67175 11
      vertex -0.610648 7.72774 11
    endloop
  endfacet
  facet normal 0.382734 -0.923859 0
    outer loop
      vertex -0.401486 7.86099 11
      vertex -0.324919 7.89271 14.5
      vertex -0.401486 7.86099 14.5
    endloop
  endfacet
  facet normal 0.382734 -0.923859 0
    outer loop
      vertex -0.324919 7.89271 14.5
      vertex -0.401486 7.86099 11
      vertex -0.324919 7.89271 11
    endloop
  endfacet
  facet normal 0.130434 -0.991457 0
    outer loop
      vertex -0.164966 7.93557 11
      vertex -0.0827971 7.94638 14.5
      vertex -0.164966 7.93557 14.5
    endloop
  endfacet
  facet normal 0.130434 -0.991457 0
    outer loop
      vertex -0.0827971 7.94638 14.5
      vertex -0.164966 7.93557 11
      vertex -0.0827971 7.94638 11
    endloop
  endfacet
  facet normal -0.991446 0.130516 0
    outer loop
      vertex 0.935567 6.83503 11
      vertex 0.946384 6.9172 14.5
      vertex 0.946384 6.9172 11
    endloop
  endfacet
  facet normal -0.991446 0.130516 0
    outer loop
      vertex 0.946384 6.9172 14.5
      vertex 0.935567 6.83503 11
      vertex 0.935567 6.83503 14.5
    endloop
  endfacet
  facet normal -0.737258 0.675611 0
    outer loop
      vertex 0.671751 6.32825 14.5
      vertex 0.727742 6.38935 10.9475
      vertex 0.671751 6.32825 10.9257
    endloop
  endfacet
  facet normal -0.737258 0.675611 0
    outer loop
      vertex 0.727742 6.38935 10.9475
      vertex 0.671751 6.32825 14.5
      vertex 0.727742 6.38935 14.5
    endloop
  endfacet
  facet normal 0.608818 0.79331 0
    outer loop
      vertex -0.544897 6.2218 14.5
      vertex -0.610648 6.27226 10.9054
      vertex -0.610648 6.27226 14.5
    endloop
  endfacet
  facet normal 0.608958 0.793203 -4.05702e-06
    outer loop
      vertex -0.544897 6.2218 14.5
      vertex -0.592295 6.25817 10.9001
      vertex -0.610648 6.27226 10.9054
    endloop
  endfacet
  facet normal 0.608764 0.793351 0
    outer loop
      vertex -0.592295 6.25817 10.9001
      vertex -0.544897 6.2218 14.5
      vertex -0.544897 6.2218 10.8866
    endloop
  endfacet
  facet normal 0.843404 0.537281 0
    outer loop
      vertex -0.778194 6.4551 14.5
      vertex -0.822723 6.525 10.9945
      vertex -0.822723 6.525 14.5
    endloop
  endfacet
  facet normal 0.843404 0.537281 0
    outer loop
      vertex -0.822723 6.525 10.9945
      vertex -0.778194 6.4551 14.5
      vertex -0.778194 6.4551 10.9704
    endloop
  endfacet
  facet normal 0.737258 0.675611 0
    outer loop
      vertex -0.671751 6.32825 14.5
      vertex -0.727742 6.38935 10.9475
      vertex -0.727742 6.38935 14.5
    endloop
  endfacet
  facet normal 0.737258 0.675611 0
    outer loop
      vertex -0.727742 6.38935 10.9475
      vertex -0.671751 6.32825 14.5
      vertex -0.671751 6.32825 10.9257
    endloop
  endfacet
  facet normal -0.130553 0.991441 0
    outer loop
      vertex 0.164966 6.06443 10.8309
      vertex 0.0827971 6.05361 14.5
      vertex 0.164966 6.06443 14.5
    endloop
  endfacet
  facet normal -0.130553 0.991441 0
    outer loop
      vertex 0.0827971 6.05361 14.5
      vertex 0.164966 6.06443 10.8309
      vertex 0.0827971 6.05361 10.8263
    endloop
  endfacet
  facet normal -0.976294 -0.216447 0
    outer loop
      vertex 0.935567 7.16497 11
      vertex 0.917629 7.24588 14.5
      vertex 0.917629 7.24588 11
    endloop
  endfacet
  facet normal -0.976294 -0.216447 0
    outer loop
      vertex 0.917629 7.24588 14.5
      vertex 0.935567 7.16497 11
      vertex 0.935567 7.16497 14.5
    endloop
  endfacet
  facet normal -0.130434 -0.991457 0
    outer loop
      vertex 0.0827971 7.94638 11
      vertex 0.164966 7.93557 14.5
      vertex 0.0827971 7.94638 14.5
    endloop
  endfacet
  facet normal -0.130434 -0.991457 -0
    outer loop
      vertex 0.164966 7.93557 14.5
      vertex 0.0827971 7.94638 11
      vertex 0.164966 7.93557 11
    endloop
  endfacet
  facet normal -0.0436796 -0.999046 0
    outer loop
      vertex 0 7.95 11
      vertex 0.0827971 7.94638 14.5
      vertex 0 7.95 14.5
    endloop
  endfacet
  facet normal -0.0436796 -0.999046 -0
    outer loop
      vertex 0.0827971 7.94638 14.5
      vertex 0 7.95 11
      vertex 0.0827971 7.94638 11
    endloop
  endfacet
  facet normal 0.991446 -0.130516 0
    outer loop
      vertex -0.946384 7.0828 14.5
      vertex -0.935567 7.16497 11
      vertex -0.935567 7.16497 14.5
    endloop
  endfacet
  facet normal 0.991446 -0.130516 0
    outer loop
      vertex -0.935567 7.16497 11
      vertex -0.946384 7.0828 14.5
      vertex -0.946384 7.0828 11
    endloop
  endfacet
  facet normal 0.999048 -0.0436299 0
    outer loop
      vertex -0.95 7 14.5
      vertex -0.946384 7.0828 11
      vertex -0.946384 7.0828 14.5
    endloop
  endfacet
  facet normal 0.999048 -0.0436299 0
    outer loop
      vertex -0.946384 7.0828 11
      vertex -0.95 7 14.5
      vertex -0.95 7 11
    endloop
  endfacet
  facet normal 0.999048 0.0436299 0
    outer loop
      vertex -0.946384 6.9172 14.5
      vertex -0.95 7 11
      vertex -0.95 7 14.5
    endloop
  endfacet
  facet normal 0.999048 0.0436299 0
    outer loop
      vertex -0.95 7 11
      vertex -0.946384 6.9172 14.5
      vertex -0.946384 6.9172 11
    endloop
  endfacet
  facet normal 0.216468 -0.97629 0
    outer loop
      vertex -0.245877 7.91763 11
      vertex -0.164966 7.93557 14.5
      vertex -0.245877 7.91763 14.5
    endloop
  endfacet
  facet normal 0.216468 -0.97629 0
    outer loop
      vertex -0.164966 7.93557 14.5
      vertex -0.245877 7.91763 11
      vertex -0.164966 7.93557 11
    endloop
  endfacet
  facet normal -0.953718 0.300703 0
    outer loop
      vertex 0.892708 6.67508 11
      vertex 0.917629 6.75412 14.5
      vertex 0.917629 6.75412 11
    endloop
  endfacet
  facet normal -0.953718 0.300703 0
    outer loop
      vertex 0.917629 6.75412 14.5
      vertex 0.892708 6.67508 11
      vertex 0.892708 6.67508 14.5
    endloop
  endfacet
  facet normal -0.537214 0.843446 0
    outer loop
      vertex 0.544897 6.2218 10.8866
      vertex 0.474999 6.17728 14.5
      vertex 0.544897 6.2218 14.5
    endloop
  endfacet
  facet normal -0.529382 0.848384 0.000212359
    outer loop
      vertex 0.544304 6.22143 10.8865
      vertex 0.474999 6.17728 14.5
      vertex 0.544897 6.2218 10.8866
    endloop
  endfacet
  facet normal -0.53731 0.843385 -7.83093e-07
    outer loop
      vertex 0.484171 6.18312 10.8734
      vertex 0.474999 6.17728 14.5
      vertex 0.544304 6.22143 10.8865
    endloop
  endfacet
  facet normal -0.53709 0.843525 0
    outer loop
      vertex 0.474999 6.17728 14.5
      vertex 0.484171 6.18312 10.8734
      vertex 0.474999 6.17728 10.8714
    endloop
  endfacet
  facet normal -0.675586 0.737281 0
    outer loop
      vertex 0.671751 6.32825 10.9257
      vertex 0.610648 6.27226 14.5
      vertex 0.671751 6.32825 14.5
    endloop
  endfacet
  facet normal -0.675586 0.737281 0
    outer loop
      vertex 0.610648 6.27226 14.5
      vertex 0.671751 6.32825 10.9257
      vertex 0.610648 6.27226 10.9054
    endloop
  endfacet
  facet normal -0.88701 0.46175 0
    outer loop
      vertex 0.831152 6.54119 11
      vertex 0.860991 6.59851 14.5
      vertex 0.860991 6.59851 11
    endloop
  endfacet
  facet normal -0.886988 0.461793 0
    outer loop
      vertex 0.822723 6.525 14.5
      vertex 0.831152 6.54119 11
      vertex 0.822723 6.525 10.9945
    endloop
  endfacet
  facet normal -0.887005 0.461759 -1.96063e-07
    outer loop
      vertex 0.831152 6.54119 11
      vertex 0.822723 6.525 14.5
      vertex 0.860991 6.59851 14.5
    endloop
  endfacet
  facet normal -0.793352 0.608763 0
    outer loop
      vertex 0.727742 6.38935 14.5
      vertex 0.778194 6.4551 10.9704
      vertex 0.727742 6.38935 10.9475
    endloop
  endfacet
  facet normal -0.793352 0.608763 0
    outer loop
      vertex 0.778194 6.4551 10.9704
      vertex 0.727742 6.38935 14.5
      vertex 0.778194 6.4551 14.5
    endloop
  endfacet
  facet normal 0.675586 0.737281 0
    outer loop
      vertex -0.610648 6.27226 14.5
      vertex -0.671751 6.32825 10.9257
      vertex -0.671751 6.32825 14.5
    endloop
  endfacet
  facet normal 0.675586 0.737281 0
    outer loop
      vertex -0.671751 6.32825 10.9257
      vertex -0.610648 6.27226 14.5
      vertex -0.610648 6.27226 10.9054
    endloop
  endfacet
  facet normal 0.923877 0.38269 0
    outer loop
      vertex -0.860991 6.59851 14.5
      vertex -0.892708 6.67508 11
      vertex -0.892708 6.67508 14.5
    endloop
  endfacet
  facet normal 0.923877 0.38269 0
    outer loop
      vertex -0.892708 6.67508 11
      vertex -0.860991 6.59851 14.5
      vertex -0.860991 6.59851 11
    endloop
  endfacet
  facet normal 0.88701 0.46175 0
    outer loop
      vertex -0.860991 6.59851 14.5
      vertex -0.831152 6.54119 11
      vertex -0.860991 6.59851 11
    endloop
  endfacet
  facet normal 0.887005 0.461759 -1.96063e-07
    outer loop
      vertex -0.822723 6.525 14.5
      vertex -0.831152 6.54119 11
      vertex -0.860991 6.59851 14.5
    endloop
  endfacet
  facet normal 0.886988 0.461793 0
    outer loop
      vertex -0.831152 6.54119 11
      vertex -0.822723 6.525 14.5
      vertex -0.822723 6.525 10.9945
    endloop
  endfacet
  facet normal 0.991446 0.130516 0
    outer loop
      vertex -0.935567 6.83503 14.5
      vertex -0.946384 6.9172 11
      vertex -0.946384 6.9172 14.5
    endloop
  endfacet
  facet normal 0.991446 0.130516 0
    outer loop
      vertex -0.946384 6.9172 11
      vertex -0.935567 6.83503 14.5
      vertex -0.935567 6.83503 11
    endloop
  endfacet
  facet normal -0.382734 0.923859 0
    outer loop
      vertex 0.401486 6.13901 10.8581
      vertex 0.324919 6.10729 14.5
      vertex 0.401486 6.13901 14.5
    endloop
  endfacet
  facet normal -0.382734 0.923859 0
    outer loop
      vertex 0.324919 6.10729 14.5
      vertex 0.401486 6.13901 10.8581
      vertex 0.324919 6.10729 10.8469
    endloop
  endfacet
  facet normal -0.216468 0.97629 0
    outer loop
      vertex 0.245877 6.08237 10.8378
      vertex 0.164966 6.06443 14.5
      vertex 0.245877 6.08237 14.5
    endloop
  endfacet
  facet normal -0.216468 0.97629 0
    outer loop
      vertex 0.164966 6.06443 14.5
      vertex 0.245877 6.08237 10.8378
      vertex 0.164966 6.06443 10.8309
    endloop
  endfacet
  facet normal -0.999048 0.0436299 0
    outer loop
      vertex 0.946384 6.9172 11
      vertex 0.95 7 14.5
      vertex 0.95 7 11
    endloop
  endfacet
  facet normal -0.999048 0.0436299 0
    outer loop
      vertex 0.95 7 14.5
      vertex 0.946384 6.9172 11
      vertex 0.946384 6.9172 14.5
    endloop
  endfacet
  facet normal -0.976294 0.216447 0
    outer loop
      vertex 0.917629 6.75412 11
      vertex 0.935567 6.83503 14.5
      vertex 0.935567 6.83503 11
    endloop
  endfacet
  facet normal -0.976294 0.216447 0
    outer loop
      vertex 0.935567 6.83503 14.5
      vertex 0.917629 6.75412 11
      vertex 0.917629 6.75412 14.5
    endloop
  endfacet
  facet normal -0.923877 0.38269 0
    outer loop
      vertex 0.860991 6.59851 11
      vertex 0.892708 6.67508 14.5
      vertex 0.892708 6.67508 11
    endloop
  endfacet
  facet normal -0.923877 0.38269 0
    outer loop
      vertex 0.892708 6.67508 14.5
      vertex 0.860991 6.59851 11
      vertex 0.860991 6.59851 14.5
    endloop
  endfacet
  facet normal 0.461763 0.887003 0
    outer loop
      vertex -0.401486 6.13901 14.5
      vertex -0.474999 6.17728 10.8714
      vertex -0.474999 6.17728 14.5
    endloop
  endfacet
  facet normal 0.461763 0.887003 0
    outer loop
      vertex -0.474999 6.17728 10.8714
      vertex -0.401486 6.13901 14.5
      vertex -0.401486 6.13901 10.8581
    endloop
  endfacet
  facet normal 0.793352 0.608763 0
    outer loop
      vertex -0.727742 6.38935 14.5
      vertex -0.778194 6.4551 10.9704
      vertex -0.778194 6.4551 14.5
    endloop
  endfacet
  facet normal 0.793352 0.608763 0
    outer loop
      vertex -0.778194 6.4551 10.9704
      vertex -0.727742 6.38935 14.5
      vertex -0.727742 6.38935 10.9475
    endloop
  endfacet
  facet normal 0.976294 0.216447 0
    outer loop
      vertex -0.917629 6.75412 14.5
      vertex -0.935567 6.83503 11
      vertex -0.935567 6.83503 14.5
    endloop
  endfacet
  facet normal 0.976294 0.216447 0
    outer loop
      vertex -0.935567 6.83503 11
      vertex -0.917629 6.75412 14.5
      vertex -0.917629 6.75412 11
    endloop
  endfacet
  facet normal 0.953718 0.300703 0
    outer loop
      vertex -0.892708 6.67508 14.5
      vertex -0.917629 6.75412 11
      vertex -0.917629 6.75412 14.5
    endloop
  endfacet
  facet normal 0.953718 0.300703 0
    outer loop
      vertex -0.917629 6.75412 11
      vertex -0.892708 6.67508 14.5
      vertex -0.892708 6.67508 11
    endloop
  endfacet
  facet normal -0.461763 0.887003 0
    outer loop
      vertex 0.474999 6.17728 10.8714
      vertex 0.401486 6.13901 14.5
      vertex 0.474999 6.17728 14.5
    endloop
  endfacet
  facet normal -0.461763 0.887003 0
    outer loop
      vertex 0.401486 6.13901 14.5
      vertex 0.474999 6.17728 10.8714
      vertex 0.401486 6.13901 10.8581
    endloop
  endfacet
  facet normal -0.300686 0.953723 0
    outer loop
      vertex 0.324919 6.10729 10.8469
      vertex 0.245877 6.08237 14.5
      vertex 0.324919 6.10729 14.5
    endloop
  endfacet
  facet normal -0.300686 0.953723 0
    outer loop
      vertex 0.245877 6.08237 14.5
      vertex 0.324919 6.10729 10.8469
      vertex 0.245877 6.08237 10.8378
    endloop
  endfacet
  facet normal -0.608818 0.79331 0
    outer loop
      vertex 0.610648 6.27226 10.9054
      vertex 0.544897 6.2218 14.5
      vertex 0.610648 6.27226 14.5
    endloop
  endfacet
  facet normal -0.608958 0.793203 -4.05702e-06
    outer loop
      vertex 0.592295 6.25817 10.9001
      vertex 0.544897 6.2218 14.5
      vertex 0.610648 6.27226 10.9054
    endloop
  endfacet
  facet normal -0.608764 0.793351 0
    outer loop
      vertex 0.544897 6.2218 14.5
      vertex 0.592295 6.25817 10.9001
      vertex 0.544897 6.2218 10.8866
    endloop
  endfacet
  facet normal 0.0435592 0.999051 0
    outer loop
      vertex 0 6.05 14.5
      vertex -0.0827971 6.05361 10.8263
      vertex -0.0827971 6.05361 14.5
    endloop
  endfacet
  facet normal 0.0435592 0.999051 0
    outer loop
      vertex -0.0827971 6.05361 10.8263
      vertex 0 6.05 14.5
      vertex 0 6.05 10.824
    endloop
  endfacet
  facet normal 0.216468 0.97629 0
    outer loop
      vertex -0.164966 6.06443 14.5
      vertex -0.245877 6.08237 10.8378
      vertex -0.245877 6.08237 14.5
    endloop
  endfacet
  facet normal 0.216468 0.97629 0
    outer loop
      vertex -0.245877 6.08237 10.8378
      vertex -0.164966 6.06443 14.5
      vertex -0.164966 6.06443 10.8309
    endloop
  endfacet
  facet normal 0.300686 0.953723 0
    outer loop
      vertex -0.245877 6.08237 14.5
      vertex -0.324919 6.10729 10.8469
      vertex -0.324919 6.10729 14.5
    endloop
  endfacet
  facet normal 0.300686 0.953723 0
    outer loop
      vertex -0.324919 6.10729 10.8469
      vertex -0.245877 6.08237 14.5
      vertex -0.245877 6.08237 10.8378
    endloop
  endfacet
  facet normal 0.130553 0.991441 0
    outer loop
      vertex -0.0827971 6.05361 14.5
      vertex -0.164966 6.06443 10.8309
      vertex -0.164966 6.06443 14.5
    endloop
  endfacet
  facet normal 0.130553 0.991441 0
    outer loop
      vertex -0.164966 6.06443 10.8309
      vertex -0.0827971 6.05361 14.5
      vertex -0.0827971 6.05361 10.8263
    endloop
  endfacet
  facet normal 0.537214 0.843446 0
    outer loop
      vertex -0.474999 6.17728 14.5
      vertex -0.544897 6.2218 10.8866
      vertex -0.544897 6.2218 14.5
    endloop
  endfacet
  facet normal 0.529382 0.848384 0.000212359
    outer loop
      vertex -0.474999 6.17728 14.5
      vertex -0.544304 6.22143 10.8865
      vertex -0.544897 6.2218 10.8866
    endloop
  endfacet
  facet normal 0.53731 0.843385 -7.83093e-07
    outer loop
      vertex -0.474999 6.17728 14.5
      vertex -0.484171 6.18312 10.8734
      vertex -0.544304 6.22143 10.8865
    endloop
  endfacet
  facet normal 0.53709 0.843525 0
    outer loop
      vertex -0.484171 6.18312 10.8734
      vertex -0.474999 6.17728 14.5
      vertex -0.474999 6.17728 10.8714
    endloop
  endfacet
  facet normal 0.382734 0.923859 0
    outer loop
      vertex -0.324919 6.10729 14.5
      vertex -0.401486 6.13901 10.8581
      vertex -0.401486 6.13901 14.5
    endloop
  endfacet
  facet normal 0.382734 0.923859 0
    outer loop
      vertex -0.401486 6.13901 10.8581
      vertex -0.324919 6.10729 14.5
      vertex -0.324919 6.10729 10.8469
    endloop
  endfacet
  facet normal -0.999051 -0.0435592 -0
    outer loop
      vertex -6.05 0 14.5
      vertex -6.05361 0.0827971 10.8263
      vertex -6.05 0 10.824
    endloop
  endfacet
  facet normal -0.999051 -0.0435592 0
    outer loop
      vertex -6.05361 0.0827971 10.8263
      vertex -6.05 0 14.5
      vertex -6.05361 0.0827971 14.5
    endloop
  endfacet
  facet normal 0.999046 -0.0436796 0
    outer loop
      vertex -7.95 0 14.5
      vertex -7.94638 0.0827971 11
      vertex -7.94638 0.0827971 14.5
    endloop
  endfacet
  facet normal 0.999046 -0.0436796 0
    outer loop
      vertex -7.94638 0.0827971 11
      vertex -7.95 0 14.5
      vertex -7.95 0 11
    endloop
  endfacet
  facet normal -0.0436299 -0.999048 0
    outer loop
      vertex -7 0.95 11
      vertex -6.9172 0.946384 14.5
      vertex -7 0.95 14.5
    endloop
  endfacet
  facet normal -0.0436299 -0.999048 -0
    outer loop
      vertex -6.9172 0.946384 14.5
      vertex -7 0.95 11
      vertex -6.9172 0.946384 11
    endloop
  endfacet
  facet normal -0.675611 -0.737258 0
    outer loop
      vertex -6.38935 0.727742 10.9475
      vertex -6.32825 0.671751 14.5
      vertex -6.38935 0.727742 14.5
    endloop
  endfacet
  facet normal -0.675611 -0.737258 -0
    outer loop
      vertex -6.32825 0.671751 14.5
      vertex -6.38935 0.727742 10.9475
      vertex -6.32825 0.671751 10.9257
    endloop
  endfacet
  facet normal 0.675611 -0.737258 0
    outer loop
      vertex -7.67175 0.671751 11
      vertex -7.61065 0.727742 14.5
      vertex -7.67175 0.671751 14.5
    endloop
  endfacet
  facet normal 0.675611 -0.737258 0
    outer loop
      vertex -7.61065 0.727742 14.5
      vertex -7.67175 0.671751 11
      vertex -7.61065 0.727742 11
    endloop
  endfacet
  facet normal 0.300703 -0.953718 0
    outer loop
      vertex -7.32492 0.892708 11
      vertex -7.24588 0.917629 14.5
      vertex -7.32492 0.892708 14.5
    endloop
  endfacet
  facet normal 0.300703 -0.953718 0
    outer loop
      vertex -7.24588 0.917629 14.5
      vertex -7.32492 0.892708 11
      vertex -7.24588 0.917629 11
    endloop
  endfacet
  facet normal -0.887003 -0.461763 -0
    outer loop
      vertex -6.13901 0.401486 14.5
      vertex -6.17728 0.474999 10.8714
      vertex -6.13901 0.401486 10.8581
    endloop
  endfacet
  facet normal -0.887003 -0.461763 0
    outer loop
      vertex -6.17728 0.474999 10.8714
      vertex -6.13901 0.401486 14.5
      vertex -6.17728 0.474999 14.5
    endloop
  endfacet
  facet normal -0.38269 -0.923877 0
    outer loop
      vertex -6.67508 0.892708 11
      vertex -6.59851 0.860991 14.5
      vertex -6.67508 0.892708 14.5
    endloop
  endfacet
  facet normal -0.38269 -0.923877 -0
    outer loop
      vertex -6.59851 0.860991 14.5
      vertex -6.67508 0.892708 11
      vertex -6.59851 0.860991 11
    endloop
  endfacet
  facet normal -0.537281 -0.843404 0
    outer loop
      vertex -6.525 0.822723 10.9945
      vertex -6.4551 0.778194 14.5
      vertex -6.525 0.822723 14.5
    endloop
  endfacet
  facet normal -0.537281 -0.843404 -0
    outer loop
      vertex -6.4551 0.778194 14.5
      vertex -6.525 0.822723 10.9945
      vertex -6.4551 0.778194 10.9704
    endloop
  endfacet
  facet normal 0.923859 -0.382734 0
    outer loop
      vertex -7.89271 0.324919 14.5
      vertex -7.86099 0.401486 11
      vertex -7.86099 0.401486 14.5
    endloop
  endfacet
  facet normal 0.923859 -0.382734 0
    outer loop
      vertex -7.86099 0.401486 11
      vertex -7.89271 0.324919 14.5
      vertex -7.89271 0.324919 11
    endloop
  endfacet
  facet normal 0.130516 -0.991446 0
    outer loop
      vertex -7.16497 0.935567 11
      vertex -7.0828 0.946384 14.5
      vertex -7.16497 0.935567 14.5
    endloop
  endfacet
  facet normal 0.130516 -0.991446 0
    outer loop
      vertex -7.0828 0.946384 14.5
      vertex -7.16497 0.935567 11
      vertex -7.0828 0.946384 11
    endloop
  endfacet
  facet normal -0.923859 0.382734 0
    outer loop
      vertex -6.13901 -0.401486 10.8581
      vertex -6.10729 -0.324919 14.5
      vertex -6.10729 -0.324919 10.8469
    endloop
  endfacet
  facet normal -0.923859 0.382734 0
    outer loop
      vertex -6.10729 -0.324919 14.5
      vertex -6.13901 -0.401486 10.8581
      vertex -6.13901 -0.401486 14.5
    endloop
  endfacet
  facet normal -0.953723 0.300686 0
    outer loop
      vertex -6.10729 -0.324919 10.8469
      vertex -6.08237 -0.245877 14.5
      vertex -6.08237 -0.245877 10.8378
    endloop
  endfacet
  facet normal -0.953723 0.300686 0
    outer loop
      vertex -6.08237 -0.245877 14.5
      vertex -6.10729 -0.324919 10.8469
      vertex -6.10729 -0.324919 14.5
    endloop
  endfacet
  facet normal -0.953723 -0.300686 -0
    outer loop
      vertex -6.08237 0.245877 14.5
      vertex -6.10729 0.324919 10.8469
      vertex -6.08237 0.245877 10.8378
    endloop
  endfacet
  facet normal -0.953723 -0.300686 0
    outer loop
      vertex -6.10729 0.324919 10.8469
      vertex -6.08237 0.245877 14.5
      vertex -6.10729 0.324919 14.5
    endloop
  endfacet
  facet normal -0.991441 -0.130553 -0
    outer loop
      vertex -6.05361 0.0827971 14.5
      vertex -6.06443 0.164966 10.8309
      vertex -6.05361 0.0827971 10.8263
    endloop
  endfacet
  facet normal -0.991441 -0.130553 0
    outer loop
      vertex -6.06443 0.164966 10.8309
      vertex -6.05361 0.0827971 14.5
      vertex -6.06443 0.164966 14.5
    endloop
  endfacet
  facet normal -0.923859 -0.382734 -0
    outer loop
      vertex -6.10729 0.324919 14.5
      vertex -6.13901 0.401486 10.8581
      vertex -6.10729 0.324919 10.8469
    endloop
  endfacet
  facet normal -0.923859 -0.382734 0
    outer loop
      vertex -6.13901 0.401486 10.8581
      vertex -6.10729 0.324919 14.5
      vertex -6.13901 0.401486 14.5
    endloop
  endfacet
  facet normal -0.793203 -0.608958 -4.05702e-06
    outer loop
      vertex -6.2218 0.544897 14.5
      vertex -6.27226 0.610648 10.9054
      vertex -6.25817 0.592295 10.9001
    endloop
  endfacet
  facet normal -0.793351 -0.608764 -0
    outer loop
      vertex -6.2218 0.544897 14.5
      vertex -6.25817 0.592295 10.9001
      vertex -6.2218 0.544897 10.8866
    endloop
  endfacet
  facet normal -0.79331 -0.608818 0
    outer loop
      vertex -6.27226 0.610648 10.9054
      vertex -6.2218 0.544897 14.5
      vertex -6.27226 0.610648 14.5
    endloop
  endfacet
  facet normal -0.737281 -0.675586 -0
    outer loop
      vertex -6.27226 0.610648 14.5
      vertex -6.32825 0.671751 10.9257
      vertex -6.27226 0.610648 10.9054
    endloop
  endfacet
  facet normal -0.737281 -0.675586 0
    outer loop
      vertex -6.32825 0.671751 10.9257
      vertex -6.27226 0.610648 14.5
      vertex -6.32825 0.671751 14.5
    endloop
  endfacet
  facet normal -0.848384 -0.529382 0.000212359
    outer loop
      vertex -6.17728 0.474999 14.5
      vertex -6.2218 0.544897 10.8866
      vertex -6.22143 0.544304 10.8865
    endloop
  endfacet
  facet normal -0.843385 -0.53731 -7.83093e-07
    outer loop
      vertex -6.17728 0.474999 14.5
      vertex -6.22143 0.544304 10.8865
      vertex -6.18312 0.484171 10.8734
    endloop
  endfacet
  facet normal -0.843525 -0.53709 -0
    outer loop
      vertex -6.17728 0.474999 14.5
      vertex -6.18312 0.484171 10.8734
      vertex -6.17728 0.474999 10.8714
    endloop
  endfacet
  facet normal -0.843446 -0.537214 0
    outer loop
      vertex -6.2218 0.544897 10.8866
      vertex -6.17728 0.474999 14.5
      vertex -6.2218 0.544897 14.5
    endloop
  endfacet
  facet normal -0.216447 -0.976294 0
    outer loop
      vertex -6.83503 0.935567 11
      vertex -6.75412 0.917629 14.5
      vertex -6.83503 0.935567 14.5
    endloop
  endfacet
  facet normal -0.216447 -0.976294 -0
    outer loop
      vertex -6.75412 0.917629 14.5
      vertex -6.83503 0.935567 11
      vertex -6.75412 0.917629 11
    endloop
  endfacet
  facet normal -0.300703 -0.953718 0
    outer loop
      vertex -6.75412 0.917629 11
      vertex -6.67508 0.892708 14.5
      vertex -6.75412 0.917629 14.5
    endloop
  endfacet
  facet normal -0.300703 -0.953718 -0
    outer loop
      vertex -6.67508 0.892708 14.5
      vertex -6.75412 0.917629 11
      vertex -6.67508 0.892708 11
    endloop
  endfacet
  facet normal -0.130516 -0.991446 0
    outer loop
      vertex -6.9172 0.946384 11
      vertex -6.83503 0.935567 14.5
      vertex -6.9172 0.946384 14.5
    endloop
  endfacet
  facet normal -0.130516 -0.991446 -0
    outer loop
      vertex -6.83503 0.935567 14.5
      vertex -6.9172 0.946384 11
      vertex -6.83503 0.935567 11
    endloop
  endfacet
  facet normal -0.461759 -0.887005 0
    outer loop
      vertex -6.59851 0.860991 11
      vertex -6.525 0.822723 14.5
      vertex -6.59851 0.860991 14.5
    endloop
  endfacet
  facet normal -0.46175 -0.88701 -2.51442e-07
    outer loop
      vertex -6.54119 0.831152 11
      vertex -6.525 0.822723 14.5
      vertex -6.59851 0.860991 11
    endloop
  endfacet
  facet normal -0.461793 -0.886988 -0
    outer loop
      vertex -6.525 0.822723 14.5
      vertex -6.54119 0.831152 11
      vertex -6.525 0.822723 10.9945
    endloop
  endfacet
  facet normal -0.608763 -0.793352 0
    outer loop
      vertex -6.4551 0.778194 10.9704
      vertex -6.38935 0.727742 14.5
      vertex -6.4551 0.778194 14.5
    endloop
  endfacet
  facet normal -0.608763 -0.793352 -0
    outer loop
      vertex -6.38935 0.727742 14.5
      vertex -6.4551 0.778194 10.9704
      vertex -6.38935 0.727742 10.9475
    endloop
  endfacet
  facet normal 0.97629 -0.216468 0
    outer loop
      vertex -7.93557 0.164966 14.5
      vertex -7.91763 0.245877 11
      vertex -7.91763 0.245877 14.5
    endloop
  endfacet
  facet normal 0.97629 -0.216468 0
    outer loop
      vertex -7.91763 0.245877 11
      vertex -7.93557 0.164966 14.5
      vertex -7.93557 0.164966 11
    endloop
  endfacet
  facet normal 0.793368 -0.608742 0
    outer loop
      vertex -7.77819 0.544897 14.5
      vertex -7.72774 0.610648 11
      vertex -7.72774 0.610648 14.5
    endloop
  endfacet
  facet normal 0.793368 -0.608742 0
    outer loop
      vertex -7.72774 0.610648 11
      vertex -7.77819 0.544897 14.5
      vertex -7.77819 0.544897 11
    endloop
  endfacet
  facet normal 0.737281 -0.675586 0
    outer loop
      vertex -7.72774 0.610648 14.5
      vertex -7.67175 0.671751 11
      vertex -7.67175 0.671751 14.5
    endloop
  endfacet
  facet normal 0.737281 -0.675586 0
    outer loop
      vertex -7.67175 0.671751 11
      vertex -7.72774 0.610648 14.5
      vertex -7.72774 0.610648 11
    endloop
  endfacet
  facet normal 0.843391 -0.5373 0
    outer loop
      vertex -7.82272 0.474999 14.5
      vertex -7.77819 0.544897 11
      vertex -7.77819 0.544897 14.5
    endloop
  endfacet
  facet normal 0.843391 -0.5373 0
    outer loop
      vertex -7.77819 0.544897 11
      vertex -7.82272 0.474999 14.5
      vertex -7.82272 0.474999 11
    endloop
  endfacet
  facet normal 0.953723 -0.300686 0
    outer loop
      vertex -7.91763 0.245877 14.5
      vertex -7.89271 0.324919 11
      vertex -7.89271 0.324919 14.5
    endloop
  endfacet
  facet normal 0.953723 -0.300686 0
    outer loop
      vertex -7.89271 0.324919 11
      vertex -7.91763 0.245877 14.5
      vertex -7.91763 0.245877 11
    endloop
  endfacet
  facet normal 0.991457 -0.130434 0
    outer loop
      vertex -7.94638 0.0827971 14.5
      vertex -7.93557 0.164966 11
      vertex -7.93557 0.164966 14.5
    endloop
  endfacet
  facet normal 0.991457 -0.130434 0
    outer loop
      vertex -7.93557 0.164966 11
      vertex -7.94638 0.0827971 14.5
      vertex -7.94638 0.0827971 11
    endloop
  endfacet
  facet normal 0.537281 -0.843404 0
    outer loop
      vertex -7.5449 0.778194 11
      vertex -7.475 0.822723 14.5
      vertex -7.5449 0.778194 14.5
    endloop
  endfacet
  facet normal 0.537281 -0.843404 0
    outer loop
      vertex -7.475 0.822723 14.5
      vertex -7.5449 0.778194 11
      vertex -7.475 0.822723 11
    endloop
  endfacet
  facet normal 0.608763 -0.793352 0
    outer loop
      vertex -7.61065 0.727742 11
      vertex -7.5449 0.778194 14.5
      vertex -7.61065 0.727742 14.5
    endloop
  endfacet
  facet normal 0.608763 -0.793352 0
    outer loop
      vertex -7.5449 0.778194 14.5
      vertex -7.61065 0.727742 11
      vertex -7.5449 0.778194 11
    endloop
  endfacet
  facet normal 0.216447 -0.976294 0
    outer loop
      vertex -7.24588 0.917629 11
      vertex -7.16497 0.935567 14.5
      vertex -7.24588 0.917629 14.5
    endloop
  endfacet
  facet normal 0.216447 -0.976294 0
    outer loop
      vertex -7.16497 0.935567 14.5
      vertex -7.24588 0.917629 11
      vertex -7.16497 0.935567 11
    endloop
  endfacet
  facet normal 0.0436299 -0.999048 0
    outer loop
      vertex -7.0828 0.946384 11
      vertex -7 0.95 14.5
      vertex -7.0828 0.946384 14.5
    endloop
  endfacet
  facet normal 0.0436299 -0.999048 0
    outer loop
      vertex -7 0.95 14.5
      vertex -7.0828 0.946384 11
      vertex -7 0.95 11
    endloop
  endfacet
  facet normal -0.300703 0.953718 0
    outer loop
      vertex -6.67508 -0.892708 11
      vertex -6.75412 -0.917629 14.5
      vertex -6.67508 -0.892708 14.5
    endloop
  endfacet
  facet normal -0.300703 0.953718 0
    outer loop
      vertex -6.75412 -0.917629 14.5
      vertex -6.67508 -0.892708 11
      vertex -6.75412 -0.917629 11
    endloop
  endfacet
  facet normal -0.675611 0.737258 0
    outer loop
      vertex -6.32825 -0.671751 14.5
      vertex -6.38935 -0.727742 10.9475
      vertex -6.38935 -0.727742 14.5
    endloop
  endfacet
  facet normal -0.675611 0.737258 0
    outer loop
      vertex -6.38935 -0.727742 10.9475
      vertex -6.32825 -0.671751 14.5
      vertex -6.32825 -0.671751 10.9257
    endloop
  endfacet
  facet normal -0.793351 0.608764 0
    outer loop
      vertex -6.25817 -0.592295 10.9001
      vertex -6.2218 -0.544897 14.5
      vertex -6.2218 -0.544897 10.8866
    endloop
  endfacet
  facet normal -0.793203 0.608958 -4.05702e-06
    outer loop
      vertex -6.27226 -0.610648 10.9054
      vertex -6.2218 -0.544897 14.5
      vertex -6.25817 -0.592295 10.9001
    endloop
  endfacet
  facet normal -0.79331 0.608818 0
    outer loop
      vertex -6.2218 -0.544897 14.5
      vertex -6.27226 -0.610648 10.9054
      vertex -6.27226 -0.610648 14.5
    endloop
  endfacet
  facet normal -0.887003 0.461763 0
    outer loop
      vertex -6.17728 -0.474999 10.8714
      vertex -6.13901 -0.401486 14.5
      vertex -6.13901 -0.401486 10.8581
    endloop
  endfacet
  facet normal -0.887003 0.461763 0
    outer loop
      vertex -6.13901 -0.401486 14.5
      vertex -6.17728 -0.474999 10.8714
      vertex -6.17728 -0.474999 14.5
    endloop
  endfacet
  facet normal 0.675611 0.737258 -0
    outer loop
      vertex -7.61065 -0.727742 11
      vertex -7.67175 -0.671751 14.5
      vertex -7.61065 -0.727742 14.5
    endloop
  endfacet
  facet normal 0.675611 0.737258 0
    outer loop
      vertex -7.67175 -0.671751 14.5
      vertex -7.61065 -0.727742 11
      vertex -7.67175 -0.671751 11
    endloop
  endfacet
  facet normal 0.38269 0.923877 -0
    outer loop
      vertex -7.32492 -0.892708 11
      vertex -7.40149 -0.860991 14.5
      vertex -7.32492 -0.892708 14.5
    endloop
  endfacet
  facet normal 0.38269 0.923877 0
    outer loop
      vertex -7.40149 -0.860991 14.5
      vertex -7.32492 -0.892708 11
      vertex -7.40149 -0.860991 11
    endloop
  endfacet
  facet normal 0.537281 0.843404 -0
    outer loop
      vertex -7.475 -0.822723 11
      vertex -7.5449 -0.778194 14.5
      vertex -7.475 -0.822723 14.5
    endloop
  endfacet
  facet normal 0.537281 0.843404 0
    outer loop
      vertex -7.5449 -0.778194 14.5
      vertex -7.475 -0.822723 11
      vertex -7.5449 -0.778194 11
    endloop
  endfacet
  facet normal 0.300703 0.953718 -0
    outer loop
      vertex -7.24588 -0.917629 11
      vertex -7.32492 -0.892708 14.5
      vertex -7.24588 -0.917629 14.5
    endloop
  endfacet
  facet normal 0.300703 0.953718 0
    outer loop
      vertex -7.32492 -0.892708 14.5
      vertex -7.24588 -0.917629 11
      vertex -7.32492 -0.892708 11
    endloop
  endfacet
  facet normal 0.130516 0.991446 -0
    outer loop
      vertex -7.0828 -0.946384 11
      vertex -7.16497 -0.935567 14.5
      vertex -7.0828 -0.946384 14.5
    endloop
  endfacet
  facet normal 0.130516 0.991446 0
    outer loop
      vertex -7.16497 -0.935567 14.5
      vertex -7.0828 -0.946384 11
      vertex -7.16497 -0.935567 11
    endloop
  endfacet
  facet normal 0.843391 0.5373 0
    outer loop
      vertex -7.77819 -0.544897 14.5
      vertex -7.82272 -0.474999 11
      vertex -7.82272 -0.474999 14.5
    endloop
  endfacet
  facet normal 0.843391 0.5373 0
    outer loop
      vertex -7.82272 -0.474999 11
      vertex -7.77819 -0.544897 14.5
      vertex -7.77819 -0.544897 11
    endloop
  endfacet
  facet normal 0.793368 0.608742 0
    outer loop
      vertex -7.72774 -0.610648 14.5
      vertex -7.77819 -0.544897 11
      vertex -7.77819 -0.544897 14.5
    endloop
  endfacet
  facet normal 0.793368 0.608742 0
    outer loop
      vertex -7.77819 -0.544897 11
      vertex -7.72774 -0.610648 14.5
      vertex -7.72774 -0.610648 11
    endloop
  endfacet
  facet normal 0.97629 0.216468 0
    outer loop
      vertex -7.91763 -0.245877 14.5
      vertex -7.93557 -0.164966 11
      vertex -7.93557 -0.164966 14.5
    endloop
  endfacet
  facet normal 0.97629 0.216468 0
    outer loop
      vertex -7.93557 -0.164966 11
      vertex -7.91763 -0.245877 14.5
      vertex -7.91763 -0.245877 11
    endloop
  endfacet
  facet normal 0.953723 0.300686 0
    outer loop
      vertex -7.89271 -0.324919 14.5
      vertex -7.91763 -0.245877 11
      vertex -7.91763 -0.245877 14.5
    endloop
  endfacet
  facet normal 0.953723 0.300686 0
    outer loop
      vertex -7.91763 -0.245877 11
      vertex -7.89271 -0.324919 14.5
      vertex -7.89271 -0.324919 11
    endloop
  endfacet
  facet normal 0.999046 0.0436796 0
    outer loop
      vertex -7.94638 -0.0827971 14.5
      vertex -7.95 0 11
      vertex -7.95 0 14.5
    endloop
  endfacet
  facet normal 0.999046 0.0436796 0
    outer loop
      vertex -7.95 0 11
      vertex -7.94638 -0.0827971 14.5
      vertex -7.94638 -0.0827971 11
    endloop
  endfacet
  facet normal -0.97629 -0.216468 -0
    outer loop
      vertex -6.06443 0.164966 14.5
      vertex -6.08237 0.245877 10.8378
      vertex -6.06443 0.164966 10.8309
    endloop
  endfacet
  facet normal -0.97629 -0.216468 0
    outer loop
      vertex -6.08237 0.245877 10.8378
      vertex -6.06443 0.164966 14.5
      vertex -6.08237 0.245877 14.5
    endloop
  endfacet
  facet normal 0.887003 -0.461763 0
    outer loop
      vertex -7.86099 0.401486 14.5
      vertex -7.82272 0.474999 11
      vertex -7.82272 0.474999 14.5
    endloop
  endfacet
  facet normal 0.887003 -0.461763 0
    outer loop
      vertex -7.82272 0.474999 11
      vertex -7.86099 0.401486 14.5
      vertex -7.86099 0.401486 11
    endloop
  endfacet
  facet normal 0.461759 -0.887005 0
    outer loop
      vertex -7.475 0.822723 11
      vertex -7.40149 0.860991 14.5
      vertex -7.475 0.822723 14.5
    endloop
  endfacet
  facet normal 0.461759 -0.887005 0
    outer loop
      vertex -7.40149 0.860991 14.5
      vertex -7.475 0.822723 11
      vertex -7.40149 0.860991 11
    endloop
  endfacet
  facet normal 0.38269 -0.923877 0
    outer loop
      vertex -7.40149 0.860991 11
      vertex -7.32492 0.892708 14.5
      vertex -7.40149 0.860991 14.5
    endloop
  endfacet
  facet normal 0.38269 -0.923877 0
    outer loop
      vertex -7.32492 0.892708 14.5
      vertex -7.40149 0.860991 11
      vertex -7.32492 0.892708 11
    endloop
  endfacet
  facet normal -0.999051 0.0435592 0
    outer loop
      vertex -6.05361 -0.0827971 10.8263
      vertex -6.05 0 14.5
      vertex -6.05 0 10.824
    endloop
  endfacet
  facet normal -0.999051 0.0435592 0
    outer loop
      vertex -6.05 0 14.5
      vertex -6.05361 -0.0827971 10.8263
      vertex -6.05361 -0.0827971 14.5
    endloop
  endfacet
  facet normal -0.0436299 0.999048 0
    outer loop
      vertex -6.9172 -0.946384 11
      vertex -7 -0.95 14.5
      vertex -6.9172 -0.946384 14.5
    endloop
  endfacet
  facet normal -0.0436299 0.999048 0
    outer loop
      vertex -7 -0.95 14.5
      vertex -6.9172 -0.946384 11
      vertex -7 -0.95 11
    endloop
  endfacet
  facet normal -0.216447 0.976294 0
    outer loop
      vertex -6.75412 -0.917629 11
      vertex -6.83503 -0.935567 14.5
      vertex -6.75412 -0.917629 14.5
    endloop
  endfacet
  facet normal -0.216447 0.976294 0
    outer loop
      vertex -6.83503 -0.935567 14.5
      vertex -6.75412 -0.917629 11
      vertex -6.83503 -0.935567 11
    endloop
  endfacet
  facet normal -0.38269 0.923877 0
    outer loop
      vertex -6.59851 -0.860991 11
      vertex -6.67508 -0.892708 14.5
      vertex -6.59851 -0.860991 14.5
    endloop
  endfacet
  facet normal -0.38269 0.923877 0
    outer loop
      vertex -6.67508 -0.892708 14.5
      vertex -6.59851 -0.860991 11
      vertex -6.67508 -0.892708 11
    endloop
  endfacet
  facet normal -0.737281 0.675586 0
    outer loop
      vertex -6.32825 -0.671751 10.9257
      vertex -6.27226 -0.610648 14.5
      vertex -6.27226 -0.610648 10.9054
    endloop
  endfacet
  facet normal -0.737281 0.675586 0
    outer loop
      vertex -6.27226 -0.610648 14.5
      vertex -6.32825 -0.671751 10.9257
      vertex -6.32825 -0.671751 14.5
    endloop
  endfacet
  facet normal -0.608763 0.793352 0
    outer loop
      vertex -6.38935 -0.727742 14.5
      vertex -6.4551 -0.778194 10.9704
      vertex -6.4551 -0.778194 14.5
    endloop
  endfacet
  facet normal -0.608763 0.793352 0
    outer loop
      vertex -6.4551 -0.778194 10.9704
      vertex -6.38935 -0.727742 14.5
      vertex -6.38935 -0.727742 10.9475
    endloop
  endfacet
  facet normal -0.461759 0.887005 -1.96063e-07
    outer loop
      vertex -6.525 -0.822723 14.5
      vertex -6.54119 -0.831152 11
      vertex -6.59851 -0.860991 14.5
    endloop
  endfacet
  facet normal -0.461793 0.886988 0
    outer loop
      vertex -6.54119 -0.831152 11
      vertex -6.525 -0.822723 14.5
      vertex -6.525 -0.822723 10.9945
    endloop
  endfacet
  facet normal -0.46175 0.88701 0
    outer loop
      vertex -6.59851 -0.860991 14.5
      vertex -6.54119 -0.831152 11
      vertex -6.59851 -0.860991 11
    endloop
  endfacet
  facet normal -0.843525 0.53709 0
    outer loop
      vertex -6.18312 -0.484171 10.8734
      vertex -6.17728 -0.474999 14.5
      vertex -6.17728 -0.474999 10.8714
    endloop
  endfacet
  facet normal -0.843385 0.53731 -7.83093e-07
    outer loop
      vertex -6.22143 -0.544304 10.8865
      vertex -6.17728 -0.474999 14.5
      vertex -6.18312 -0.484171 10.8734
    endloop
  endfacet
  facet normal -0.848384 0.529382 0.000212359
    outer loop
      vertex -6.2218 -0.544897 10.8866
      vertex -6.17728 -0.474999 14.5
      vertex -6.22143 -0.544304 10.8865
    endloop
  endfacet
  facet normal -0.843446 0.537214 0
    outer loop
      vertex -6.17728 -0.474999 14.5
      vertex -6.2218 -0.544897 10.8866
      vertex -6.2218 -0.544897 14.5
    endloop
  endfacet
  facet normal -0.97629 0.216468 0
    outer loop
      vertex -6.08237 -0.245877 10.8378
      vertex -6.06443 -0.164966 14.5
      vertex -6.06443 -0.164966 10.8309
    endloop
  endfacet
  facet normal -0.97629 0.216468 0
    outer loop
      vertex -6.06443 -0.164966 14.5
      vertex -6.08237 -0.245877 10.8378
      vertex -6.08237 -0.245877 14.5
    endloop
  endfacet
  facet normal -0.991441 0.130553 0
    outer loop
      vertex -6.06443 -0.164966 10.8309
      vertex -6.05361 -0.0827971 14.5
      vertex -6.05361 -0.0827971 10.8263
    endloop
  endfacet
  facet normal -0.991441 0.130553 0
    outer loop
      vertex -6.05361 -0.0827971 14.5
      vertex -6.06443 -0.164966 10.8309
      vertex -6.06443 -0.164966 14.5
    endloop
  endfacet
  facet normal 0.608763 0.793352 -0
    outer loop
      vertex -7.5449 -0.778194 11
      vertex -7.61065 -0.727742 14.5
      vertex -7.5449 -0.778194 14.5
    endloop
  endfacet
  facet normal 0.608763 0.793352 0
    outer loop
      vertex -7.61065 -0.727742 14.5
      vertex -7.5449 -0.778194 11
      vertex -7.61065 -0.727742 11
    endloop
  endfacet
  facet normal 0.461759 0.887005 -0
    outer loop
      vertex -7.40149 -0.860991 11
      vertex -7.475 -0.822723 14.5
      vertex -7.40149 -0.860991 14.5
    endloop
  endfacet
  facet normal 0.461759 0.887005 0
    outer loop
      vertex -7.475 -0.822723 14.5
      vertex -7.40149 -0.860991 11
      vertex -7.475 -0.822723 11
    endloop
  endfacet
  facet normal 0.216447 0.976294 -0
    outer loop
      vertex -7.16497 -0.935567 11
      vertex -7.24588 -0.917629 14.5
      vertex -7.16497 -0.935567 14.5
    endloop
  endfacet
  facet normal 0.216447 0.976294 0
    outer loop
      vertex -7.24588 -0.917629 14.5
      vertex -7.16497 -0.935567 11
      vertex -7.24588 -0.917629 11
    endloop
  endfacet
  facet normal 0.0436299 0.999048 -0
    outer loop
      vertex -7 -0.95 11
      vertex -7.0828 -0.946384 14.5
      vertex -7 -0.95 14.5
    endloop
  endfacet
  facet normal 0.0436299 0.999048 0
    outer loop
      vertex -7.0828 -0.946384 14.5
      vertex -7 -0.95 11
      vertex -7.0828 -0.946384 11
    endloop
  endfacet
  facet normal 0.923859 0.382734 0
    outer loop
      vertex -7.86099 -0.401486 14.5
      vertex -7.89271 -0.324919 11
      vertex -7.89271 -0.324919 14.5
    endloop
  endfacet
  facet normal 0.923859 0.382734 0
    outer loop
      vertex -7.89271 -0.324919 11
      vertex -7.86099 -0.401486 14.5
      vertex -7.86099 -0.401486 11
    endloop
  endfacet
  facet normal 0.887003 0.461763 0
    outer loop
      vertex -7.82272 -0.474999 14.5
      vertex -7.86099 -0.401486 11
      vertex -7.86099 -0.401486 14.5
    endloop
  endfacet
  facet normal 0.887003 0.461763 0
    outer loop
      vertex -7.86099 -0.401486 11
      vertex -7.82272 -0.474999 14.5
      vertex -7.82272 -0.474999 11
    endloop
  endfacet
  facet normal 0.737281 0.675586 0
    outer loop
      vertex -7.67175 -0.671751 14.5
      vertex -7.72774 -0.610648 11
      vertex -7.72774 -0.610648 14.5
    endloop
  endfacet
  facet normal 0.737281 0.675586 0
    outer loop
      vertex -7.72774 -0.610648 11
      vertex -7.67175 -0.671751 14.5
      vertex -7.67175 -0.671751 11
    endloop
  endfacet
  facet normal 0.991457 0.130434 0
    outer loop
      vertex -7.93557 -0.164966 14.5
      vertex -7.94638 -0.0827971 11
      vertex -7.94638 -0.0827971 14.5
    endloop
  endfacet
  facet normal 0.991457 0.130434 0
    outer loop
      vertex -7.94638 -0.0827971 11
      vertex -7.93557 -0.164966 14.5
      vertex -7.93557 -0.164966 11
    endloop
  endfacet
  facet normal -0.130516 0.991446 0
    outer loop
      vertex -6.83503 -0.935567 11
      vertex -6.9172 -0.946384 14.5
      vertex -6.83503 -0.935567 14.5
    endloop
  endfacet
  facet normal -0.130516 0.991446 0
    outer loop
      vertex -6.9172 -0.946384 14.5
      vertex -6.83503 -0.935567 11
      vertex -6.9172 -0.946384 11
    endloop
  endfacet
  facet normal -0.537281 0.843404 0
    outer loop
      vertex -6.4551 -0.778194 14.5
      vertex -6.525 -0.822723 10.9945
      vertex -6.525 -0.822723 14.5
    endloop
  endfacet
  facet normal -0.537281 0.843404 0
    outer loop
      vertex -6.525 -0.822723 10.9945
      vertex -6.4551 -0.778194 14.5
      vertex -6.4551 -0.778194 10.9704
    endloop
  endfacet
  facet normal -0.608818 -0.79331 0
    outer loop
      vertex 0.544897 -6.2218 14.5
      vertex 0.610648 -6.27226 10.9054
      vertex 0.610648 -6.27226 14.5
    endloop
  endfacet
  facet normal -0.608958 -0.793203 -4.05702e-06
    outer loop
      vertex 0.544897 -6.2218 14.5
      vertex 0.592295 -6.25817 10.9001
      vertex 0.610648 -6.27226 10.9054
    endloop
  endfacet
  facet normal -0.608764 -0.793351 0
    outer loop
      vertex 0.592295 -6.25817 10.9001
      vertex 0.544897 -6.2218 14.5
      vertex 0.544897 -6.2218 10.8866
    endloop
  endfacet
  facet normal 0.300686 -0.953723 0
    outer loop
      vertex -0.324919 -6.10729 10.8469
      vertex -0.245877 -6.08237 14.5
      vertex -0.324919 -6.10729 14.5
    endloop
  endfacet
  facet normal 0.300686 -0.953723 0
    outer loop
      vertex -0.245877 -6.08237 14.5
      vertex -0.324919 -6.10729 10.8469
      vertex -0.245877 -6.08237 10.8378
    endloop
  endfacet
  facet normal 0.923877 -0.38269 0
    outer loop
      vertex -0.892708 -6.67508 14.5
      vertex -0.860991 -6.59851 11
      vertex -0.860991 -6.59851 14.5
    endloop
  endfacet
  facet normal 0.923877 -0.38269 0
    outer loop
      vertex -0.860991 -6.59851 11
      vertex -0.892708 -6.67508 14.5
      vertex -0.892708 -6.67508 11
    endloop
  endfacet
  facet normal -0.886988 -0.461793 0
    outer loop
      vertex 0.831152 -6.54119 11
      vertex 0.822723 -6.525 14.5
      vertex 0.822723 -6.525 10.9945
    endloop
  endfacet
  facet normal -0.88701 -0.46175 -2.51442e-07
    outer loop
      vertex 0.860991 -6.59851 11
      vertex 0.822723 -6.525 14.5
      vertex 0.831152 -6.54119 11
    endloop
  endfacet
  facet normal -0.887005 -0.461759 0
    outer loop
      vertex 0.822723 -6.525 14.5
      vertex 0.860991 -6.59851 11
      vertex 0.860991 -6.59851 14.5
    endloop
  endfacet
  facet normal -0.843404 -0.537281 0
    outer loop
      vertex 0.822723 -6.525 10.9945
      vertex 0.778194 -6.4551 14.5
      vertex 0.778194 -6.4551 10.9704
    endloop
  endfacet
  facet normal -0.843404 -0.537281 0
    outer loop
      vertex 0.778194 -6.4551 14.5
      vertex 0.822723 -6.525 10.9945
      vertex 0.822723 -6.525 14.5
    endloop
  endfacet
  facet normal -0.382734 -0.923859 0
    outer loop
      vertex 0.324919 -6.10729 14.5
      vertex 0.401486 -6.13901 10.8581
      vertex 0.401486 -6.13901 14.5
    endloop
  endfacet
  facet normal -0.382734 -0.923859 0
    outer loop
      vertex 0.401486 -6.13901 10.8581
      vertex 0.324919 -6.10729 14.5
      vertex 0.324919 -6.10729 10.8469
    endloop
  endfacet
  facet normal -0.130553 -0.991441 0
    outer loop
      vertex 0.0827971 -6.05361 14.5
      vertex 0.164966 -6.06443 10.8309
      vertex 0.164966 -6.06443 14.5
    endloop
  endfacet
  facet normal -0.130553 -0.991441 0
    outer loop
      vertex 0.164966 -6.06443 10.8309
      vertex 0.0827971 -6.05361 14.5
      vertex 0.0827971 -6.05361 10.8263
    endloop
  endfacet
  facet normal 0.991446 -0.130516 0
    outer loop
      vertex -0.946384 -6.9172 14.5
      vertex -0.935567 -6.83503 11
      vertex -0.935567 -6.83503 14.5
    endloop
  endfacet
  facet normal 0.991446 -0.130516 0
    outer loop
      vertex -0.935567 -6.83503 11
      vertex -0.946384 -6.9172 14.5
      vertex -0.946384 -6.9172 11
    endloop
  endfacet
  facet normal 0.737258 -0.675611 0
    outer loop
      vertex -0.727742 -6.38935 10.9475
      vertex -0.671751 -6.32825 14.5
      vertex -0.727742 -6.38935 14.5
    endloop
  endfacet
  facet normal 0.737258 -0.675611 0
    outer loop
      vertex -0.671751 -6.32825 14.5
      vertex -0.727742 -6.38935 10.9475
      vertex -0.671751 -6.32825 10.9257
    endloop
  endfacet
  facet normal 0.130553 -0.991441 0
    outer loop
      vertex -0.164966 -6.06443 10.8309
      vertex -0.0827971 -6.05361 14.5
      vertex -0.164966 -6.06443 14.5
    endloop
  endfacet
  facet normal 0.130553 -0.991441 0
    outer loop
      vertex -0.0827971 -6.05361 14.5
      vertex -0.164966 -6.06443 10.8309
      vertex -0.0827971 -6.05361 10.8263
    endloop
  endfacet
  facet normal -0.991446 0.130516 0
    outer loop
      vertex 0.935567 -7.16497 11
      vertex 0.946384 -7.0828 14.5
      vertex 0.946384 -7.0828 11
    endloop
  endfacet
  facet normal -0.991446 0.130516 0
    outer loop
      vertex 0.946384 -7.0828 14.5
      vertex 0.935567 -7.16497 11
      vertex 0.935567 -7.16497 14.5
    endloop
  endfacet
  facet normal -0.793352 0.608763 0
    outer loop
      vertex 0.727742 -7.61065 11
      vertex 0.778194 -7.5449 14.5
      vertex 0.778194 -7.5449 11
    endloop
  endfacet
  facet normal -0.793352 0.608763 0
    outer loop
      vertex 0.778194 -7.5449 14.5
      vertex 0.727742 -7.61065 11
      vertex 0.727742 -7.61065 14.5
    endloop
  endfacet
  facet normal 0.130434 0.991457 -0
    outer loop
      vertex -0.0827971 -7.94638 11
      vertex -0.164966 -7.93557 14.5
      vertex -0.0827971 -7.94638 14.5
    endloop
  endfacet
  facet normal 0.130434 0.991457 0
    outer loop
      vertex -0.164966 -7.93557 14.5
      vertex -0.0827971 -7.94638 11
      vertex -0.164966 -7.93557 11
    endloop
  endfacet
  facet normal 0.675586 0.737281 -0
    outer loop
      vertex -0.610648 -7.72774 11
      vertex -0.671751 -7.67175 14.5
      vertex -0.610648 -7.72774 14.5
    endloop
  endfacet
  facet normal 0.675586 0.737281 0
    outer loop
      vertex -0.671751 -7.67175 14.5
      vertex -0.610648 -7.72774 11
      vertex -0.671751 -7.67175 11
    endloop
  endfacet
  facet normal -0.991446 -0.130516 0
    outer loop
      vertex 0.946384 -6.9172 11
      vertex 0.935567 -6.83503 14.5
      vertex 0.935567 -6.83503 11
    endloop
  endfacet
  facet normal -0.991446 -0.130516 0
    outer loop
      vertex 0.935567 -6.83503 14.5
      vertex 0.946384 -6.9172 11
      vertex 0.946384 -6.9172 14.5
    endloop
  endfacet
  facet normal -0.953718 -0.300703 0
    outer loop
      vertex 0.917629 -6.75412 11
      vertex 0.892708 -6.67508 14.5
      vertex 0.892708 -6.67508 11
    endloop
  endfacet
  facet normal -0.953718 -0.300703 0
    outer loop
      vertex 0.892708 -6.67508 14.5
      vertex 0.917629 -6.75412 11
      vertex 0.917629 -6.75412 14.5
    endloop
  endfacet
  facet normal -0.923877 -0.38269 0
    outer loop
      vertex 0.892708 -6.67508 11
      vertex 0.860991 -6.59851 14.5
      vertex 0.860991 -6.59851 11
    endloop
  endfacet
  facet normal -0.923877 -0.38269 0
    outer loop
      vertex 0.860991 -6.59851 14.5
      vertex 0.892708 -6.67508 11
      vertex 0.892708 -6.67508 14.5
    endloop
  endfacet
  facet normal -0.737258 -0.675611 0
    outer loop
      vertex 0.727742 -6.38935 10.9475
      vertex 0.671751 -6.32825 14.5
      vertex 0.671751 -6.32825 10.9257
    endloop
  endfacet
  facet normal -0.737258 -0.675611 0
    outer loop
      vertex 0.671751 -6.32825 14.5
      vertex 0.727742 -6.38935 10.9475
      vertex 0.727742 -6.38935 14.5
    endloop
  endfacet
  facet normal -0.793352 -0.608763 0
    outer loop
      vertex 0.778194 -6.4551 10.9704
      vertex 0.727742 -6.38935 14.5
      vertex 0.727742 -6.38935 10.9475
    endloop
  endfacet
  facet normal -0.793352 -0.608763 0
    outer loop
      vertex 0.727742 -6.38935 14.5
      vertex 0.778194 -6.4551 10.9704
      vertex 0.778194 -6.4551 14.5
    endloop
  endfacet
  facet normal -0.675586 -0.737281 0
    outer loop
      vertex 0.610648 -6.27226 14.5
      vertex 0.671751 -6.32825 10.9257
      vertex 0.671751 -6.32825 14.5
    endloop
  endfacet
  facet normal -0.675586 -0.737281 0
    outer loop
      vertex 0.671751 -6.32825 10.9257
      vertex 0.610648 -6.27226 14.5
      vertex 0.610648 -6.27226 10.9054
    endloop
  endfacet
  facet normal -0.537214 -0.843446 0
    outer loop
      vertex 0.474999 -6.17728 14.5
      vertex 0.544897 -6.2218 10.8866
      vertex 0.544897 -6.2218 14.5
    endloop
  endfacet
  facet normal -0.529382 -0.848384 0.000212359
    outer loop
      vertex 0.474999 -6.17728 14.5
      vertex 0.544304 -6.22143 10.8865
      vertex 0.544897 -6.2218 10.8866
    endloop
  endfacet
  facet normal -0.53731 -0.843385 -7.83093e-07
    outer loop
      vertex 0.474999 -6.17728 14.5
      vertex 0.484171 -6.18312 10.8734
      vertex 0.544304 -6.22143 10.8865
    endloop
  endfacet
  facet normal -0.53709 -0.843525 0
    outer loop
      vertex 0.484171 -6.18312 10.8734
      vertex 0.474999 -6.17728 14.5
      vertex 0.474999 -6.17728 10.8714
    endloop
  endfacet
  facet normal -0.0435592 -0.999051 0
    outer loop
      vertex 0 -6.05 14.5
      vertex 0.0827971 -6.05361 10.8263
      vertex 0.0827971 -6.05361 14.5
    endloop
  endfacet
  facet normal -0.0435592 -0.999051 0
    outer loop
      vertex 0.0827971 -6.05361 10.8263
      vertex 0 -6.05 14.5
      vertex 0 -6.05 10.824
    endloop
  endfacet
  facet normal -0.461763 -0.887003 0
    outer loop
      vertex 0.401486 -6.13901 14.5
      vertex 0.474999 -6.17728 10.8714
      vertex 0.474999 -6.17728 14.5
    endloop
  endfacet
  facet normal -0.461763 -0.887003 0
    outer loop
      vertex 0.474999 -6.17728 10.8714
      vertex 0.401486 -6.13901 14.5
      vertex 0.401486 -6.13901 10.8581
    endloop
  endfacet
  facet normal -0.300686 -0.953723 0
    outer loop
      vertex 0.245877 -6.08237 14.5
      vertex 0.324919 -6.10729 10.8469
      vertex 0.324919 -6.10729 14.5
    endloop
  endfacet
  facet normal -0.300686 -0.953723 0
    outer loop
      vertex 0.324919 -6.10729 10.8469
      vertex 0.245877 -6.08237 14.5
      vertex 0.245877 -6.08237 10.8378
    endloop
  endfacet
  facet normal -0.216468 -0.97629 0
    outer loop
      vertex 0.164966 -6.06443 14.5
      vertex 0.245877 -6.08237 10.8378
      vertex 0.245877 -6.08237 14.5
    endloop
  endfacet
  facet normal -0.216468 -0.97629 0
    outer loop
      vertex 0.245877 -6.08237 10.8378
      vertex 0.164966 -6.06443 14.5
      vertex 0.164966 -6.06443 10.8309
    endloop
  endfacet
  facet normal 0.999048 -0.0436299 0
    outer loop
      vertex -0.95 -7 14.5
      vertex -0.946384 -6.9172 11
      vertex -0.946384 -6.9172 14.5
    endloop
  endfacet
  facet normal 0.999048 -0.0436299 0
    outer loop
      vertex -0.946384 -6.9172 11
      vertex -0.95 -7 14.5
      vertex -0.95 -7 11
    endloop
  endfacet
  facet normal 0.953718 -0.300703 0
    outer loop
      vertex -0.917629 -6.75412 14.5
      vertex -0.892708 -6.67508 11
      vertex -0.892708 -6.67508 14.5
    endloop
  endfacet
  facet normal 0.953718 -0.300703 0
    outer loop
      vertex -0.892708 -6.67508 11
      vertex -0.917629 -6.75412 14.5
      vertex -0.917629 -6.75412 11
    endloop
  endfacet
  facet normal 0.976294 -0.216447 0
    outer loop
      vertex -0.935567 -6.83503 14.5
      vertex -0.917629 -6.75412 11
      vertex -0.917629 -6.75412 14.5
    endloop
  endfacet
  facet normal 0.976294 -0.216447 0
    outer loop
      vertex -0.917629 -6.75412 11
      vertex -0.935567 -6.83503 14.5
      vertex -0.935567 -6.83503 11
    endloop
  endfacet
  facet normal 0.843404 -0.537281 0
    outer loop
      vertex -0.822723 -6.525 10.9945
      vertex -0.778194 -6.4551 14.5
      vertex -0.822723 -6.525 14.5
    endloop
  endfacet
  facet normal 0.843404 -0.537281 0
    outer loop
      vertex -0.778194 -6.4551 14.5
      vertex -0.822723 -6.525 10.9945
      vertex -0.778194 -6.4551 10.9704
    endloop
  endfacet
  facet normal 0.793352 -0.608763 0
    outer loop
      vertex -0.778194 -6.4551 10.9704
      vertex -0.727742 -6.38935 14.5
      vertex -0.778194 -6.4551 14.5
    endloop
  endfacet
  facet normal 0.793352 -0.608763 0
    outer loop
      vertex -0.727742 -6.38935 14.5
      vertex -0.778194 -6.4551 10.9704
      vertex -0.727742 -6.38935 10.9475
    endloop
  endfacet
  facet normal 0.216468 -0.97629 0
    outer loop
      vertex -0.245877 -6.08237 10.8378
      vertex -0.164966 -6.06443 14.5
      vertex -0.245877 -6.08237 14.5
    endloop
  endfacet
  facet normal 0.216468 -0.97629 0
    outer loop
      vertex -0.164966 -6.06443 14.5
      vertex -0.245877 -6.08237 10.8378
      vertex -0.164966 -6.06443 10.8309
    endloop
  endfacet
  facet normal 0.0435592 -0.999051 0
    outer loop
      vertex -0.0827971 -6.05361 10.8263
      vertex 0 -6.05 14.5
      vertex -0.0827971 -6.05361 14.5
    endloop
  endfacet
  facet normal 0.0435592 -0.999051 0
    outer loop
      vertex 0 -6.05 14.5
      vertex -0.0827971 -6.05361 10.8263
      vertex 0 -6.05 10.824
    endloop
  endfacet
  facet normal 0.537214 -0.843446 0
    outer loop
      vertex -0.544897 -6.2218 10.8866
      vertex -0.474999 -6.17728 14.5
      vertex -0.544897 -6.2218 14.5
    endloop
  endfacet
  facet normal 0.529382 -0.848384 0.000212359
    outer loop
      vertex -0.544304 -6.22143 10.8865
      vertex -0.474999 -6.17728 14.5
      vertex -0.544897 -6.2218 10.8866
    endloop
  endfacet
  facet normal 0.53731 -0.843385 -7.83093e-07
    outer loop
      vertex -0.484171 -6.18312 10.8734
      vertex -0.474999 -6.17728 14.5
      vertex -0.544304 -6.22143 10.8865
    endloop
  endfacet
  facet normal 0.53709 -0.843525 0
    outer loop
      vertex -0.474999 -6.17728 14.5
      vertex -0.484171 -6.18312 10.8734
      vertex -0.474999 -6.17728 10.8714
    endloop
  endfacet
  facet normal 0.608818 -0.79331 0
    outer loop
      vertex -0.610648 -6.27226 10.9054
      vertex -0.544897 -6.2218 14.5
      vertex -0.610648 -6.27226 14.5
    endloop
  endfacet
  facet normal 0.608958 -0.793203 -4.05702e-06
    outer loop
      vertex -0.592295 -6.25817 10.9001
      vertex -0.544897 -6.2218 14.5
      vertex -0.610648 -6.27226 10.9054
    endloop
  endfacet
  facet normal 0.608764 -0.793351 0
    outer loop
      vertex -0.544897 -6.2218 14.5
      vertex -0.592295 -6.25817 10.9001
      vertex -0.544897 -6.2218 10.8866
    endloop
  endfacet
  facet normal 0.461763 -0.887003 0
    outer loop
      vertex -0.474999 -6.17728 10.8714
      vertex -0.401486 -6.13901 14.5
      vertex -0.474999 -6.17728 14.5
    endloop
  endfacet
  facet normal 0.461763 -0.887003 0
    outer loop
      vertex -0.401486 -6.13901 14.5
      vertex -0.474999 -6.17728 10.8714
      vertex -0.401486 -6.13901 10.8581
    endloop
  endfacet
  facet normal 0.675586 -0.737281 0
    outer loop
      vertex -0.671751 -6.32825 10.9257
      vertex -0.610648 -6.27226 14.5
      vertex -0.671751 -6.32825 14.5
    endloop
  endfacet
  facet normal 0.675586 -0.737281 0
    outer loop
      vertex -0.610648 -6.27226 14.5
      vertex -0.671751 -6.32825 10.9257
      vertex -0.610648 -6.27226 10.9054
    endloop
  endfacet
  facet normal -0.999048 -0.0436299 0
    outer loop
      vertex 0.95 -7 11
      vertex 0.946384 -6.9172 14.5
      vertex 0.946384 -6.9172 11
    endloop
  endfacet
  facet normal -0.999048 -0.0436299 0
    outer loop
      vertex 0.946384 -6.9172 14.5
      vertex 0.95 -7 11
      vertex 0.95 -7 14.5
    endloop
  endfacet
  facet normal -0.953718 0.300703 0
    outer loop
      vertex 0.892708 -7.32492 11
      vertex 0.917629 -7.24588 14.5
      vertex 0.917629 -7.24588 11
    endloop
  endfacet
  facet normal -0.953718 0.300703 0
    outer loop
      vertex 0.917629 -7.24588 14.5
      vertex 0.892708 -7.32492 11
      vertex 0.892708 -7.32492 14.5
    endloop
  endfacet
  facet normal -0.216468 0.97629 0
    outer loop
      vertex 0.245877 -7.91763 11
      vertex 0.164966 -7.93557 14.5
      vertex 0.245877 -7.91763 14.5
    endloop
  endfacet
  facet normal -0.216468 0.97629 0
    outer loop
      vertex 0.164966 -7.93557 14.5
      vertex 0.245877 -7.91763 11
      vertex 0.164966 -7.93557 11
    endloop
  endfacet
  facet normal -0.300686 0.953723 0
    outer loop
      vertex 0.324919 -7.89271 11
      vertex 0.245877 -7.91763 14.5
      vertex 0.324919 -7.89271 14.5
    endloop
  endfacet
  facet normal -0.300686 0.953723 0
    outer loop
      vertex 0.245877 -7.91763 14.5
      vertex 0.324919 -7.89271 11
      vertex 0.245877 -7.91763 11
    endloop
  endfacet
  facet normal -0.675586 0.737281 0
    outer loop
      vertex 0.671751 -7.67175 11
      vertex 0.610648 -7.72774 14.5
      vertex 0.671751 -7.67175 14.5
    endloop
  endfacet
  facet normal -0.675586 0.737281 0
    outer loop
      vertex 0.610648 -7.72774 14.5
      vertex 0.671751 -7.67175 11
      vertex 0.610648 -7.72774 11
    endloop
  endfacet
  facet normal -0.887005 0.461759 0
    outer loop
      vertex 0.822723 -7.475 11
      vertex 0.860991 -7.40149 14.5
      vertex 0.860991 -7.40149 11
    endloop
  endfacet
  facet normal -0.887005 0.461759 0
    outer loop
      vertex 0.860991 -7.40149 14.5
      vertex 0.822723 -7.475 11
      vertex 0.822723 -7.475 14.5
    endloop
  endfacet
  facet normal 0.0436796 0.999046 -0
    outer loop
      vertex 0 -7.95 11
      vertex -0.0827971 -7.94638 14.5
      vertex 0 -7.95 14.5
    endloop
  endfacet
  facet normal 0.0436796 0.999046 0
    outer loop
      vertex -0.0827971 -7.94638 14.5
      vertex 0 -7.95 11
      vertex -0.0827971 -7.94638 11
    endloop
  endfacet
  facet normal 0.300686 0.953723 -0
    outer loop
      vertex -0.245877 -7.91763 11
      vertex -0.324919 -7.89271 14.5
      vertex -0.245877 -7.91763 14.5
    endloop
  endfacet
  facet normal 0.300686 0.953723 0
    outer loop
      vertex -0.324919 -7.89271 14.5
      vertex -0.245877 -7.91763 11
      vertex -0.324919 -7.89271 11
    endloop
  endfacet
  facet normal 0.5373 0.843391 -0
    outer loop
      vertex -0.474999 -7.82272 11
      vertex -0.544897 -7.77819 14.5
      vertex -0.474999 -7.82272 14.5
    endloop
  endfacet
  facet normal 0.5373 0.843391 0
    outer loop
      vertex -0.544897 -7.77819 14.5
      vertex -0.474999 -7.82272 11
      vertex -0.544897 -7.77819 11
    endloop
  endfacet
  facet normal 0.976294 0.216447 0
    outer loop
      vertex -0.917629 -7.24588 14.5
      vertex -0.935567 -7.16497 11
      vertex -0.935567 -7.16497 14.5
    endloop
  endfacet
  facet normal 0.976294 0.216447 0
    outer loop
      vertex -0.935567 -7.16497 11
      vertex -0.917629 -7.24588 14.5
      vertex -0.917629 -7.24588 11
    endloop
  endfacet
  facet normal 0.999048 0.0436299 0
    outer loop
      vertex -0.946384 -7.0828 14.5
      vertex -0.95 -7 11
      vertex -0.95 -7 14.5
    endloop
  endfacet
  facet normal 0.999048 0.0436299 0
    outer loop
      vertex -0.95 -7 11
      vertex -0.946384 -7.0828 14.5
      vertex -0.946384 -7.0828 11
    endloop
  endfacet
  facet normal 0.793352 0.608763 0
    outer loop
      vertex -0.727742 -7.61065 14.5
      vertex -0.778194 -7.5449 11
      vertex -0.778194 -7.5449 14.5
    endloop
  endfacet
  facet normal 0.793352 0.608763 0
    outer loop
      vertex -0.778194 -7.5449 11
      vertex -0.727742 -7.61065 14.5
      vertex -0.727742 -7.61065 11
    endloop
  endfacet
  facet normal 0.737258 0.675611 0
    outer loop
      vertex -0.671751 -7.67175 14.5
      vertex -0.727742 -7.61065 11
      vertex -0.727742 -7.61065 14.5
    endloop
  endfacet
  facet normal 0.737258 0.675611 0
    outer loop
      vertex -0.727742 -7.61065 11
      vertex -0.671751 -7.67175 14.5
      vertex -0.671751 -7.67175 11
    endloop
  endfacet
  facet normal -0.976294 -0.216447 0
    outer loop
      vertex 0.935567 -6.83503 11
      vertex 0.917629 -6.75412 14.5
      vertex 0.917629 -6.75412 11
    endloop
  endfacet
  facet normal -0.976294 -0.216447 0
    outer loop
      vertex 0.917629 -6.75412 14.5
      vertex 0.935567 -6.83503 11
      vertex 0.935567 -6.83503 14.5
    endloop
  endfacet
  facet normal 0.886988 -0.461793 0
    outer loop
      vertex -0.822723 -6.525 14.5
      vertex -0.831152 -6.54119 11
      vertex -0.822723 -6.525 10.9945
    endloop
  endfacet
  facet normal 0.887005 -0.461759 -1.96063e-07
    outer loop
      vertex -0.860991 -6.59851 14.5
      vertex -0.831152 -6.54119 11
      vertex -0.822723 -6.525 14.5
    endloop
  endfacet
  facet normal 0.88701 -0.46175 0
    outer loop
      vertex -0.831152 -6.54119 11
      vertex -0.860991 -6.59851 14.5
      vertex -0.860991 -6.59851 11
    endloop
  endfacet
  facet normal 0.382734 -0.923859 0
    outer loop
      vertex -0.401486 -6.13901 10.8581
      vertex -0.324919 -6.10729 14.5
      vertex -0.401486 -6.13901 14.5
    endloop
  endfacet
  facet normal 0.382734 -0.923859 0
    outer loop
      vertex -0.324919 -6.10729 14.5
      vertex -0.401486 -6.13901 10.8581
      vertex -0.324919 -6.10729 10.8469
    endloop
  endfacet
  facet normal -0.999048 0.0436299 0
    outer loop
      vertex 0.946384 -7.0828 11
      vertex 0.95 -7 14.5
      vertex 0.95 -7 11
    endloop
  endfacet
  facet normal -0.999048 0.0436299 0
    outer loop
      vertex 0.95 -7 14.5
      vertex 0.946384 -7.0828 11
      vertex 0.946384 -7.0828 14.5
    endloop
  endfacet
  facet normal -0.0436796 0.999046 0
    outer loop
      vertex 0.0827971 -7.94638 11
      vertex 0 -7.95 14.5
      vertex 0.0827971 -7.94638 14.5
    endloop
  endfacet
  facet normal -0.0436796 0.999046 0
    outer loop
      vertex 0 -7.95 14.5
      vertex 0.0827971 -7.94638 11
      vertex 0 -7.95 11
    endloop
  endfacet
  facet normal -0.976294 0.216447 0
    outer loop
      vertex 0.917629 -7.24588 11
      vertex 0.935567 -7.16497 14.5
      vertex 0.935567 -7.16497 11
    endloop
  endfacet
  facet normal -0.976294 0.216447 0
    outer loop
      vertex 0.935567 -7.16497 14.5
      vertex 0.917629 -7.24588 11
      vertex 0.917629 -7.24588 14.5
    endloop
  endfacet
  facet normal -0.130434 0.991457 0
    outer loop
      vertex 0.164966 -7.93557 11
      vertex 0.0827971 -7.94638 14.5
      vertex 0.164966 -7.93557 14.5
    endloop
  endfacet
  facet normal -0.130434 0.991457 0
    outer loop
      vertex 0.0827971 -7.94638 14.5
      vertex 0.164966 -7.93557 11
      vertex 0.0827971 -7.94638 11
    endloop
  endfacet
  facet normal -0.382734 0.923859 0
    outer loop
      vertex 0.401486 -7.86099 11
      vertex 0.324919 -7.89271 14.5
      vertex 0.401486 -7.86099 14.5
    endloop
  endfacet
  facet normal -0.382734 0.923859 0
    outer loop
      vertex 0.324919 -7.89271 14.5
      vertex 0.401486 -7.86099 11
      vertex 0.324919 -7.89271 11
    endloop
  endfacet
  facet normal -0.737258 0.675611 0
    outer loop
      vertex 0.671751 -7.67175 11
      vertex 0.727742 -7.61065 14.5
      vertex 0.727742 -7.61065 11
    endloop
  endfacet
  facet normal -0.737258 0.675611 0
    outer loop
      vertex 0.727742 -7.61065 14.5
      vertex 0.671751 -7.67175 11
      vertex 0.671751 -7.67175 14.5
    endloop
  endfacet
  facet normal -0.608742 0.793368 0
    outer loop
      vertex 0.610648 -7.72774 11
      vertex 0.544897 -7.77819 14.5
      vertex 0.610648 -7.72774 14.5
    endloop
  endfacet
  facet normal -0.608742 0.793368 0
    outer loop
      vertex 0.544897 -7.77819 14.5
      vertex 0.610648 -7.72774 11
      vertex 0.544897 -7.77819 11
    endloop
  endfacet
  facet normal -0.461763 0.887003 0
    outer loop
      vertex 0.474999 -7.82272 11
      vertex 0.401486 -7.86099 14.5
      vertex 0.474999 -7.82272 14.5
    endloop
  endfacet
  facet normal -0.461763 0.887003 0
    outer loop
      vertex 0.401486 -7.86099 14.5
      vertex 0.474999 -7.82272 11
      vertex 0.401486 -7.86099 11
    endloop
  endfacet
  facet normal -0.923877 0.38269 0
    outer loop
      vertex 0.860991 -7.40149 11
      vertex 0.892708 -7.32492 14.5
      vertex 0.892708 -7.32492 11
    endloop
  endfacet
  facet normal -0.923877 0.38269 0
    outer loop
      vertex 0.892708 -7.32492 14.5
      vertex 0.860991 -7.40149 11
      vertex 0.860991 -7.40149 14.5
    endloop
  endfacet
  facet normal -0.843404 0.537281 0
    outer loop
      vertex 0.778194 -7.5449 11
      vertex 0.822723 -7.475 14.5
      vertex 0.822723 -7.475 11
    endloop
  endfacet
  facet normal -0.843404 0.537281 0
    outer loop
      vertex 0.822723 -7.475 14.5
      vertex 0.778194 -7.5449 11
      vertex 0.778194 -7.5449 14.5
    endloop
  endfacet
  facet normal 0.216468 0.97629 -0
    outer loop
      vertex -0.164966 -7.93557 11
      vertex -0.245877 -7.91763 14.5
      vertex -0.164966 -7.93557 14.5
    endloop
  endfacet
  facet normal 0.216468 0.97629 0
    outer loop
      vertex -0.245877 -7.91763 14.5
      vertex -0.164966 -7.93557 11
      vertex -0.245877 -7.91763 11
    endloop
  endfacet
  facet normal 0.461763 0.887003 -0
    outer loop
      vertex -0.401486 -7.86099 11
      vertex -0.474999 -7.82272 14.5
      vertex -0.401486 -7.86099 14.5
    endloop
  endfacet
  facet normal 0.461763 0.887003 0
    outer loop
      vertex -0.474999 -7.82272 14.5
      vertex -0.401486 -7.86099 11
      vertex -0.474999 -7.82272 11
    endloop
  endfacet
  facet normal 0.608742 0.793368 -0
    outer loop
      vertex -0.544897 -7.77819 11
      vertex -0.610648 -7.72774 14.5
      vertex -0.544897 -7.77819 14.5
    endloop
  endfacet
  facet normal 0.608742 0.793368 0
    outer loop
      vertex -0.610648 -7.72774 14.5
      vertex -0.544897 -7.77819 11
      vertex -0.610648 -7.72774 11
    endloop
  endfacet
  facet normal 0.953718 0.300703 0
    outer loop
      vertex -0.892708 -7.32492 14.5
      vertex -0.917629 -7.24588 11
      vertex -0.917629 -7.24588 14.5
    endloop
  endfacet
  facet normal 0.953718 0.300703 0
    outer loop
      vertex -0.917629 -7.24588 11
      vertex -0.892708 -7.32492 14.5
      vertex -0.892708 -7.32492 11
    endloop
  endfacet
  facet normal 0.991446 0.130516 0
    outer loop
      vertex -0.935567 -7.16497 14.5
      vertex -0.946384 -7.0828 11
      vertex -0.946384 -7.0828 14.5
    endloop
  endfacet
  facet normal 0.991446 0.130516 0
    outer loop
      vertex -0.946384 -7.0828 11
      vertex -0.935567 -7.16497 14.5
      vertex -0.935567 -7.16497 11
    endloop
  endfacet
  facet normal 0.843404 0.537281 0
    outer loop
      vertex -0.778194 -7.5449 14.5
      vertex -0.822723 -7.475 11
      vertex -0.822723 -7.475 14.5
    endloop
  endfacet
  facet normal 0.843404 0.537281 0
    outer loop
      vertex -0.822723 -7.475 11
      vertex -0.778194 -7.5449 14.5
      vertex -0.778194 -7.5449 11
    endloop
  endfacet
  facet normal 0.923877 0.38269 0
    outer loop
      vertex -0.860991 -7.40149 14.5
      vertex -0.892708 -7.32492 11
      vertex -0.892708 -7.32492 14.5
    endloop
  endfacet
  facet normal 0.923877 0.38269 0
    outer loop
      vertex -0.892708 -7.32492 11
      vertex -0.860991 -7.40149 14.5
      vertex -0.860991 -7.40149 11
    endloop
  endfacet
  facet normal -0.5373 0.843391 0
    outer loop
      vertex 0.544897 -7.77819 11
      vertex 0.474999 -7.82272 14.5
      vertex 0.544897 -7.77819 14.5
    endloop
  endfacet
  facet normal -0.5373 0.843391 0
    outer loop
      vertex 0.474999 -7.82272 14.5
      vertex 0.544897 -7.77819 11
      vertex 0.474999 -7.82272 11
    endloop
  endfacet
  facet normal 0.382734 0.923859 -0
    outer loop
      vertex -0.324919 -7.89271 11
      vertex -0.401486 -7.86099 14.5
      vertex -0.324919 -7.89271 14.5
    endloop
  endfacet
  facet normal 0.382734 0.923859 0
    outer loop
      vertex -0.401486 -7.86099 14.5
      vertex -0.324919 -7.89271 11
      vertex -0.401486 -7.86099 11
    endloop
  endfacet
  facet normal 0.887005 0.461759 0
    outer loop
      vertex -0.822723 -7.475 14.5
      vertex -0.860991 -7.40149 11
      vertex -0.860991 -7.40149 14.5
    endloop
  endfacet
  facet normal 0.887005 0.461759 0
    outer loop
      vertex -0.860991 -7.40149 11
      vertex -0.822723 -7.475 14.5
      vertex -0.822723 -7.475 11
    endloop
  endfacet
  facet normal 1 -0 0
    outer loop
      vertex -2.425 -2.425 5.6
      vertex -2.425 2.425 0
      vertex -2.425 2.425 5.6
    endloop
  endfacet
  facet normal 1 0 0
    outer loop
      vertex -2.425 2.425 0
      vertex -2.425 -2.425 5.6
      vertex -2.425 -2.425 0
    endloop
  endfacet
  facet normal 0 0 -1
    outer loop
      vertex 2.425 -2.425 5.6
      vertex 1.5 0 5.6
      vertex 2.425 2.425 5.6
    endloop
  endfacet
  facet normal 0 0 -1
    outer loop
      vertex 2.425 -2.425 5.6
      vertex 1.49429 -0.130733 5.6
      vertex 1.5 0 5.6
    endloop
  endfacet
  facet normal 0 0 -1
    outer loop
      vertex 2.425 -2.425 5.6
      vertex 1.47721 -0.260471 5.6
      vertex 1.49429 -0.130733 5.6
    endloop
  endfacet
  facet normal 0 0 -1
    outer loop
      vertex 2.425 -2.425 5.6
      vertex 1.44889 -0.388228 5.6
      vertex 1.47721 -0.260471 5.6
    endloop
  endfacet
  facet normal 0 0 -1
    outer loop
      vertex 2.425 -2.425 5.6
      vertex 1.40954 -0.51303 5.6
      vertex 1.44889 -0.388228 5.6
    endloop
  endfacet
  facet normal 0 0 -1
    outer loop
      vertex 2.425 -2.425 5.6
      vertex 1.35946 -0.633927 5.6
      vertex 1.40954 -0.51303 5.6
    endloop
  endfacet
  facet normal 0 0 -1
    outer loop
      vertex 2.425 -2.425 5.6
      vertex 1.29904 -0.75 5.6
      vertex 1.35946 -0.633927 5.6
    endloop
  endfacet
  facet normal 0 0 -1
    outer loop
      vertex 2.425 -2.425 5.6
      vertex 1.22873 -0.860364 5.6
      vertex 1.29904 -0.75 5.6
    endloop
  endfacet
  facet normal 0 0 -1
    outer loop
      vertex 2.425 -2.425 5.6
      vertex 1.14907 -0.964181 5.6
      vertex 1.22873 -0.860364 5.6
    endloop
  endfacet
  facet normal 0 0 -1
    outer loop
      vertex 2.425 -2.425 5.6
      vertex 1.06066 -1.06066 5.6
      vertex 1.14907 -0.964181 5.6
    endloop
  endfacet
  facet normal 0 0 -1
    outer loop
      vertex 2.425 -2.425 5.6
      vertex 0.964181 -1.14907 5.6
      vertex 1.06066 -1.06066 5.6
    endloop
  endfacet
  facet normal 0 0 -1
    outer loop
      vertex 2.425 -2.425 5.6
      vertex 0.860364 -1.22873 5.6
      vertex 0.964181 -1.14907 5.6
    endloop
  endfacet
  facet normal 0 0 -1
    outer loop
      vertex 2.425 -2.425 5.6
      vertex 0.75 -1.29904 5.6
      vertex 0.860364 -1.22873 5.6
    endloop
  endfacet
  facet normal 0 0 -1
    outer loop
      vertex 2.425 -2.425 5.6
      vertex 0.633927 -1.35946 5.6
      vertex 0.75 -1.29904 5.6
    endloop
  endfacet
  facet normal 0 0 -1
    outer loop
      vertex 2.425 -2.425 5.6
      vertex 0.51303 -1.40954 5.6
      vertex 0.633927 -1.35946 5.6
    endloop
  endfacet
  facet normal 0 0 -1
    outer loop
      vertex 2.425 -2.425 5.6
      vertex 0.388228 -1.44889 5.6
      vertex 0.51303 -1.40954 5.6
    endloop
  endfacet
  facet normal 0 0 -1
    outer loop
      vertex 2.425 -2.425 5.6
      vertex 0.260471 -1.47721 5.6
      vertex 0.388228 -1.44889 5.6
    endloop
  endfacet
  facet normal 0 0 -1
    outer loop
      vertex 2.425 -2.425 5.6
      vertex 0.130733 -1.49429 5.6
      vertex 0.260471 -1.47721 5.6
    endloop
  endfacet
  facet normal 0 0 -1
    outer loop
      vertex 2.425 -2.425 5.6
      vertex 0 -1.5 5.6
      vertex 0.130733 -1.49429 5.6
    endloop
  endfacet
  facet normal 0 0 -1
    outer loop
      vertex -2.425 -2.425 5.6
      vertex 0 -1.5 5.6
      vertex 2.425 -2.425 5.6
    endloop
  endfacet
  facet normal -0 0 -1
    outer loop
      vertex 0 -1.5 5.6
      vertex -2.425 -2.425 5.6
      vertex -0.130733 -1.49429 5.6
    endloop
  endfacet
  facet normal -0 0 -1
    outer loop
      vertex -0.130733 -1.49429 5.6
      vertex -2.425 -2.425 5.6
      vertex -0.260471 -1.47721 5.6
    endloop
  endfacet
  facet normal -0 0 -1
    outer loop
      vertex -0.260471 -1.47721 5.6
      vertex -2.425 -2.425 5.6
      vertex -0.388228 -1.44889 5.6
    endloop
  endfacet
  facet normal -0 0 -1
    outer loop
      vertex -1.49429 -0.130733 5.6
      vertex -2.425 -2.425 5.6
      vertex -1.5 0 5.6
    endloop
  endfacet
  facet normal -0 0 -1
    outer loop
      vertex -1.47721 -0.260471 5.6
      vertex -2.425 -2.425 5.6
      vertex -1.49429 -0.130733 5.6
    endloop
  endfacet
  facet normal -0 0 -1
    outer loop
      vertex -1.44889 -0.388228 5.6
      vertex -2.425 -2.425 5.6
      vertex -1.47721 -0.260471 5.6
    endloop
  endfacet
  facet normal -0 0 -1
    outer loop
      vertex -1.40954 -0.51303 5.6
      vertex -2.425 -2.425 5.6
      vertex -1.44889 -0.388228 5.6
    endloop
  endfacet
  facet normal -0 0 -1
    outer loop
      vertex -1.35946 -0.633927 5.6
      vertex -2.425 -2.425 5.6
      vertex -1.40954 -0.51303 5.6
    endloop
  endfacet
  facet normal -0 0 -1
    outer loop
      vertex -1.29904 -0.75 5.6
      vertex -2.425 -2.425 5.6
      vertex -1.35946 -0.633927 5.6
    endloop
  endfacet
  facet normal -0 0 -1
    outer loop
      vertex -1.22873 -0.860364 5.6
      vertex -2.425 -2.425 5.6
      vertex -1.29904 -0.75 5.6
    endloop
  endfacet
  facet normal -0 0 -1
    outer loop
      vertex -1.14907 -0.964181 5.6
      vertex -2.425 -2.425 5.6
      vertex -1.22873 -0.860364 5.6
    endloop
  endfacet
  facet normal -0 0 -1
    outer loop
      vertex -1.06066 -1.06066 5.6
      vertex -2.425 -2.425 5.6
      vertex -1.14907 -0.964181 5.6
    endloop
  endfacet
  facet normal -0 0 -1
    outer loop
      vertex -0.964181 -1.14907 5.6
      vertex -2.425 -2.425 5.6
      vertex -1.06066 -1.06066 5.6
    endloop
  endfacet
  facet normal -0 0 -1
    outer loop
      vertex -0.860364 -1.22873 5.6
      vertex -2.425 -2.425 5.6
      vertex -0.964181 -1.14907 5.6
    endloop
  endfacet
  facet normal -0 0 -1
    outer loop
      vertex -0.75 -1.29904 5.6
      vertex -2.425 -2.425 5.6
      vertex -0.860364 -1.22873 5.6
    endloop
  endfacet
  facet normal -0 0 -1
    outer loop
      vertex -0.633927 -1.35946 5.6
      vertex -2.425 -2.425 5.6
      vertex -0.75 -1.29904 5.6
    endloop
  endfacet
  facet normal -0 0 -1
    outer loop
      vertex -0.51303 -1.40954 5.6
      vertex -2.425 -2.425 5.6
      vertex -0.633927 -1.35946 5.6
    endloop
  endfacet
  facet normal -0 0 -1
    outer loop
      vertex -0.388228 -1.44889 5.6
      vertex -2.425 -2.425 5.6
      vertex -0.51303 -1.40954 5.6
    endloop
  endfacet
  facet normal 0 0 -1
    outer loop
      vertex 1.49429 0.130733 5.6
      vertex 2.425 2.425 5.6
      vertex 1.5 0 5.6
    endloop
  endfacet
  facet normal 0 0 -1
    outer loop
      vertex 1.47721 0.260471 5.6
      vertex 2.425 2.425 5.6
      vertex 1.49429 0.130733 5.6
    endloop
  endfacet
  facet normal 0 0 -1
    outer loop
      vertex 1.44889 0.388228 5.6
      vertex 2.425 2.425 5.6
      vertex 1.47721 0.260471 5.6
    endloop
  endfacet
  facet normal 0 0 -1
    outer loop
      vertex 1.40954 0.51303 5.6
      vertex 2.425 2.425 5.6
      vertex 1.44889 0.388228 5.6
    endloop
  endfacet
  facet normal 0 0 -1
    outer loop
      vertex 1.35946 0.633927 5.6
      vertex 2.425 2.425 5.6
      vertex 1.40954 0.51303 5.6
    endloop
  endfacet
  facet normal 0 0 -1
    outer loop
      vertex 1.29904 0.75 5.6
      vertex 2.425 2.425 5.6
      vertex 1.35946 0.633927 5.6
    endloop
  endfacet
  facet normal 0 0 -1
    outer loop
      vertex 1.22873 0.860364 5.6
      vertex 2.425 2.425 5.6
      vertex 1.29904 0.75 5.6
    endloop
  endfacet
  facet normal 0 0 -1
    outer loop
      vertex 1.14907 0.964181 5.6
      vertex 2.425 2.425 5.6
      vertex 1.22873 0.860364 5.6
    endloop
  endfacet
  facet normal 0 0 -1
    outer loop
      vertex 1.06066 1.06066 5.6
      vertex 2.425 2.425 5.6
      vertex 1.14907 0.964181 5.6
    endloop
  endfacet
  facet normal 0 0 -1
    outer loop
      vertex 0.964181 1.14907 5.6
      vertex 2.425 2.425 5.6
      vertex 1.06066 1.06066 5.6
    endloop
  endfacet
  facet normal 0 0 -1
    outer loop
      vertex 0.860364 1.22873 5.6
      vertex 2.425 2.425 5.6
      vertex 0.964181 1.14907 5.6
    endloop
  endfacet
  facet normal 0 0 -1
    outer loop
      vertex 0.75 1.29904 5.6
      vertex 2.425 2.425 5.6
      vertex 0.860364 1.22873 5.6
    endloop
  endfacet
  facet normal 0 0 -1
    outer loop
      vertex 0.633927 1.35946 5.6
      vertex 2.425 2.425 5.6
      vertex 0.75 1.29904 5.6
    endloop
  endfacet
  facet normal 0 0 -1
    outer loop
      vertex 0.51303 1.40954 5.6
      vertex 2.425 2.425 5.6
      vertex 0.633927 1.35946 5.6
    endloop
  endfacet
  facet normal 0 0 -1
    outer loop
      vertex 0.388228 1.44889 5.6
      vertex 2.425 2.425 5.6
      vertex 0.51303 1.40954 5.6
    endloop
  endfacet
  facet normal 0 0 -1
    outer loop
      vertex 0.260471 1.47721 5.6
      vertex 2.425 2.425 5.6
      vertex 0.388228 1.44889 5.6
    endloop
  endfacet
  facet normal 0 0 -1
    outer loop
      vertex 0.130733 1.49429 5.6
      vertex 2.425 2.425 5.6
      vertex 0.260471 1.47721 5.6
    endloop
  endfacet
  facet normal 0 0 -1
    outer loop
      vertex 0 1.5 5.6
      vertex 2.425 2.425 5.6
      vertex 0.130733 1.49429 5.6
    endloop
  endfacet
  facet normal 0 0 -1
    outer loop
      vertex -2.425 2.425 5.6
      vertex 0 1.5 5.6
      vertex -0.130733 1.49429 5.6
    endloop
  endfacet
  facet normal 0 0 -1
    outer loop
      vertex -2.425 2.425 5.6
      vertex -0.130733 1.49429 5.6
      vertex -0.260471 1.47721 5.6
    endloop
  endfacet
  facet normal 0 0 -1
    outer loop
      vertex -2.425 2.425 5.6
      vertex -0.260471 1.47721 5.6
      vertex -0.388228 1.44889 5.6
    endloop
  endfacet
  facet normal 0 0 -1
    outer loop
      vertex -2.425 2.425 5.6
      vertex -0.388228 1.44889 5.6
      vertex -0.51303 1.40954 5.6
    endloop
  endfacet
  facet normal 0 0 -1
    outer loop
      vertex -2.425 2.425 5.6
      vertex -1.5 0 5.6
      vertex -2.425 -2.425 5.6
    endloop
  endfacet
  facet normal 0 0 -1
    outer loop
      vertex -1.5 0 5.6
      vertex -2.425 2.425 5.6
      vertex -1.49429 0.130733 5.6
    endloop
  endfacet
  facet normal 0 0 -1
    outer loop
      vertex -1.49429 0.130733 5.6
      vertex -2.425 2.425 5.6
      vertex -1.47721 0.260471 5.6
    endloop
  endfacet
  facet normal 0 0 -1
    outer loop
      vertex -1.47721 0.260471 5.6
      vertex -2.425 2.425 5.6
      vertex -1.44889 0.388228 5.6
    endloop
  endfacet
  facet normal 0 0 -1
    outer loop
      vertex 0 1.5 5.6
      vertex -2.425 2.425 5.6
      vertex 2.425 2.425 5.6
    endloop
  endfacet
  facet normal 0 0 -1
    outer loop
      vertex -0.633927 1.35946 5.6
      vertex -2.425 2.425 5.6
      vertex -0.51303 1.40954 5.6
    endloop
  endfacet
  facet normal 0 0 -1
    outer loop
      vertex -0.75 1.29904 5.6
      vertex -2.425 2.425 5.6
      vertex -0.633927 1.35946 5.6
    endloop
  endfacet
  facet normal 0 0 -1
    outer loop
      vertex -0.860364 1.22873 5.6
      vertex -2.425 2.425 5.6
      vertex -0.75 1.29904 5.6
    endloop
  endfacet
  facet normal 0 0 -1
    outer loop
      vertex -0.964181 1.14907 5.6
      vertex -2.425 2.425 5.6
      vertex -0.860364 1.22873 5.6
    endloop
  endfacet
  facet normal 0 0 -1
    outer loop
      vertex -1.06066 1.06066 5.6
      vertex -2.425 2.425 5.6
      vertex -0.964181 1.14907 5.6
    endloop
  endfacet
  facet normal 0 0 -1
    outer loop
      vertex -1.14907 0.964181 5.6
      vertex -2.425 2.425 5.6
      vertex -1.06066 1.06066 5.6
    endloop
  endfacet
  facet normal 0 0 -1
    outer loop
      vertex -1.22873 0.860364 5.6
      vertex -2.425 2.425 5.6
      vertex -1.14907 0.964181 5.6
    endloop
  endfacet
  facet normal 0 0 -1
    outer loop
      vertex -1.29904 0.75 5.6
      vertex -2.425 2.425 5.6
      vertex -1.22873 0.860364 5.6
    endloop
  endfacet
  facet normal 0 0 -1
    outer loop
      vertex -1.35946 0.633927 5.6
      vertex -2.425 2.425 5.6
      vertex -1.29904 0.75 5.6
    endloop
  endfacet
  facet normal 0 0 -1
    outer loop
      vertex -1.40954 0.51303 5.6
      vertex -2.425 2.425 5.6
      vertex -1.35946 0.633927 5.6
    endloop
  endfacet
  facet normal 0 0 -1
    outer loop
      vertex -1.44889 0.388228 5.6
      vertex -2.425 2.425 5.6
      vertex -1.40954 0.51303 5.6
    endloop
  endfacet
  facet normal -1 0 0
    outer loop
      vertex 2.425 -2.425 0
      vertex 2.425 2.425 5.6
      vertex 2.425 2.425 0
    endloop
  endfacet
  facet normal -1 -0 0
    outer loop
      vertex 2.425 2.425 5.6
      vertex 2.425 -2.425 0
      vertex 2.425 -2.425 5.6
    endloop
  endfacet
  facet normal 0 -1 0
    outer loop
      vertex -2.425 2.425 0
      vertex 2.425 2.425 5.6
      vertex -2.425 2.425 5.6
    endloop
  endfacet
  facet normal 0 -1 -0
    outer loop
      vertex 2.425 2.425 5.6
      vertex -2.425 2.425 0
      vertex 2.425 2.425 0
    endloop
  endfacet
  facet normal 0 1 -0
    outer loop
      vertex 2.425 -2.425 0
      vertex -2.425 -2.425 5.6
      vertex 2.425 -2.425 5.6
    endloop
  endfacet
  facet normal 0 1 0
    outer loop
      vertex -2.425 -2.425 5.6
      vertex 2.425 -2.425 0
      vertex -2.425 -2.425 0
    endloop
  endfacet
  facet normal -0.999048 -0.0436325 0
    outer loop
      vertex 3.1 0 11.7
      vertex 3.0882 0.270183 14.5
      vertex 3.0882 0.270183 11.7
    endloop
  endfacet
  facet normal -0.999048 -0.0436325 0
    outer loop
      vertex 3.0882 0.270183 14.5
      vertex 3.1 0 11.7
      vertex 3.1 0 14.5
    endloop
  endfacet
  facet normal 0.999048 -0.0436325 0
    outer loop
      vertex -3.1 0 14.5
      vertex -3.0882 0.270183 11.7
      vertex -3.0882 0.270183 14.5
    endloop
  endfacet
  facet normal 0.999048 -0.0436325 0
    outer loop
      vertex -3.0882 0.270183 11.7
      vertex -3.1 0 14.5
      vertex -3.1 0 11.7
    endloop
  endfacet
  facet normal 0.0436325 -0.999048 0
    outer loop
      vertex -0.270183 3.0882 11.7
      vertex 0 3.1 14.5
      vertex -0.270183 3.0882 14.5
    endloop
  endfacet
  facet normal 0.0436325 -0.999048 0
    outer loop
      vertex 0 3.1 14.5
      vertex -0.270183 3.0882 11.7
      vertex 0 3.1 11.7
    endloop
  endfacet
  facet normal -0.0436325 0.999048 0
    outer loop
      vertex 0.270183 -3.0882 11.7
      vertex 0 -3.1 14.5
      vertex 0.270183 -3.0882 14.5
    endloop
  endfacet
  facet normal -0.0436325 0.999048 0
    outer loop
      vertex 0 -3.1 14.5
      vertex 0.270183 -3.0882 11.7
      vertex 0 -3.1 11.7
    endloop
  endfacet
  facet normal -0.675596 -0.737272 0
    outer loop
      vertex 1.99264 2.37474 11.7
      vertex 2.19203 2.19203 14.5
      vertex 1.99264 2.37474 14.5
    endloop
  endfacet
  facet normal -0.675596 -0.737272 -0
    outer loop
      vertex 2.19203 2.19203 14.5
      vertex 1.99264 2.37474 11.7
      vertex 2.19203 2.19203 11.7
    endloop
  endfacet
  facet normal 0.737272 -0.675596 0
    outer loop
      vertex -2.37474 1.99264 14.5
      vertex -2.19203 2.19203 11.7
      vertex -2.19203 2.19203 14.5
    endloop
  endfacet
  facet normal 0.737272 -0.675596 0
    outer loop
      vertex -2.19203 2.19203 11.7
      vertex -2.37474 1.99264 14.5
      vertex -2.37474 1.99264 11.7
    endloop
  endfacet
  facet normal 0.382698 -0.923874 0
    outer loop
      vertex -1.31012 2.80955 11.7
      vertex -1.06026 2.91305 14.5
      vertex -1.31012 2.80955 14.5
    endloop
  endfacet
  facet normal 0.382698 -0.923874 0
    outer loop
      vertex -1.06026 2.91305 14.5
      vertex -1.31012 2.80955 11.7
      vertex -1.06026 2.91305 11.7
    endloop
  endfacet
  facet normal -0.923874 -0.382698 0
    outer loop
      vertex 2.91305 1.06026 11.7
      vertex 2.80955 1.31012 14.5
      vertex 2.80955 1.31012 11.7
    endloop
  endfacet
  facet normal -0.923874 -0.382698 0
    outer loop
      vertex 2.80955 1.31012 14.5
      vertex 2.91305 1.06026 11.7
      vertex 2.91305 1.06026 14.5
    endloop
  endfacet
  facet normal -0.382698 -0.923874 0
    outer loop
      vertex 1.06026 2.91305 11.7
      vertex 1.31012 2.80955 14.5
      vertex 1.06026 2.91305 14.5
    endloop
  endfacet
  facet normal -0.382698 -0.923874 -0
    outer loop
      vertex 1.31012 2.80955 14.5
      vertex 1.06026 2.91305 11.7
      vertex 1.31012 2.80955 11.7
    endloop
  endfacet
  facet normal -0.537301 -0.84339 0
    outer loop
      vertex 1.55 2.68468 11.7
      vertex 1.77809 2.53937 14.5
      vertex 1.55 2.68468 14.5
    endloop
  endfacet
  facet normal -0.537301 -0.84339 -0
    outer loop
      vertex 1.77809 2.53937 14.5
      vertex 1.55 2.68468 11.7
      vertex 1.77809 2.53937 11.7
    endloop
  endfacet
  facet normal 0.887016 -0.461738 0
    outer loop
      vertex -2.80955 1.31012 14.5
      vertex -2.68468 1.55 11.7
      vertex -2.68468 1.55 14.5
    endloop
  endfacet
  facet normal 0.887016 -0.461738 0
    outer loop
      vertex -2.68468 1.55 11.7
      vertex -2.80955 1.31012 14.5
      vertex -2.80955 1.31012 11.7
    endloop
  endfacet
  facet normal 0.84339 -0.537301 0
    outer loop
      vertex -2.68468 1.55 14.5
      vertex -2.53937 1.77809 11.7
      vertex -2.53937 1.77809 14.5
    endloop
  endfacet
  facet normal 0.84339 -0.537301 0
    outer loop
      vertex -2.53937 1.77809 11.7
      vertex -2.68468 1.55 14.5
      vertex -2.68468 1.55 11.7
    endloop
  endfacet
  facet normal 0.216425 -0.976299 0
    outer loop
      vertex -0.802339 2.99437 11.7
      vertex -0.538309 3.0529 14.5
      vertex -0.802339 2.99437 14.5
    endloop
  endfacet
  facet normal 0.216425 -0.976299 0
    outer loop
      vertex -0.538309 3.0529 14.5
      vertex -0.802339 2.99437 11.7
      vertex -0.538309 3.0529 11.7
    endloop
  endfacet
  facet normal -0.300698 0.953719 0
    outer loop
      vertex 1.06026 -2.91305 11.7
      vertex 0.802339 -2.99437 14.5
      vertex 1.06026 -2.91305 14.5
    endloop
  endfacet
  facet normal -0.300698 0.953719 0
    outer loop
      vertex 0.802339 -2.99437 14.5
      vertex 1.06026 -2.91305 11.7
      vertex 0.802339 -2.99437 11.7
    endloop
  endfacet
  facet normal -0.976299 -0.216425 0
    outer loop
      vertex 3.0529 0.538309 11.7
      vertex 2.99437 0.802339 14.5
      vertex 2.99437 0.802339 11.7
    endloop
  endfacet
  facet normal -0.976299 -0.216425 0
    outer loop
      vertex 2.99437 0.802339 14.5
      vertex 3.0529 0.538309 11.7
      vertex 3.0529 0.538309 14.5
    endloop
  endfacet
  facet normal -0.991445 -0.130528 0
    outer loop
      vertex 3.0882 0.270183 11.7
      vertex 3.0529 0.538309 14.5
      vertex 3.0529 0.538309 11.7
    endloop
  endfacet
  facet normal -0.991445 -0.130528 0
    outer loop
      vertex 3.0529 0.538309 14.5
      vertex 3.0882 0.270183 11.7
      vertex 3.0882 0.270183 14.5
    endloop
  endfacet
  facet normal -0.953719 -0.300698 0
    outer loop
      vertex 2.99437 0.802339 11.7
      vertex 2.91305 1.06026 14.5
      vertex 2.91305 1.06026 11.7
    endloop
  endfacet
  facet normal -0.953719 -0.300698 0
    outer loop
      vertex 2.91305 1.06026 14.5
      vertex 2.99437 0.802339 11.7
      vertex 2.99437 0.802339 14.5
    endloop
  endfacet
  facet normal -0.793353 -0.608761 0
    outer loop
      vertex 2.53937 1.77809 11.7
      vertex 2.37474 1.99264 14.5
      vertex 2.37474 1.99264 11.7
    endloop
  endfacet
  facet normal -0.793353 -0.608761 0
    outer loop
      vertex 2.37474 1.99264 14.5
      vertex 2.53937 1.77809 11.7
      vertex 2.53937 1.77809 14.5
    endloop
  endfacet
  facet normal -0.737272 -0.675596 0
    outer loop
      vertex 2.37474 1.99264 11.7
      vertex 2.19203 2.19203 14.5
      vertex 2.19203 2.19203 11.7
    endloop
  endfacet
  facet normal -0.737272 -0.675596 0
    outer loop
      vertex 2.19203 2.19203 14.5
      vertex 2.37474 1.99264 11.7
      vertex 2.37474 1.99264 14.5
    endloop
  endfacet
  facet normal -0.130528 -0.991445 0
    outer loop
      vertex 0.270183 3.0882 11.7
      vertex 0.538309 3.0529 14.5
      vertex 0.270183 3.0882 14.5
    endloop
  endfacet
  facet normal -0.130528 -0.991445 -0
    outer loop
      vertex 0.538309 3.0529 14.5
      vertex 0.270183 3.0882 11.7
      vertex 0.538309 3.0529 11.7
    endloop
  endfacet
  facet normal -0.300698 -0.953719 0
    outer loop
      vertex 0.802339 2.99437 11.7
      vertex 1.06026 2.91305 14.5
      vertex 0.802339 2.99437 14.5
    endloop
  endfacet
  facet normal -0.300698 -0.953719 -0
    outer loop
      vertex 1.06026 2.91305 14.5
      vertex 0.802339 2.99437 11.7
      vertex 1.06026 2.91305 11.7
    endloop
  endfacet
  facet normal -0.0436325 -0.999048 0
    outer loop
      vertex 0 3.1 11.7
      vertex 0.270183 3.0882 14.5
      vertex 0 3.1 14.5
    endloop
  endfacet
  facet normal -0.0436325 -0.999048 -0
    outer loop
      vertex 0.270183 3.0882 14.5
      vertex 0 3.1 11.7
      vertex 0.270183 3.0882 11.7
    endloop
  endfacet
  facet normal -0.608761 -0.793353 0
    outer loop
      vertex 1.77809 2.53937 11.7
      vertex 1.99264 2.37474 14.5
      vertex 1.77809 2.53937 14.5
    endloop
  endfacet
  facet normal -0.608761 -0.793353 -0
    outer loop
      vertex 1.99264 2.37474 14.5
      vertex 1.77809 2.53937 11.7
      vertex 1.99264 2.37474 11.7
    endloop
  endfacet
  facet normal 0.976299 -0.216425 0
    outer loop
      vertex -3.0529 0.538309 14.5
      vertex -2.99437 0.802339 11.7
      vertex -2.99437 0.802339 14.5
    endloop
  endfacet
  facet normal 0.976299 -0.216425 0
    outer loop
      vertex -2.99437 0.802339 11.7
      vertex -3.0529 0.538309 14.5
      vertex -3.0529 0.538309 11.7
    endloop
  endfacet
  facet normal 0.923874 -0.382698 0
    outer loop
      vertex -2.91305 1.06026 14.5
      vertex -2.80955 1.31012 11.7
      vertex -2.80955 1.31012 14.5
    endloop
  endfacet
  facet normal 0.923874 -0.382698 0
    outer loop
      vertex -2.80955 1.31012 11.7
      vertex -2.91305 1.06026 14.5
      vertex -2.91305 1.06026 11.7
    endloop
  endfacet
  facet normal 0.991445 -0.130528 0
    outer loop
      vertex -3.0882 0.270183 14.5
      vertex -3.0529 0.538309 11.7
      vertex -3.0529 0.538309 14.5
    endloop
  endfacet
  facet normal 0.991445 -0.130528 0
    outer loop
      vertex -3.0529 0.538309 11.7
      vertex -3.0882 0.270183 14.5
      vertex -3.0882 0.270183 11.7
    endloop
  endfacet
  facet normal 0.608761 -0.793353 0
    outer loop
      vertex -1.99264 2.37474 11.7
      vertex -1.77809 2.53937 14.5
      vertex -1.99264 2.37474 14.5
    endloop
  endfacet
  facet normal 0.608761 -0.793353 0
    outer loop
      vertex -1.77809 2.53937 14.5
      vertex -1.99264 2.37474 11.7
      vertex -1.77809 2.53937 11.7
    endloop
  endfacet
  facet normal 0.300698 -0.953719 0
    outer loop
      vertex -1.06026 2.91305 11.7
      vertex -0.802339 2.99437 14.5
      vertex -1.06026 2.91305 14.5
    endloop
  endfacet
  facet normal 0.300698 -0.953719 0
    outer loop
      vertex -0.802339 2.99437 14.5
      vertex -1.06026 2.91305 11.7
      vertex -0.802339 2.99437 11.7
    endloop
  endfacet
  facet normal 0.130528 -0.991445 0
    outer loop
      vertex -0.538309 3.0529 11.7
      vertex -0.270183 3.0882 14.5
      vertex -0.538309 3.0529 14.5
    endloop
  endfacet
  facet normal 0.130528 -0.991445 0
    outer loop
      vertex -0.270183 3.0882 14.5
      vertex -0.538309 3.0529 11.7
      vertex -0.270183 3.0882 11.7
    endloop
  endfacet
  facet normal -0.999048 0.0436325 0
    outer loop
      vertex 3.0882 -0.270183 11.7
      vertex 3.1 0 14.5
      vertex 3.1 0 11.7
    endloop
  endfacet
  facet normal -0.999048 0.0436325 0
    outer loop
      vertex 3.1 0 14.5
      vertex 3.0882 -0.270183 11.7
      vertex 3.0882 -0.270183 14.5
    endloop
  endfacet
  facet normal -0.737272 0.675596 0
    outer loop
      vertex 2.19203 -2.19203 11.7
      vertex 2.37474 -1.99264 14.5
      vertex 2.37474 -1.99264 11.7
    endloop
  endfacet
  facet normal -0.737272 0.675596 0
    outer loop
      vertex 2.37474 -1.99264 14.5
      vertex 2.19203 -2.19203 11.7
      vertex 2.19203 -2.19203 14.5
    endloop
  endfacet
  facet normal -0.887016 0.461738 0
    outer loop
      vertex 2.68468 -1.55 11.7
      vertex 2.80955 -1.31012 14.5
      vertex 2.80955 -1.31012 11.7
    endloop
  endfacet
  facet normal -0.887016 0.461738 0
    outer loop
      vertex 2.80955 -1.31012 14.5
      vertex 2.68468 -1.55 11.7
      vertex 2.68468 -1.55 14.5
    endloop
  endfacet
  facet normal 0 0 1
    outer loop
      vertex 1.5 0 11.7
      vertex 3.1 0 11.7
      vertex 3.0882 0.270183 11.7
    endloop
  endfacet
  facet normal 0 0 1
    outer loop
      vertex 1.49429 0.130733 11.7
      vertex 3.0882 0.270183 11.7
      vertex 3.0529 0.538309 11.7
    endloop
  endfacet
  facet normal 0 0 1
    outer loop
      vertex 3.1 0 11.7
      vertex 1.5 0 11.7
      vertex 3.0882 -0.270183 11.7
    endloop
  endfacet
  facet normal 0 0 1
    outer loop
      vertex 1.47721 0.260471 11.7
      vertex 3.0529 0.538309 11.7
      vertex 2.99437 0.802339 11.7
    endloop
  endfacet
  facet normal -0 0 1
    outer loop
      vertex 1.49429 -0.130733 11.7
      vertex 3.0882 -0.270183 11.7
      vertex 1.5 0 11.7
    endloop
  endfacet
  facet normal 0 0 1
    outer loop
      vertex 1.44889 0.388228 11.7
      vertex 2.99437 0.802339 11.7
      vertex 2.91305 1.06026 11.7
    endloop
  endfacet
  facet normal 0 0 1
    outer loop
      vertex 3.0882 -0.270183 11.7
      vertex 1.49429 -0.130733 11.7
      vertex 3.0529 -0.538309 11.7
    endloop
  endfacet
  facet normal 0 0 1
    outer loop
      vertex 1.40954 0.51303 11.7
      vertex 2.91305 1.06026 11.7
      vertex 2.80955 1.31012 11.7
    endloop
  endfacet
  facet normal -0 0 1
    outer loop
      vertex 1.47721 -0.260471 11.7
      vertex 3.0529 -0.538309 11.7
      vertex 1.49429 -0.130733 11.7
    endloop
  endfacet
  facet normal 0 0 1
    outer loop
      vertex 1.35946 0.633927 11.7
      vertex 2.80955 1.31012 11.7
      vertex 2.68468 1.55 11.7
    endloop
  endfacet
  facet normal 0 0 1
    outer loop
      vertex 3.0529 -0.538309 11.7
      vertex 1.47721 -0.260471 11.7
      vertex 2.99437 -0.802339 11.7
    endloop
  endfacet
  facet normal 0 0 1
    outer loop
      vertex 1.29904 0.75 11.7
      vertex 2.68468 1.55 11.7
      vertex 2.53937 1.77809 11.7
    endloop
  endfacet
  facet normal -0 0 1
    outer loop
      vertex 1.44889 -0.388228 11.7
      vertex 2.99437 -0.802339 11.7
      vertex 1.47721 -0.260471 11.7
    endloop
  endfacet
  facet normal 0 0 1
    outer loop
      vertex 1.22873 0.860364 11.7
      vertex 2.53937 1.77809 11.7
      vertex 2.37474 1.99264 11.7
    endloop
  endfacet
  facet normal 0 0 1
    outer loop
      vertex 2.99437 -0.802339 11.7
      vertex 1.44889 -0.388228 11.7
      vertex 2.91305 -1.06026 11.7
    endloop
  endfacet
  facet normal 0 0 1
    outer loop
      vertex 1.14907 0.964181 11.7
      vertex 2.37474 1.99264 11.7
      vertex 2.19203 2.19203 11.7
    endloop
  endfacet
  facet normal -0 0 1
    outer loop
      vertex 1.40954 -0.51303 11.7
      vertex 2.91305 -1.06026 11.7
      vertex 1.44889 -0.388228 11.7
    endloop
  endfacet
  facet normal 0 0 1
    outer loop
      vertex 1.06066 1.06066 11.7
      vertex 2.19203 2.19203 11.7
      vertex 1.99264 2.37474 11.7
    endloop
  endfacet
  facet normal 0 0 1
    outer loop
      vertex 2.91305 -1.06026 11.7
      vertex 1.40954 -0.51303 11.7
      vertex 2.80955 -1.31012 11.7
    endloop
  endfacet
  facet normal 0 0 1
    outer loop
      vertex 0.964181 1.14907 11.7
      vertex 1.99264 2.37474 11.7
      vertex 1.77809 2.53937 11.7
    endloop
  endfacet
  facet normal -0 0 1
    outer loop
      vertex 1.35946 -0.633927 11.7
      vertex 2.80955 -1.31012 11.7
      vertex 1.40954 -0.51303 11.7
    endloop
  endfacet
  facet normal 0 0 1
    outer loop
      vertex 0.860364 1.22873 11.7
      vertex 1.77809 2.53937 11.7
      vertex 1.55 2.68468 11.7
    endloop
  endfacet
  facet normal 0 0 1
    outer loop
      vertex 2.80955 -1.31012 11.7
      vertex 1.35946 -0.633927 11.7
      vertex 2.68468 -1.55 11.7
    endloop
  endfacet
  facet normal -0 0 1
    outer loop
      vertex 1.29904 -0.75 11.7
      vertex 2.68468 -1.55 11.7
      vertex 1.35946 -0.633927 11.7
    endloop
  endfacet
  facet normal 0 0 1
    outer loop
      vertex 3.0882 0.270183 11.7
      vertex 1.49429 0.130733 11.7
      vertex 1.5 0 11.7
    endloop
  endfacet
  facet normal 0 0 1
    outer loop
      vertex 3.0529 0.538309 11.7
      vertex 1.47721 0.260471 11.7
      vertex 1.49429 0.130733 11.7
    endloop
  endfacet
  facet normal 0 0 1
    outer loop
      vertex 2.99437 0.802339 11.7
      vertex 1.44889 0.388228 11.7
      vertex 1.47721 0.260471 11.7
    endloop
  endfacet
  facet normal 0 0 1
    outer loop
      vertex 2.91305 1.06026 11.7
      vertex 1.40954 0.51303 11.7
      vertex 1.44889 0.388228 11.7
    endloop
  endfacet
  facet normal 0 0 1
    outer loop
      vertex 2.80955 1.31012 11.7
      vertex 1.35946 0.633927 11.7
      vertex 1.40954 0.51303 11.7
    endloop
  endfacet
  facet normal 0 0 1
    outer loop
      vertex 0.75 1.29904 11.7
      vertex 1.55 2.68468 11.7
      vertex 1.31012 2.80955 11.7
    endloop
  endfacet
  facet normal 0 0 1
    outer loop
      vertex 2.68468 1.55 11.7
      vertex 1.29904 0.75 11.7
      vertex 1.35946 0.633927 11.7
    endloop
  endfacet
  facet normal 0 0 1
    outer loop
      vertex 2.53937 1.77809 11.7
      vertex 1.22873 0.860364 11.7
      vertex 1.29904 0.75 11.7
    endloop
  endfacet
  facet normal 0 0 1
    outer loop
      vertex 2.37474 1.99264 11.7
      vertex 1.14907 0.964181 11.7
      vertex 1.22873 0.860364 11.7
    endloop
  endfacet
  facet normal 0 0 1
    outer loop
      vertex 2.19203 2.19203 11.7
      vertex 1.06066 1.06066 11.7
      vertex 1.14907 0.964181 11.7
    endloop
  endfacet
  facet normal 0 0 1
    outer loop
      vertex 0.633927 1.35946 11.7
      vertex 1.31012 2.80955 11.7
      vertex 1.06026 2.91305 11.7
    endloop
  endfacet
  facet normal 0 0 1
    outer loop
      vertex 1.99264 2.37474 11.7
      vertex 0.964181 1.14907 11.7
      vertex 1.06066 1.06066 11.7
    endloop
  endfacet
  facet normal 0 0 1
    outer loop
      vertex 1.77809 2.53937 11.7
      vertex 0.860364 1.22873 11.7
      vertex 0.964181 1.14907 11.7
    endloop
  endfacet
  facet normal 0 0 1
    outer loop
      vertex 0.51303 1.40954 11.7
      vertex 1.06026 2.91305 11.7
      vertex 0.802339 2.99437 11.7
    endloop
  endfacet
  facet normal 0 0 1
    outer loop
      vertex 1.55 2.68468 11.7
      vertex 0.75 1.29904 11.7
      vertex 0.860364 1.22873 11.7
    endloop
  endfacet
  facet normal 0 0 1
    outer loop
      vertex 1.31012 2.80955 11.7
      vertex 0.633927 1.35946 11.7
      vertex 0.75 1.29904 11.7
    endloop
  endfacet
  facet normal 0 0 1
    outer loop
      vertex 0.388228 1.44889 11.7
      vertex 0.802339 2.99437 11.7
      vertex 0.538309 3.0529 11.7
    endloop
  endfacet
  facet normal 0 0 1
    outer loop
      vertex 1.06026 2.91305 11.7
      vertex 0.51303 1.40954 11.7
      vertex 0.633927 1.35946 11.7
    endloop
  endfacet
  facet normal 0 0 1
    outer loop
      vertex 0.802339 2.99437 11.7
      vertex 0.388228 1.44889 11.7
      vertex 0.51303 1.40954 11.7
    endloop
  endfacet
  facet normal 0 0 1
    outer loop
      vertex 0.260471 1.47721 11.7
      vertex 0.538309 3.0529 11.7
      vertex 0.270183 3.0882 11.7
    endloop
  endfacet
  facet normal 0 0 1
    outer loop
      vertex 0.538309 3.0529 11.7
      vertex 0.260471 1.47721 11.7
      vertex 0.388228 1.44889 11.7
    endloop
  endfacet
  facet normal 0 0 1
    outer loop
      vertex 0.270183 3.0882 11.7
      vertex 0.130733 1.49429 11.7
      vertex 0.260471 1.47721 11.7
    endloop
  endfacet
  facet normal 0 0 1
    outer loop
      vertex 0 3.1 11.7
      vertex 0.130733 1.49429 11.7
      vertex 0.270183 3.0882 11.7
    endloop
  endfacet
  facet normal 0 0 1
    outer loop
      vertex 0 3.1 11.7
      vertex 0 1.5 11.7
      vertex 0.130733 1.49429 11.7
    endloop
  endfacet
  facet normal 0 0 1
    outer loop
      vertex 0 3.1 11.7
      vertex -0.130733 1.49429 11.7
      vertex 0 1.5 11.7
    endloop
  endfacet
  facet normal -0 0 1
    outer loop
      vertex -0.270183 3.0882 11.7
      vertex -0.130733 1.49429 11.7
      vertex 0 3.1 11.7
    endloop
  endfacet
  facet normal 0 0 1
    outer loop
      vertex -0.130733 1.49429 11.7
      vertex -0.270183 3.0882 11.7
      vertex -0.260471 1.47721 11.7
    endloop
  endfacet
  facet normal -0 0 1
    outer loop
      vertex -0.538309 3.0529 11.7
      vertex -0.260471 1.47721 11.7
      vertex -0.270183 3.0882 11.7
    endloop
  endfacet
  facet normal 0 0 1
    outer loop
      vertex -0.260471 1.47721 11.7
      vertex -0.538309 3.0529 11.7
      vertex -0.388228 1.44889 11.7
    endloop
  endfacet
  facet normal -0 0 1
    outer loop
      vertex -0.802339 2.99437 11.7
      vertex -0.388228 1.44889 11.7
      vertex -0.538309 3.0529 11.7
    endloop
  endfacet
  facet normal 0 0 1
    outer loop
      vertex -0.388228 1.44889 11.7
      vertex -0.802339 2.99437 11.7
      vertex -0.51303 1.40954 11.7
    endloop
  endfacet
  facet normal -0 0 1
    outer loop
      vertex -1.06026 2.91305 11.7
      vertex -0.51303 1.40954 11.7
      vertex -0.802339 2.99437 11.7
    endloop
  endfacet
  facet normal 0 0 1
    outer loop
      vertex -0.51303 1.40954 11.7
      vertex -1.06026 2.91305 11.7
      vertex -0.633927 1.35946 11.7
    endloop
  endfacet
  facet normal -0 0 1
    outer loop
      vertex -1.31012 2.80955 11.7
      vertex -0.633927 1.35946 11.7
      vertex -1.06026 2.91305 11.7
    endloop
  endfacet
  facet normal 0 0 1
    outer loop
      vertex -0.633927 1.35946 11.7
      vertex -1.31012 2.80955 11.7
      vertex -0.75 1.29904 11.7
    endloop
  endfacet
  facet normal -0 0 1
    outer loop
      vertex -1.55 2.68468 11.7
      vertex -0.75 1.29904 11.7
      vertex -1.31012 2.80955 11.7
    endloop
  endfacet
  facet normal 0 0 1
    outer loop
      vertex -0.75 1.29904 11.7
      vertex -1.55 2.68468 11.7
      vertex -0.860364 1.22873 11.7
    endloop
  endfacet
  facet normal -0 0 1
    outer loop
      vertex -1.77809 2.53937 11.7
      vertex -0.860364 1.22873 11.7
      vertex -1.55 2.68468 11.7
    endloop
  endfacet
  facet normal 0 0 1
    outer loop
      vertex -0.860364 1.22873 11.7
      vertex -1.77809 2.53937 11.7
      vertex -0.964181 1.14907 11.7
    endloop
  endfacet
  facet normal -0 0 1
    outer loop
      vertex -1.99264 2.37474 11.7
      vertex -0.964181 1.14907 11.7
      vertex -1.77809 2.53937 11.7
    endloop
  endfacet
  facet normal 0 0 1
    outer loop
      vertex -0.964181 1.14907 11.7
      vertex -1.99264 2.37474 11.7
      vertex -1.06066 1.06066 11.7
    endloop
  endfacet
  facet normal -0 0 1
    outer loop
      vertex -2.19203 2.19203 11.7
      vertex -1.06066 1.06066 11.7
      vertex -1.99264 2.37474 11.7
    endloop
  endfacet
  facet normal 0 0 1
    outer loop
      vertex -1.06066 1.06066 11.7
      vertex -2.19203 2.19203 11.7
      vertex -1.14907 0.964181 11.7
    endloop
  endfacet
  facet normal -0 0 1
    outer loop
      vertex -2.37474 1.99264 11.7
      vertex -1.14907 0.964181 11.7
      vertex -2.19203 2.19203 11.7
    endloop
  endfacet
  facet normal 0 0 1
    outer loop
      vertex -1.14907 0.964181 11.7
      vertex -2.37474 1.99264 11.7
      vertex -1.22873 0.860364 11.7
    endloop
  endfacet
  facet normal -0 0 1
    outer loop
      vertex -2.53937 1.77809 11.7
      vertex -1.22873 0.860364 11.7
      vertex -2.37474 1.99264 11.7
    endloop
  endfacet
  facet normal -0 0 1
    outer loop
      vertex -2.68468 1.55 11.7
      vertex -1.29904 0.75 11.7
      vertex -2.53937 1.77809 11.7
    endloop
  endfacet
  facet normal 0 0 1
    outer loop
      vertex -1.22873 0.860364 11.7
      vertex -2.53937 1.77809 11.7
      vertex -1.29904 0.75 11.7
    endloop
  endfacet
  facet normal 0 0 1
    outer loop
      vertex 2.68468 -1.55 11.7
      vertex 1.29904 -0.75 11.7
      vertex 2.53937 -1.77809 11.7
    endloop
  endfacet
  facet normal -0 0 1
    outer loop
      vertex 1.22873 -0.860364 11.7
      vertex 2.53937 -1.77809 11.7
      vertex 1.29904 -0.75 11.7
    endloop
  endfacet
  facet normal 0 0 1
    outer loop
      vertex 2.53937 -1.77809 11.7
      vertex 1.22873 -0.860364 11.7
      vertex 2.37474 -1.99264 11.7
    endloop
  endfacet
  facet normal -0 0 1
    outer loop
      vertex 1.14907 -0.964181 11.7
      vertex 2.37474 -1.99264 11.7
      vertex 1.22873 -0.860364 11.7
    endloop
  endfacet
  facet normal 0 0 1
    outer loop
      vertex 2.37474 -1.99264 11.7
      vertex 1.14907 -0.964181 11.7
      vertex 2.19203 -2.19203 11.7
    endloop
  endfacet
  facet normal -0 0 1
    outer loop
      vertex 1.06066 -1.06066 11.7
      vertex 2.19203 -2.19203 11.7
      vertex 1.14907 -0.964181 11.7
    endloop
  endfacet
  facet normal 0 0 1
    outer loop
      vertex 2.19203 -2.19203 11.7
      vertex 1.06066 -1.06066 11.7
      vertex 1.99264 -2.37474 11.7
    endloop
  endfacet
  facet normal -0 0 1
    outer loop
      vertex 0.964181 -1.14907 11.7
      vertex 1.99264 -2.37474 11.7
      vertex 1.06066 -1.06066 11.7
    endloop
  endfacet
  facet normal 0 0 1
    outer loop
      vertex 1.99264 -2.37474 11.7
      vertex 0.964181 -1.14907 11.7
      vertex 1.77809 -2.53937 11.7
    endloop
  endfacet
  facet normal -0 0 1
    outer loop
      vertex 0.860364 -1.22873 11.7
      vertex 1.77809 -2.53937 11.7
      vertex 0.964181 -1.14907 11.7
    endloop
  endfacet
  facet normal 0 0 1
    outer loop
      vertex 1.77809 -2.53937 11.7
      vertex 0.860364 -1.22873 11.7
      vertex 1.55 -2.68468 11.7
    endloop
  endfacet
  facet normal -0 0 1
    outer loop
      vertex 0.75 -1.29904 11.7
      vertex 1.55 -2.68468 11.7
      vertex 0.860364 -1.22873 11.7
    endloop
  endfacet
  facet normal 0 0 1
    outer loop
      vertex 1.55 -2.68468 11.7
      vertex 0.75 -1.29904 11.7
      vertex 1.31012 -2.80955 11.7
    endloop
  endfacet
  facet normal -0 0 1
    outer loop
      vertex 0.633927 -1.35946 11.7
      vertex 1.31012 -2.80955 11.7
      vertex 0.75 -1.29904 11.7
    endloop
  endfacet
  facet normal 0 0 1
    outer loop
      vertex 1.31012 -2.80955 11.7
      vertex 0.633927 -1.35946 11.7
      vertex 1.06026 -2.91305 11.7
    endloop
  endfacet
  facet normal -0 0 1
    outer loop
      vertex 0.51303 -1.40954 11.7
      vertex 1.06026 -2.91305 11.7
      vertex 0.633927 -1.35946 11.7
    endloop
  endfacet
  facet normal 0 0 1
    outer loop
      vertex 1.06026 -2.91305 11.7
      vertex 0.51303 -1.40954 11.7
      vertex 0.802339 -2.99437 11.7
    endloop
  endfacet
  facet normal -0 0 1
    outer loop
      vertex 0.388228 -1.44889 11.7
      vertex 0.802339 -2.99437 11.7
      vertex 0.51303 -1.40954 11.7
    endloop
  endfacet
  facet normal 0 0 1
    outer loop
      vertex 0.802339 -2.99437 11.7
      vertex 0.388228 -1.44889 11.7
      vertex 0.538309 -3.0529 11.7
    endloop
  endfacet
  facet normal -0 0 1
    outer loop
      vertex 0.260471 -1.47721 11.7
      vertex 0.538309 -3.0529 11.7
      vertex 0.388228 -1.44889 11.7
    endloop
  endfacet
  facet normal 0 0 1
    outer loop
      vertex 0.538309 -3.0529 11.7
      vertex 0.260471 -1.47721 11.7
      vertex 0.270183 -3.0882 11.7
    endloop
  endfacet
  facet normal -0 0 1
    outer loop
      vertex 0.130733 -1.49429 11.7
      vertex 0.270183 -3.0882 11.7
      vertex 0.260471 -1.47721 11.7
    endloop
  endfacet
  facet normal -0 0 1
    outer loop
      vertex 0 -1.5 11.7
      vertex 0.270183 -3.0882 11.7
      vertex 0.130733 -1.49429 11.7
    endloop
  endfacet
  facet normal 0 0 1
    outer loop
      vertex 0 -1.5 11.7
      vertex 0 -3.1 11.7
      vertex 0.270183 -3.0882 11.7
    endloop
  endfacet
  facet normal 0 0 1
    outer loop
      vertex -0.130733 -1.49429 11.7
      vertex 0 -3.1 11.7
      vertex 0 -1.5 11.7
    endloop
  endfacet
  facet normal 0 0 1
    outer loop
      vertex -0.270183 -3.0882 11.7
      vertex -0.130733 -1.49429 11.7
      vertex -0.260471 -1.47721 11.7
    endloop
  endfacet
  facet normal 0 0 1
    outer loop
      vertex -0.130733 -1.49429 11.7
      vertex -0.270183 -3.0882 11.7
      vertex 0 -3.1 11.7
    endloop
  endfacet
  facet normal 0 0 1
    outer loop
      vertex -0.538309 -3.0529 11.7
      vertex -0.260471 -1.47721 11.7
      vertex -0.388228 -1.44889 11.7
    endloop
  endfacet
  facet normal 0 0 1
    outer loop
      vertex -0.802339 -2.99437 11.7
      vertex -0.388228 -1.44889 11.7
      vertex -0.51303 -1.40954 11.7
    endloop
  endfacet
  facet normal 0 0 1
    outer loop
      vertex -0.260471 -1.47721 11.7
      vertex -0.538309 -3.0529 11.7
      vertex -0.270183 -3.0882 11.7
    endloop
  endfacet
  facet normal 0 0 1
    outer loop
      vertex -1.06026 -2.91305 11.7
      vertex -0.51303 -1.40954 11.7
      vertex -0.633927 -1.35946 11.7
    endloop
  endfacet
  facet normal 0 0 1
    outer loop
      vertex -1.31012 -2.80955 11.7
      vertex -0.633927 -1.35946 11.7
      vertex -0.75 -1.29904 11.7
    endloop
  endfacet
  facet normal 0 0 1
    outer loop
      vertex -0.388228 -1.44889 11.7
      vertex -0.802339 -2.99437 11.7
      vertex -0.538309 -3.0529 11.7
    endloop
  endfacet
  facet normal 0 0 1
    outer loop
      vertex -1.55 -2.68468 11.7
      vertex -0.75 -1.29904 11.7
      vertex -0.860364 -1.22873 11.7
    endloop
  endfacet
  facet normal 0 0 1
    outer loop
      vertex -1.77809 -2.53937 11.7
      vertex -0.860364 -1.22873 11.7
      vertex -0.964181 -1.14907 11.7
    endloop
  endfacet
  facet normal 0 0 1
    outer loop
      vertex -0.51303 -1.40954 11.7
      vertex -1.06026 -2.91305 11.7
      vertex -0.802339 -2.99437 11.7
    endloop
  endfacet
  facet normal 0 0 1
    outer loop
      vertex -1.99264 -2.37474 11.7
      vertex -0.964181 -1.14907 11.7
      vertex -1.06066 -1.06066 11.7
    endloop
  endfacet
  facet normal 0 0 1
    outer loop
      vertex -2.19203 -2.19203 11.7
      vertex -1.06066 -1.06066 11.7
      vertex -1.14907 -0.964181 11.7
    endloop
  endfacet
  facet normal 0 0 1
    outer loop
      vertex -2.37474 -1.99264 11.7
      vertex -1.14907 -0.964181 11.7
      vertex -1.22873 -0.860364 11.7
    endloop
  endfacet
  facet normal 0 0 1
    outer loop
      vertex -2.53937 -1.77809 11.7
      vertex -1.22873 -0.860364 11.7
      vertex -1.29904 -0.75 11.7
    endloop
  endfacet
  facet normal 0 0 1
    outer loop
      vertex -0.633927 -1.35946 11.7
      vertex -1.31012 -2.80955 11.7
      vertex -1.06026 -2.91305 11.7
    endloop
  endfacet
  facet normal 0 0 1
    outer loop
      vertex -2.68468 -1.55 11.7
      vertex -1.29904 -0.75 11.7
      vertex -1.35946 -0.633927 11.7
    endloop
  endfacet
  facet normal 0 0 1
    outer loop
      vertex -2.80955 -1.31012 11.7
      vertex -1.35946 -0.633927 11.7
      vertex -1.40954 -0.51303 11.7
    endloop
  endfacet
  facet normal 0 0 1
    outer loop
      vertex -2.91305 -1.06026 11.7
      vertex -1.40954 -0.51303 11.7
      vertex -1.44889 -0.388228 11.7
    endloop
  endfacet
  facet normal 0 0 1
    outer loop
      vertex -2.99437 -0.802339 11.7
      vertex -1.44889 -0.388228 11.7
      vertex -1.47721 -0.260471 11.7
    endloop
  endfacet
  facet normal 0 0 1
    outer loop
      vertex -3.0529 -0.538309 11.7
      vertex -1.47721 -0.260471 11.7
      vertex -1.49429 -0.130733 11.7
    endloop
  endfacet
  facet normal 0 0 1
    outer loop
      vertex -0.75 -1.29904 11.7
      vertex -1.55 -2.68468 11.7
      vertex -1.31012 -2.80955 11.7
    endloop
  endfacet
  facet normal 0 0 1
    outer loop
      vertex -3.0882 -0.270183 11.7
      vertex -1.49429 -0.130733 11.7
      vertex -1.5 0 11.7
    endloop
  endfacet
  facet normal 0 0 1
    outer loop
      vertex -1.29904 0.75 11.7
      vertex -2.68468 1.55 11.7
      vertex -1.35946 0.633927 11.7
    endloop
  endfacet
  facet normal -0 0 1
    outer loop
      vertex -2.80955 1.31012 11.7
      vertex -1.35946 0.633927 11.7
      vertex -2.68468 1.55 11.7
    endloop
  endfacet
  facet normal 0 0 1
    outer loop
      vertex -0.860364 -1.22873 11.7
      vertex -1.77809 -2.53937 11.7
      vertex -1.55 -2.68468 11.7
    endloop
  endfacet
  facet normal 0 0 1
    outer loop
      vertex -1.35946 0.633927 11.7
      vertex -2.80955 1.31012 11.7
      vertex -1.40954 0.51303 11.7
    endloop
  endfacet
  facet normal 0 0 1
    outer loop
      vertex -0.964181 -1.14907 11.7
      vertex -1.99264 -2.37474 11.7
      vertex -1.77809 -2.53937 11.7
    endloop
  endfacet
  facet normal -0 0 1
    outer loop
      vertex -2.91305 1.06026 11.7
      vertex -1.40954 0.51303 11.7
      vertex -2.80955 1.31012 11.7
    endloop
  endfacet
  facet normal 0 0 1
    outer loop
      vertex -1.06066 -1.06066 11.7
      vertex -2.19203 -2.19203 11.7
      vertex -1.99264 -2.37474 11.7
    endloop
  endfacet
  facet normal 0 0 1
    outer loop
      vertex -1.40954 0.51303 11.7
      vertex -2.91305 1.06026 11.7
      vertex -1.44889 0.388228 11.7
    endloop
  endfacet
  facet normal 0 0 1
    outer loop
      vertex -1.14907 -0.964181 11.7
      vertex -2.37474 -1.99264 11.7
      vertex -2.19203 -2.19203 11.7
    endloop
  endfacet
  facet normal -0 0 1
    outer loop
      vertex -2.99437 0.802339 11.7
      vertex -1.44889 0.388228 11.7
      vertex -2.91305 1.06026 11.7
    endloop
  endfacet
  facet normal 0 0 1
    outer loop
      vertex -1.22873 -0.860364 11.7
      vertex -2.53937 -1.77809 11.7
      vertex -2.37474 -1.99264 11.7
    endloop
  endfacet
  facet normal 0 0 1
    outer loop
      vertex -1.44889 0.388228 11.7
      vertex -2.99437 0.802339 11.7
      vertex -1.47721 0.260471 11.7
    endloop
  endfacet
  facet normal 0 0 1
    outer loop
      vertex -1.29904 -0.75 11.7
      vertex -2.68468 -1.55 11.7
      vertex -2.53937 -1.77809 11.7
    endloop
  endfacet
  facet normal -0 0 1
    outer loop
      vertex -3.0529 0.538309 11.7
      vertex -1.47721 0.260471 11.7
      vertex -2.99437 0.802339 11.7
    endloop
  endfacet
  facet normal 0 0 1
    outer loop
      vertex -1.35946 -0.633927 11.7
      vertex -2.80955 -1.31012 11.7
      vertex -2.68468 -1.55 11.7
    endloop
  endfacet
  facet normal 0 0 1
    outer loop
      vertex -1.47721 0.260471 11.7
      vertex -3.0529 0.538309 11.7
      vertex -1.49429 0.130733 11.7
    endloop
  endfacet
  facet normal 0 0 1
    outer loop
      vertex -1.40954 -0.51303 11.7
      vertex -2.91305 -1.06026 11.7
      vertex -2.80955 -1.31012 11.7
    endloop
  endfacet
  facet normal -0 0 1
    outer loop
      vertex -3.0882 0.270183 11.7
      vertex -1.49429 0.130733 11.7
      vertex -3.0529 0.538309 11.7
    endloop
  endfacet
  facet normal 0 0 1
    outer loop
      vertex -1.44889 -0.388228 11.7
      vertex -2.99437 -0.802339 11.7
      vertex -2.91305 -1.06026 11.7
    endloop
  endfacet
  facet normal 0 0 1
    outer loop
      vertex -1.49429 0.130733 11.7
      vertex -3.0882 0.270183 11.7
      vertex -1.5 0 11.7
    endloop
  endfacet
  facet normal 0 0 1
    outer loop
      vertex -1.47721 -0.260471 11.7
      vertex -3.0529 -0.538309 11.7
      vertex -2.99437 -0.802339 11.7
    endloop
  endfacet
  facet normal 0 0 1
    outer loop
      vertex -3.1 0 11.7
      vertex -1.5 0 11.7
      vertex -3.0882 0.270183 11.7
    endloop
  endfacet
  facet normal 0 0 1
    outer loop
      vertex -1.49429 -0.130733 11.7
      vertex -3.0882 -0.270183 11.7
      vertex -3.0529 -0.538309 11.7
    endloop
  endfacet
  facet normal 0 0 1
    outer loop
      vertex -1.5 0 11.7
      vertex -3.1 0 11.7
      vertex -3.0882 -0.270183 11.7
    endloop
  endfacet
  facet normal -0.382698 0.923874 0
    outer loop
      vertex 1.31012 -2.80955 11.7
      vertex 1.06026 -2.91305 14.5
      vertex 1.31012 -2.80955 14.5
    endloop
  endfacet
  facet normal -0.382698 0.923874 0
    outer loop
      vertex 1.06026 -2.91305 14.5
      vertex 1.31012 -2.80955 11.7
      vertex 1.06026 -2.91305 11.7
    endloop
  endfacet
  facet normal -0.84339 -0.537301 0
    outer loop
      vertex 2.68468 1.55 11.7
      vertex 2.53937 1.77809 14.5
      vertex 2.53937 1.77809 11.7
    endloop
  endfacet
  facet normal -0.84339 -0.537301 0
    outer loop
      vertex 2.53937 1.77809 14.5
      vertex 2.68468 1.55 11.7
      vertex 2.68468 1.55 14.5
    endloop
  endfacet
  facet normal -0.887016 -0.461738 0
    outer loop
      vertex 2.80955 1.31012 11.7
      vertex 2.68468 1.55 14.5
      vertex 2.68468 1.55 11.7
    endloop
  endfacet
  facet normal -0.887016 -0.461738 0
    outer loop
      vertex 2.68468 1.55 14.5
      vertex 2.80955 1.31012 11.7
      vertex 2.80955 1.31012 14.5
    endloop
  endfacet
  facet normal -0.216425 -0.976299 0
    outer loop
      vertex 0.538309 3.0529 11.7
      vertex 0.802339 2.99437 14.5
      vertex 0.538309 3.0529 14.5
    endloop
  endfacet
  facet normal -0.216425 -0.976299 -0
    outer loop
      vertex 0.802339 2.99437 14.5
      vertex 0.538309 3.0529 11.7
      vertex 0.802339 2.99437 11.7
    endloop
  endfacet
  facet normal -0.461738 -0.887016 0
    outer loop
      vertex 1.31012 2.80955 11.7
      vertex 1.55 2.68468 14.5
      vertex 1.31012 2.80955 14.5
    endloop
  endfacet
  facet normal -0.461738 -0.887016 -0
    outer loop
      vertex 1.55 2.68468 14.5
      vertex 1.31012 2.80955 11.7
      vertex 1.55 2.68468 11.7
    endloop
  endfacet
  facet normal 0.793353 -0.608761 0
    outer loop
      vertex -2.53937 1.77809 14.5
      vertex -2.37474 1.99264 11.7
      vertex -2.37474 1.99264 14.5
    endloop
  endfacet
  facet normal 0.793353 -0.608761 0
    outer loop
      vertex -2.37474 1.99264 11.7
      vertex -2.53937 1.77809 14.5
      vertex -2.53937 1.77809 11.7
    endloop
  endfacet
  facet normal 0.953719 -0.300698 0
    outer loop
      vertex -2.99437 0.802339 14.5
      vertex -2.91305 1.06026 11.7
      vertex -2.91305 1.06026 14.5
    endloop
  endfacet
  facet normal 0.953719 -0.300698 0
    outer loop
      vertex -2.91305 1.06026 11.7
      vertex -2.99437 0.802339 14.5
      vertex -2.99437 0.802339 11.7
    endloop
  endfacet
  facet normal 0.675596 -0.737272 0
    outer loop
      vertex -2.19203 2.19203 11.7
      vertex -1.99264 2.37474 14.5
      vertex -2.19203 2.19203 14.5
    endloop
  endfacet
  facet normal 0.675596 -0.737272 0
    outer loop
      vertex -1.99264 2.37474 14.5
      vertex -2.19203 2.19203 11.7
      vertex -1.99264 2.37474 11.7
    endloop
  endfacet
  facet normal 0.537301 -0.84339 0
    outer loop
      vertex -1.77809 2.53937 11.7
      vertex -1.55 2.68468 14.5
      vertex -1.77809 2.53937 14.5
    endloop
  endfacet
  facet normal 0.537301 -0.84339 0
    outer loop
      vertex -1.55 2.68468 14.5
      vertex -1.77809 2.53937 11.7
      vertex -1.55 2.68468 11.7
    endloop
  endfacet
  facet normal -0.991445 0.130528 0
    outer loop
      vertex 3.0529 -0.538309 11.7
      vertex 3.0882 -0.270183 14.5
      vertex 3.0882 -0.270183 11.7
    endloop
  endfacet
  facet normal -0.991445 0.130528 0
    outer loop
      vertex 3.0882 -0.270183 14.5
      vertex 3.0529 -0.538309 11.7
      vertex 3.0529 -0.538309 14.5
    endloop
  endfacet
  facet normal -0.793353 0.608761 0
    outer loop
      vertex 2.37474 -1.99264 11.7
      vertex 2.53937 -1.77809 14.5
      vertex 2.53937 -1.77809 11.7
    endloop
  endfacet
  facet normal -0.793353 0.608761 0
    outer loop
      vertex 2.53937 -1.77809 14.5
      vertex 2.37474 -1.99264 11.7
      vertex 2.37474 -1.99264 14.5
    endloop
  endfacet
  facet normal 0.737272 0.675596 0
    outer loop
      vertex -2.19203 -2.19203 14.5
      vertex -2.37474 -1.99264 11.7
      vertex -2.37474 -1.99264 14.5
    endloop
  endfacet
  facet normal 0.737272 0.675596 0
    outer loop
      vertex -2.37474 -1.99264 11.7
      vertex -2.19203 -2.19203 14.5
      vertex -2.19203 -2.19203 11.7
    endloop
  endfacet
  facet normal 0.953719 0.300698 0
    outer loop
      vertex -2.91305 -1.06026 14.5
      vertex -2.99437 -0.802339 11.7
      vertex -2.99437 -0.802339 14.5
    endloop
  endfacet
  facet normal 0.953719 0.300698 0
    outer loop
      vertex -2.99437 -0.802339 11.7
      vertex -2.91305 -1.06026 14.5
      vertex -2.91305 -1.06026 11.7
    endloop
  endfacet
  facet normal 0.461738 -0.887016 0
    outer loop
      vertex -1.55 2.68468 11.7
      vertex -1.31012 2.80955 14.5
      vertex -1.55 2.68468 14.5
    endloop
  endfacet
  facet normal 0.461738 -0.887016 0
    outer loop
      vertex -1.31012 2.80955 14.5
      vertex -1.55 2.68468 11.7
      vertex -1.31012 2.80955 11.7
    endloop
  endfacet
  facet normal -0.923874 0.382698 0
    outer loop
      vertex 2.80955 -1.31012 11.7
      vertex 2.91305 -1.06026 14.5
      vertex 2.91305 -1.06026 11.7
    endloop
  endfacet
  facet normal -0.923874 0.382698 0
    outer loop
      vertex 2.91305 -1.06026 14.5
      vertex 2.80955 -1.31012 11.7
      vertex 2.80955 -1.31012 14.5
    endloop
  endfacet
  facet normal -0.953719 0.300698 0
    outer loop
      vertex 2.91305 -1.06026 11.7
      vertex 2.99437 -0.802339 14.5
      vertex 2.99437 -0.802339 11.7
    endloop
  endfacet
  facet normal -0.953719 0.300698 0
    outer loop
      vertex 2.99437 -0.802339 14.5
      vertex 2.91305 -1.06026 11.7
      vertex 2.91305 -1.06026 14.5
    endloop
  endfacet
  facet normal -0.976299 0.216425 0
    outer loop
      vertex 2.99437 -0.802339 11.7
      vertex 3.0529 -0.538309 14.5
      vertex 3.0529 -0.538309 11.7
    endloop
  endfacet
  facet normal -0.976299 0.216425 0
    outer loop
      vertex 3.0529 -0.538309 14.5
      vertex 2.99437 -0.802339 11.7
      vertex 2.99437 -0.802339 14.5
    endloop
  endfacet
  facet normal -0.461738 0.887016 0
    outer loop
      vertex 1.55 -2.68468 11.7
      vertex 1.31012 -2.80955 14.5
      vertex 1.55 -2.68468 14.5
    endloop
  endfacet
  facet normal -0.461738 0.887016 0
    outer loop
      vertex 1.31012 -2.80955 14.5
      vertex 1.55 -2.68468 11.7
      vertex 1.31012 -2.80955 11.7
    endloop
  endfacet
  facet normal -0.84339 0.537301 0
    outer loop
      vertex 2.53937 -1.77809 11.7
      vertex 2.68468 -1.55 14.5
      vertex 2.68468 -1.55 11.7
    endloop
  endfacet
  facet normal -0.84339 0.537301 0
    outer loop
      vertex 2.68468 -1.55 14.5
      vertex 2.53937 -1.77809 11.7
      vertex 2.53937 -1.77809 14.5
    endloop
  endfacet
  facet normal 0.0436325 0.999048 -0
    outer loop
      vertex 0 -3.1 11.7
      vertex -0.270183 -3.0882 14.5
      vertex 0 -3.1 14.5
    endloop
  endfacet
  facet normal 0.0436325 0.999048 0
    outer loop
      vertex -0.270183 -3.0882 14.5
      vertex 0 -3.1 11.7
      vertex -0.270183 -3.0882 11.7
    endloop
  endfacet
  facet normal 0.675596 0.737272 -0
    outer loop
      vertex -1.99264 -2.37474 11.7
      vertex -2.19203 -2.19203 14.5
      vertex -1.99264 -2.37474 14.5
    endloop
  endfacet
  facet normal 0.675596 0.737272 0
    outer loop
      vertex -2.19203 -2.19203 14.5
      vertex -1.99264 -2.37474 11.7
      vertex -2.19203 -2.19203 11.7
    endloop
  endfacet
  facet normal 0.793353 0.608761 0
    outer loop
      vertex -2.37474 -1.99264 14.5
      vertex -2.53937 -1.77809 11.7
      vertex -2.53937 -1.77809 14.5
    endloop
  endfacet
  facet normal 0.793353 0.608761 0
    outer loop
      vertex -2.53937 -1.77809 11.7
      vertex -2.37474 -1.99264 14.5
      vertex -2.37474 -1.99264 11.7
    endloop
  endfacet
  facet normal 0.923874 0.382698 0
    outer loop
      vertex -2.80955 -1.31012 14.5
      vertex -2.91305 -1.06026 11.7
      vertex -2.91305 -1.06026 14.5
    endloop
  endfacet
  facet normal 0.923874 0.382698 0
    outer loop
      vertex -2.91305 -1.06026 11.7
      vertex -2.80955 -1.31012 14.5
      vertex -2.80955 -1.31012 11.7
    endloop
  endfacet
  facet normal 0.999048 0.0436325 0
    outer loop
      vertex -3.0882 -0.270183 14.5
      vertex -3.1 0 11.7
      vertex -3.1 0 14.5
    endloop
  endfacet
  facet normal 0.999048 0.0436325 0
    outer loop
      vertex -3.1 0 11.7
      vertex -3.0882 -0.270183 14.5
      vertex -3.0882 -0.270183 11.7
    endloop
  endfacet
  facet normal 0.991445 0.130528 0
    outer loop
      vertex -3.0529 -0.538309 14.5
      vertex -3.0882 -0.270183 11.7
      vertex -3.0882 -0.270183 14.5
    endloop
  endfacet
  facet normal 0.991445 0.130528 0
    outer loop
      vertex -3.0882 -0.270183 11.7
      vertex -3.0529 -0.538309 14.5
      vertex -3.0529 -0.538309 11.7
    endloop
  endfacet
  facet normal 0.976299 0.216425 0
    outer loop
      vertex -2.99437 -0.802339 14.5
      vertex -3.0529 -0.538309 11.7
      vertex -3.0529 -0.538309 14.5
    endloop
  endfacet
  facet normal 0.976299 0.216425 0
    outer loop
      vertex -3.0529 -0.538309 11.7
      vertex -2.99437 -0.802339 14.5
      vertex -2.99437 -0.802339 11.7
    endloop
  endfacet
  facet normal -0.216425 0.976299 0
    outer loop
      vertex 0.802339 -2.99437 11.7
      vertex 0.538309 -3.0529 14.5
      vertex 0.802339 -2.99437 14.5
    endloop
  endfacet
  facet normal -0.216425 0.976299 0
    outer loop
      vertex 0.538309 -3.0529 14.5
      vertex 0.802339 -2.99437 11.7
      vertex 0.538309 -3.0529 11.7
    endloop
  endfacet
  facet normal -0.130528 0.991445 0
    outer loop
      vertex 0.538309 -3.0529 11.7
      vertex 0.270183 -3.0882 14.5
      vertex 0.538309 -3.0529 14.5
    endloop
  endfacet
  facet normal -0.130528 0.991445 0
    outer loop
      vertex 0.270183 -3.0882 14.5
      vertex 0.538309 -3.0529 11.7
      vertex 0.270183 -3.0882 11.7
    endloop
  endfacet
  facet normal -0.675596 0.737272 0
    outer loop
      vertex 2.19203 -2.19203 11.7
      vertex 1.99264 -2.37474 14.5
      vertex 2.19203 -2.19203 14.5
    endloop
  endfacet
  facet normal -0.675596 0.737272 0
    outer loop
      vertex 1.99264 -2.37474 14.5
      vertex 2.19203 -2.19203 11.7
      vertex 1.99264 -2.37474 11.7
    endloop
  endfacet
  facet normal -0.608761 0.793353 0
    outer loop
      vertex 1.99264 -2.37474 11.7
      vertex 1.77809 -2.53937 14.5
      vertex 1.99264 -2.37474 14.5
    endloop
  endfacet
  facet normal -0.608761 0.793353 0
    outer loop
      vertex 1.77809 -2.53937 14.5
      vertex 1.99264 -2.37474 11.7
      vertex 1.77809 -2.53937 11.7
    endloop
  endfacet
  facet normal 0.608761 0.793353 -0
    outer loop
      vertex -1.77809 -2.53937 11.7
      vertex -1.99264 -2.37474 14.5
      vertex -1.77809 -2.53937 14.5
    endloop
  endfacet
  facet normal 0.608761 0.793353 0
    outer loop
      vertex -1.99264 -2.37474 14.5
      vertex -1.77809 -2.53937 11.7
      vertex -1.99264 -2.37474 11.7
    endloop
  endfacet
  facet normal 0.461738 0.887016 -0
    outer loop
      vertex -1.31012 -2.80955 11.7
      vertex -1.55 -2.68468 14.5
      vertex -1.31012 -2.80955 14.5
    endloop
  endfacet
  facet normal 0.461738 0.887016 0
    outer loop
      vertex -1.55 -2.68468 14.5
      vertex -1.31012 -2.80955 11.7
      vertex -1.55 -2.68468 11.7
    endloop
  endfacet
  facet normal 0.537301 0.84339 -0
    outer loop
      vertex -1.55 -2.68468 11.7
      vertex -1.77809 -2.53937 14.5
      vertex -1.55 -2.68468 14.5
    endloop
  endfacet
  facet normal 0.537301 0.84339 0
    outer loop
      vertex -1.77809 -2.53937 14.5
      vertex -1.55 -2.68468 11.7
      vertex -1.77809 -2.53937 11.7
    endloop
  endfacet
  facet normal 0.382698 0.923874 -0
    outer loop
      vertex -1.06026 -2.91305 11.7
      vertex -1.31012 -2.80955 14.5
      vertex -1.06026 -2.91305 14.5
    endloop
  endfacet
  facet normal 0.382698 0.923874 0
    outer loop
      vertex -1.31012 -2.80955 14.5
      vertex -1.06026 -2.91305 11.7
      vertex -1.31012 -2.80955 11.7
    endloop
  endfacet
  facet normal 0.300698 0.953719 -0
    outer loop
      vertex -0.802339 -2.99437 11.7
      vertex -1.06026 -2.91305 14.5
      vertex -0.802339 -2.99437 14.5
    endloop
  endfacet
  facet normal 0.300698 0.953719 0
    outer loop
      vertex -1.06026 -2.91305 14.5
      vertex -0.802339 -2.99437 11.7
      vertex -1.06026 -2.91305 11.7
    endloop
  endfacet
  facet normal 0.887016 0.461738 0
    outer loop
      vertex -2.68468 -1.55 14.5
      vertex -2.80955 -1.31012 11.7
      vertex -2.80955 -1.31012 14.5
    endloop
  endfacet
  facet normal 0.887016 0.461738 0
    outer loop
      vertex -2.80955 -1.31012 11.7
      vertex -2.68468 -1.55 14.5
      vertex -2.68468 -1.55 11.7
    endloop
  endfacet
  facet normal -0.537301 0.84339 0
    outer loop
      vertex 1.77809 -2.53937 11.7
      vertex 1.55 -2.68468 14.5
      vertex 1.77809 -2.53937 14.5
    endloop
  endfacet
  facet normal -0.537301 0.84339 0
    outer loop
      vertex 1.55 -2.68468 14.5
      vertex 1.77809 -2.53937 11.7
      vertex 1.55 -2.68468 11.7
    endloop
  endfacet
  facet normal 0.216425 0.976299 -0
    outer loop
      vertex -0.538309 -3.0529 11.7
      vertex -0.802339 -2.99437 14.5
      vertex -0.538309 -3.0529 14.5
    endloop
  endfacet
  facet normal 0.216425 0.976299 0
    outer loop
      vertex -0.802339 -2.99437 14.5
      vertex -0.538309 -3.0529 11.7
      vertex -0.802339 -2.99437 11.7
    endloop
  endfacet
  facet normal 0.84339 0.537301 0
    outer loop
      vertex -2.53937 -1.77809 14.5
      vertex -2.68468 -1.55 11.7
      vertex -2.68468 -1.55 14.5
    endloop
  endfacet
  facet normal 0.84339 0.537301 0
    outer loop
      vertex -2.68468 -1.55 11.7
      vertex -2.53937 -1.77809 14.5
      vertex -2.53937 -1.77809 11.7
    endloop
  endfacet
  facet normal 0.130528 0.991445 -0
    outer loop
      vertex -0.270183 -3.0882 11.7
      vertex -0.538309 -3.0529 14.5
      vertex -0.270183 -3.0882 14.5
    endloop
  endfacet
  facet normal 0.130528 0.991445 0
    outer loop
      vertex -0.538309 -3.0529 14.5
      vertex -0.270183 -3.0882 11.7
      vertex -0.538309 -3.0529 11.7
    endloop
  endfacet
  facet normal -0.999048 -0.0436352 0
    outer loop
      vertex 1.5 0 5.6
      vertex 1.49429 0.130733 11.7
      vertex 1.49429 0.130733 5.6
    endloop
  endfacet
  facet normal -0.999048 -0.0436352 0
    outer loop
      vertex 1.49429 0.130733 11.7
      vertex 1.5 0 5.6
      vertex 1.5 0 11.7
    endloop
  endfacet
  facet normal 0.999048 -0.0436352 0
    outer loop
      vertex -1.5 0 11.7
      vertex -1.49429 0.130733 5.6
      vertex -1.49429 0.130733 11.7
    endloop
  endfacet
  facet normal 0.999048 -0.0436352 0
    outer loop
      vertex -1.49429 0.130733 5.6
      vertex -1.5 0 11.7
      vertex -1.5 0 5.6
    endloop
  endfacet
  facet normal -0.0436352 -0.999048 0
    outer loop
      vertex 0 1.5 5.6
      vertex 0.130733 1.49429 11.7
      vertex 0 1.5 11.7
    endloop
  endfacet
  facet normal -0.0436352 -0.999048 -0
    outer loop
      vertex 0.130733 1.49429 11.7
      vertex 0 1.5 5.6
      vertex 0.130733 1.49429 5.6
    endloop
  endfacet
  facet normal -0.675604 -0.737265 0
    outer loop
      vertex 0.964181 1.14907 5.6
      vertex 1.06066 1.06066 11.7
      vertex 0.964181 1.14907 11.7
    endloop
  endfacet
  facet normal -0.675604 -0.737265 -0
    outer loop
      vertex 1.06066 1.06066 11.7
      vertex 0.964181 1.14907 5.6
      vertex 1.06066 1.06066 5.6
    endloop
  endfacet
  facet normal 0.675604 -0.737265 0
    outer loop
      vertex -1.06066 1.06066 5.6
      vertex -0.964181 1.14907 11.7
      vertex -1.06066 1.06066 11.7
    endloop
  endfacet
  facet normal 0.675604 -0.737265 0
    outer loop
      vertex -0.964181 1.14907 11.7
      vertex -1.06066 1.06066 5.6
      vertex -0.964181 1.14907 5.6
    endloop
  endfacet
  facet normal 0.300706 -0.953717 0
    outer loop
      vertex -0.51303 1.40954 5.6
      vertex -0.388228 1.44889 11.7
      vertex -0.51303 1.40954 11.7
    endloop
  endfacet
  facet normal 0.300706 -0.953717 0
    outer loop
      vertex -0.388228 1.44889 11.7
      vertex -0.51303 1.40954 5.6
      vertex -0.388228 1.44889 5.6
    endloop
  endfacet
  facet normal -0.887023 -0.461726 0
    outer loop
      vertex 1.35946 0.633927 5.6
      vertex 1.29904 0.75 11.7
      vertex 1.29904 0.75 5.6
    endloop
  endfacet
  facet normal -0.887023 -0.461726 0
    outer loop
      vertex 1.29904 0.75 11.7
      vertex 1.35946 0.633927 5.6
      vertex 1.35946 0.633927 11.7
    endloop
  endfacet
  facet normal -0.382702 -0.923872 0
    outer loop
      vertex 0.51303 1.40954 5.6
      vertex 0.633927 1.35946 11.7
      vertex 0.51303 1.40954 11.7
    endloop
  endfacet
  facet normal -0.382702 -0.923872 -0
    outer loop
      vertex 0.633927 1.35946 11.7
      vertex 0.51303 1.40954 5.6
      vertex 0.633927 1.35946 5.6
    endloop
  endfacet
  facet normal -0.537302 -0.84339 0
    outer loop
      vertex 0.75 1.29904 5.6
      vertex 0.860364 1.22873 11.7
      vertex 0.75 1.29904 11.7
    endloop
  endfacet
  facet normal -0.537302 -0.84339 -0
    outer loop
      vertex 0.860364 1.22873 11.7
      vertex 0.75 1.29904 5.6
      vertex 0.860364 1.22873 5.6
    endloop
  endfacet
  facet normal 0.923872 -0.382702 0
    outer loop
      vertex -1.40954 0.51303 11.7
      vertex -1.35946 0.633927 5.6
      vertex -1.35946 0.633927 11.7
    endloop
  endfacet
  facet normal 0.923872 -0.382702 0
    outer loop
      vertex -1.35946 0.633927 5.6
      vertex -1.40954 0.51303 11.7
      vertex -1.40954 0.51303 5.6
    endloop
  endfacet
  facet normal 0.130524 -0.991445 0
    outer loop
      vertex -0.260471 1.47721 5.6
      vertex -0.130733 1.49429 11.7
      vertex -0.260471 1.47721 11.7
    endloop
  endfacet
  facet normal 0.130524 -0.991445 0
    outer loop
      vertex -0.130733 1.49429 11.7
      vertex -0.260471 1.47721 5.6
      vertex -0.130733 1.49429 5.6
    endloop
  endfacet
  facet normal 0.737265 0.675604 0
    outer loop
      vertex -1.06066 -1.06066 11.7
      vertex -1.14907 -0.964181 5.6
      vertex -1.14907 -0.964181 11.7
    endloop
  endfacet
  facet normal 0.737265 0.675604 0
    outer loop
      vertex -1.14907 -0.964181 5.6
      vertex -1.06066 -1.06066 11.7
      vertex -1.06066 -1.06066 5.6
    endloop
  endfacet
  facet normal -0.976301 -0.216417 0
    outer loop
      vertex 1.47721 0.260471 5.6
      vertex 1.44889 0.388228 11.7
      vertex 1.44889 0.388228 5.6
    endloop
  endfacet
  facet normal -0.976301 -0.216417 0
    outer loop
      vertex 1.44889 0.388228 11.7
      vertex 1.47721 0.260471 5.6
      vertex 1.47721 0.260471 11.7
    endloop
  endfacet
  facet normal -0.991445 -0.130524 0
    outer loop
      vertex 1.49429 0.130733 5.6
      vertex 1.47721 0.260471 11.7
      vertex 1.47721 0.260471 5.6
    endloop
  endfacet
  facet normal -0.991445 -0.130524 0
    outer loop
      vertex 1.47721 0.260471 11.7
      vertex 1.49429 0.130733 5.6
      vertex 1.49429 0.130733 11.7
    endloop
  endfacet
  facet normal -0.923872 -0.382702 0
    outer loop
      vertex 1.40954 0.51303 5.6
      vertex 1.35946 0.633927 11.7
      vertex 1.35946 0.633927 5.6
    endloop
  endfacet
  facet normal -0.923872 -0.382702 0
    outer loop
      vertex 1.35946 0.633927 11.7
      vertex 1.40954 0.51303 5.6
      vertex 1.40954 0.51303 11.7
    endloop
  endfacet
  facet normal -0.793359 -0.608754 0
    outer loop
      vertex 1.22873 0.860364 5.6
      vertex 1.14907 0.964181 11.7
      vertex 1.14907 0.964181 5.6
    endloop
  endfacet
  facet normal -0.793359 -0.608754 0
    outer loop
      vertex 1.14907 0.964181 11.7
      vertex 1.22873 0.860364 5.6
      vertex 1.22873 0.860364 11.7
    endloop
  endfacet
  facet normal -0.737265 -0.675604 0
    outer loop
      vertex 1.14907 0.964181 5.6
      vertex 1.06066 1.06066 11.7
      vertex 1.06066 1.06066 5.6
    endloop
  endfacet
  facet normal -0.737265 -0.675604 0
    outer loop
      vertex 1.06066 1.06066 11.7
      vertex 1.14907 0.964181 5.6
      vertex 1.14907 0.964181 11.7
    endloop
  endfacet
  facet normal -0.84339 -0.537302 0
    outer loop
      vertex 1.29904 0.75 5.6
      vertex 1.22873 0.860364 11.7
      vertex 1.22873 0.860364 5.6
    endloop
  endfacet
  facet normal -0.84339 -0.537302 0
    outer loop
      vertex 1.22873 0.860364 11.7
      vertex 1.29904 0.75 5.6
      vertex 1.29904 0.75 11.7
    endloop
  endfacet
  facet normal -0.216417 -0.976301 0
    outer loop
      vertex 0.260471 1.47721 5.6
      vertex 0.388228 1.44889 11.7
      vertex 0.260471 1.47721 11.7
    endloop
  endfacet
  facet normal -0.216417 -0.976301 -0
    outer loop
      vertex 0.388228 1.44889 11.7
      vertex 0.260471 1.47721 5.6
      vertex 0.388228 1.44889 5.6
    endloop
  endfacet
  facet normal -0.300706 -0.953717 0
    outer loop
      vertex 0.388228 1.44889 5.6
      vertex 0.51303 1.40954 11.7
      vertex 0.388228 1.44889 11.7
    endloop
  endfacet
  facet normal -0.300706 -0.953717 -0
    outer loop
      vertex 0.51303 1.40954 11.7
      vertex 0.388228 1.44889 5.6
      vertex 0.51303 1.40954 5.6
    endloop
  endfacet
  facet normal -0.130524 -0.991445 0
    outer loop
      vertex 0.130733 1.49429 5.6
      vertex 0.260471 1.47721 11.7
      vertex 0.130733 1.49429 11.7
    endloop
  endfacet
  facet normal -0.130524 -0.991445 -0
    outer loop
      vertex 0.260471 1.47721 11.7
      vertex 0.130733 1.49429 5.6
      vertex 0.260471 1.47721 5.6
    endloop
  endfacet
  facet normal -0.461726 -0.887023 0
    outer loop
      vertex 0.633927 1.35946 5.6
      vertex 0.75 1.29904 11.7
      vertex 0.633927 1.35946 11.7
    endloop
  endfacet
  facet normal -0.461726 -0.887023 -0
    outer loop
      vertex 0.75 1.29904 11.7
      vertex 0.633927 1.35946 5.6
      vertex 0.75 1.29904 5.6
    endloop
  endfacet
  facet normal -0.608754 -0.793359 0
    outer loop
      vertex 0.860364 1.22873 5.6
      vertex 0.964181 1.14907 11.7
      vertex 0.860364 1.22873 11.7
    endloop
  endfacet
  facet normal -0.608754 -0.793359 -0
    outer loop
      vertex 0.964181 1.14907 11.7
      vertex 0.860364 1.22873 5.6
      vertex 0.964181 1.14907 5.6
    endloop
  endfacet
  facet normal 0.976301 -0.216417 0
    outer loop
      vertex -1.47721 0.260471 11.7
      vertex -1.44889 0.388228 5.6
      vertex -1.44889 0.388228 11.7
    endloop
  endfacet
  facet normal 0.976301 -0.216417 0
    outer loop
      vertex -1.44889 0.388228 5.6
      vertex -1.47721 0.260471 11.7
      vertex -1.47721 0.260471 5.6
    endloop
  endfacet
  facet normal 0.793359 -0.608754 0
    outer loop
      vertex -1.22873 0.860364 11.7
      vertex -1.14907 0.964181 5.6
      vertex -1.14907 0.964181 11.7
    endloop
  endfacet
  facet normal 0.793359 -0.608754 0
    outer loop
      vertex -1.14907 0.964181 5.6
      vertex -1.22873 0.860364 11.7
      vertex -1.22873 0.860364 5.6
    endloop
  endfacet
  facet normal 0.737265 -0.675604 0
    outer loop
      vertex -1.14907 0.964181 11.7
      vertex -1.06066 1.06066 5.6
      vertex -1.06066 1.06066 11.7
    endloop
  endfacet
  facet normal 0.737265 -0.675604 0
    outer loop
      vertex -1.06066 1.06066 5.6
      vertex -1.14907 0.964181 11.7
      vertex -1.14907 0.964181 5.6
    endloop
  endfacet
  facet normal 0.887023 -0.461726 0
    outer loop
      vertex -1.35946 0.633927 11.7
      vertex -1.29904 0.75 5.6
      vertex -1.29904 0.75 11.7
    endloop
  endfacet
  facet normal 0.887023 -0.461726 0
    outer loop
      vertex -1.29904 0.75 5.6
      vertex -1.35946 0.633927 11.7
      vertex -1.35946 0.633927 5.6
    endloop
  endfacet
  facet normal 0.953717 -0.300706 0
    outer loop
      vertex -1.44889 0.388228 11.7
      vertex -1.40954 0.51303 5.6
      vertex -1.40954 0.51303 11.7
    endloop
  endfacet
  facet normal 0.953717 -0.300706 0
    outer loop
      vertex -1.40954 0.51303 5.6
      vertex -1.44889 0.388228 11.7
      vertex -1.44889 0.388228 5.6
    endloop
  endfacet
  facet normal 0.991445 -0.130524 0
    outer loop
      vertex -1.49429 0.130733 11.7
      vertex -1.47721 0.260471 5.6
      vertex -1.47721 0.260471 11.7
    endloop
  endfacet
  facet normal 0.991445 -0.130524 0
    outer loop
      vertex -1.47721 0.260471 5.6
      vertex -1.49429 0.130733 11.7
      vertex -1.49429 0.130733 5.6
    endloop
  endfacet
  facet normal 0.461726 -0.887023 0
    outer loop
      vertex -0.75 1.29904 5.6
      vertex -0.633927 1.35946 11.7
      vertex -0.75 1.29904 11.7
    endloop
  endfacet
  facet normal 0.461726 -0.887023 0
    outer loop
      vertex -0.633927 1.35946 11.7
      vertex -0.75 1.29904 5.6
      vertex -0.633927 1.35946 5.6
    endloop
  endfacet
  facet normal 0.382702 -0.923872 0
    outer loop
      vertex -0.633927 1.35946 5.6
      vertex -0.51303 1.40954 11.7
      vertex -0.633927 1.35946 11.7
    endloop
  endfacet
  facet normal 0.382702 -0.923872 0
    outer loop
      vertex -0.51303 1.40954 11.7
      vertex -0.633927 1.35946 5.6
      vertex -0.51303 1.40954 5.6
    endloop
  endfacet
  facet normal 0.608754 -0.793359 0
    outer loop
      vertex -0.964181 1.14907 5.6
      vertex -0.860364 1.22873 11.7
      vertex -0.964181 1.14907 11.7
    endloop
  endfacet
  facet normal 0.608754 -0.793359 0
    outer loop
      vertex -0.860364 1.22873 11.7
      vertex -0.964181 1.14907 5.6
      vertex -0.860364 1.22873 5.6
    endloop
  endfacet
  facet normal 0.216417 -0.976301 0
    outer loop
      vertex -0.388228 1.44889 5.6
      vertex -0.260471 1.47721 11.7
      vertex -0.388228 1.44889 11.7
    endloop
  endfacet
  facet normal 0.216417 -0.976301 0
    outer loop
      vertex -0.260471 1.47721 11.7
      vertex -0.388228 1.44889 5.6
      vertex -0.260471 1.47721 5.6
    endloop
  endfacet
  facet normal 0.0436352 -0.999048 0
    outer loop
      vertex -0.130733 1.49429 5.6
      vertex 0 1.5 11.7
      vertex -0.130733 1.49429 11.7
    endloop
  endfacet
  facet normal 0.0436352 -0.999048 0
    outer loop
      vertex 0 1.5 11.7
      vertex -0.130733 1.49429 5.6
      vertex 0 1.5 5.6
    endloop
  endfacet
  facet normal -0.300706 0.953717 0
    outer loop
      vertex 0.51303 -1.40954 5.6
      vertex 0.388228 -1.44889 11.7
      vertex 0.51303 -1.40954 11.7
    endloop
  endfacet
  facet normal -0.300706 0.953717 0
    outer loop
      vertex 0.388228 -1.44889 11.7
      vertex 0.51303 -1.40954 5.6
      vertex 0.388228 -1.44889 5.6
    endloop
  endfacet
  facet normal -0.675604 0.737265 0
    outer loop
      vertex 1.06066 -1.06066 5.6
      vertex 0.964181 -1.14907 11.7
      vertex 1.06066 -1.06066 11.7
    endloop
  endfacet
  facet normal -0.675604 0.737265 0
    outer loop
      vertex 0.964181 -1.14907 11.7
      vertex 1.06066 -1.06066 5.6
      vertex 0.964181 -1.14907 5.6
    endloop
  endfacet
  facet normal -0.608754 0.793359 0
    outer loop
      vertex 0.964181 -1.14907 5.6
      vertex 0.860364 -1.22873 11.7
      vertex 0.964181 -1.14907 11.7
    endloop
  endfacet
  facet normal -0.608754 0.793359 0
    outer loop
      vertex 0.860364 -1.22873 11.7
      vertex 0.964181 -1.14907 5.6
      vertex 0.860364 -1.22873 5.6
    endloop
  endfacet
  facet normal -0.461726 0.887023 0
    outer loop
      vertex 0.75 -1.29904 5.6
      vertex 0.633927 -1.35946 11.7
      vertex 0.75 -1.29904 11.7
    endloop
  endfacet
  facet normal -0.461726 0.887023 0
    outer loop
      vertex 0.633927 -1.35946 11.7
      vertex 0.75 -1.29904 5.6
      vertex 0.633927 -1.35946 5.6
    endloop
  endfacet
  facet normal -0.793359 0.608754 0
    outer loop
      vertex 1.14907 -0.964181 5.6
      vertex 1.22873 -0.860364 11.7
      vertex 1.22873 -0.860364 5.6
    endloop
  endfacet
  facet normal -0.793359 0.608754 0
    outer loop
      vertex 1.22873 -0.860364 11.7
      vertex 1.14907 -0.964181 5.6
      vertex 1.14907 -0.964181 11.7
    endloop
  endfacet
  facet normal -0.887023 0.461726 0
    outer loop
      vertex 1.29904 -0.75 5.6
      vertex 1.35946 -0.633927 11.7
      vertex 1.35946 -0.633927 5.6
    endloop
  endfacet
  facet normal -0.887023 0.461726 0
    outer loop
      vertex 1.35946 -0.633927 11.7
      vertex 1.29904 -0.75 5.6
      vertex 1.29904 -0.75 11.7
    endloop
  endfacet
  facet normal -0.953717 0.300706 0
    outer loop
      vertex 1.40954 -0.51303 5.6
      vertex 1.44889 -0.388228 11.7
      vertex 1.44889 -0.388228 5.6
    endloop
  endfacet
  facet normal -0.953717 0.300706 0
    outer loop
      vertex 1.44889 -0.388228 11.7
      vertex 1.40954 -0.51303 5.6
      vertex 1.40954 -0.51303 11.7
    endloop
  endfacet
  facet normal 0.608754 0.793359 -0
    outer loop
      vertex -0.860364 -1.22873 5.6
      vertex -0.964181 -1.14907 11.7
      vertex -0.860364 -1.22873 11.7
    endloop
  endfacet
  facet normal 0.608754 0.793359 0
    outer loop
      vertex -0.964181 -1.14907 11.7
      vertex -0.860364 -1.22873 5.6
      vertex -0.964181 -1.14907 5.6
    endloop
  endfacet
  facet normal 0.675604 0.737265 -0
    outer loop
      vertex -0.964181 -1.14907 5.6
      vertex -1.06066 -1.06066 11.7
      vertex -0.964181 -1.14907 11.7
    endloop
  endfacet
  facet normal 0.675604 0.737265 0
    outer loop
      vertex -1.06066 -1.06066 11.7
      vertex -0.964181 -1.14907 5.6
      vertex -1.06066 -1.06066 5.6
    endloop
  endfacet
  facet normal 0.461726 0.887023 -0
    outer loop
      vertex -0.633927 -1.35946 5.6
      vertex -0.75 -1.29904 11.7
      vertex -0.633927 -1.35946 11.7
    endloop
  endfacet
  facet normal 0.461726 0.887023 0
    outer loop
      vertex -0.75 -1.29904 11.7
      vertex -0.633927 -1.35946 5.6
      vertex -0.75 -1.29904 5.6
    endloop
  endfacet
  facet normal 0.300706 0.953717 -0
    outer loop
      vertex -0.388228 -1.44889 5.6
      vertex -0.51303 -1.40954 11.7
      vertex -0.388228 -1.44889 11.7
    endloop
  endfacet
  facet normal 0.300706 0.953717 0
    outer loop
      vertex -0.51303 -1.40954 11.7
      vertex -0.388228 -1.44889 5.6
      vertex -0.51303 -1.40954 5.6
    endloop
  endfacet
  facet normal 0.130524 0.991445 -0
    outer loop
      vertex -0.130733 -1.49429 5.6
      vertex -0.260471 -1.47721 11.7
      vertex -0.130733 -1.49429 11.7
    endloop
  endfacet
  facet normal 0.130524 0.991445 0
    outer loop
      vertex -0.260471 -1.47721 11.7
      vertex -0.130733 -1.49429 5.6
      vertex -0.260471 -1.47721 5.6
    endloop
  endfacet
  facet normal 0.887023 0.461726 0
    outer loop
      vertex -1.29904 -0.75 11.7
      vertex -1.35946 -0.633927 5.6
      vertex -1.35946 -0.633927 11.7
    endloop
  endfacet
  facet normal 0.887023 0.461726 0
    outer loop
      vertex -1.35946 -0.633927 5.6
      vertex -1.29904 -0.75 11.7
      vertex -1.29904 -0.75 5.6
    endloop
  endfacet
  facet normal 0.923872 0.382702 0
    outer loop
      vertex -1.35946 -0.633927 11.7
      vertex -1.40954 -0.51303 5.6
      vertex -1.40954 -0.51303 11.7
    endloop
  endfacet
  facet normal 0.923872 0.382702 0
    outer loop
      vertex -1.40954 -0.51303 5.6
      vertex -1.35946 -0.633927 11.7
      vertex -1.35946 -0.633927 5.6
    endloop
  endfacet
  facet normal 0.976301 0.216417 0
    outer loop
      vertex -1.44889 -0.388228 11.7
      vertex -1.47721 -0.260471 5.6
      vertex -1.47721 -0.260471 11.7
    endloop
  endfacet
  facet normal 0.976301 0.216417 0
    outer loop
      vertex -1.47721 -0.260471 5.6
      vertex -1.44889 -0.388228 11.7
      vertex -1.44889 -0.388228 5.6
    endloop
  endfacet
  facet normal 0.953717 0.300706 0
    outer loop
      vertex -1.40954 -0.51303 11.7
      vertex -1.44889 -0.388228 5.6
      vertex -1.44889 -0.388228 11.7
    endloop
  endfacet
  facet normal 0.953717 0.300706 0
    outer loop
      vertex -1.44889 -0.388228 5.6
      vertex -1.40954 -0.51303 11.7
      vertex -1.40954 -0.51303 5.6
    endloop
  endfacet
  facet normal 0.999048 0.0436352 0
    outer loop
      vertex -1.49429 -0.130733 11.7
      vertex -1.5 0 5.6
      vertex -1.5 0 11.7
    endloop
  endfacet
  facet normal 0.999048 0.0436352 0
    outer loop
      vertex -1.5 0 5.6
      vertex -1.49429 -0.130733 11.7
      vertex -1.49429 -0.130733 5.6
    endloop
  endfacet
  facet normal -0.953717 -0.300706 0
    outer loop
      vertex 1.44889 0.388228 5.6
      vertex 1.40954 0.51303 11.7
      vertex 1.40954 0.51303 5.6
    endloop
  endfacet
  facet normal -0.953717 -0.300706 0
    outer loop
      vertex 1.40954 0.51303 11.7
      vertex 1.44889 0.388228 5.6
      vertex 1.44889 0.388228 11.7
    endloop
  endfacet
  facet normal 0.84339 -0.537302 0
    outer loop
      vertex -1.29904 0.75 11.7
      vertex -1.22873 0.860364 5.6
      vertex -1.22873 0.860364 11.7
    endloop
  endfacet
  facet normal 0.84339 -0.537302 0
    outer loop
      vertex -1.22873 0.860364 5.6
      vertex -1.29904 0.75 11.7
      vertex -1.29904 0.75 5.6
    endloop
  endfacet
  facet normal -0.0436352 0.999048 0
    outer loop
      vertex 0.130733 -1.49429 5.6
      vertex 0 -1.5 11.7
      vertex 0.130733 -1.49429 11.7
    endloop
  endfacet
  facet normal -0.0436352 0.999048 0
    outer loop
      vertex 0 -1.5 11.7
      vertex 0.130733 -1.49429 5.6
      vertex 0 -1.5 5.6
    endloop
  endfacet
  facet normal -0.216417 0.976301 0
    outer loop
      vertex 0.388228 -1.44889 5.6
      vertex 0.260471 -1.47721 11.7
      vertex 0.388228 -1.44889 11.7
    endloop
  endfacet
  facet normal -0.216417 0.976301 0
    outer loop
      vertex 0.260471 -1.47721 11.7
      vertex 0.388228 -1.44889 5.6
      vertex 0.260471 -1.47721 5.6
    endloop
  endfacet
  facet normal -0.382702 0.923872 0
    outer loop
      vertex 0.633927 -1.35946 5.6
      vertex 0.51303 -1.40954 11.7
      vertex 0.633927 -1.35946 11.7
    endloop
  endfacet
  facet normal -0.382702 0.923872 0
    outer loop
      vertex 0.51303 -1.40954 11.7
      vertex 0.633927 -1.35946 5.6
      vertex 0.51303 -1.40954 5.6
    endloop
  endfacet
  facet normal -0.737265 0.675604 0
    outer loop
      vertex 1.06066 -1.06066 5.6
      vertex 1.14907 -0.964181 11.7
      vertex 1.14907 -0.964181 5.6
    endloop
  endfacet
  facet normal -0.737265 0.675604 0
    outer loop
      vertex 1.14907 -0.964181 11.7
      vertex 1.06066 -1.06066 5.6
      vertex 1.06066 -1.06066 11.7
    endloop
  endfacet
  facet normal -0.537302 0.84339 0
    outer loop
      vertex 0.860364 -1.22873 5.6
      vertex 0.75 -1.29904 11.7
      vertex 0.860364 -1.22873 11.7
    endloop
  endfacet
  facet normal -0.537302 0.84339 0
    outer loop
      vertex 0.75 -1.29904 11.7
      vertex 0.860364 -1.22873 5.6
      vertex 0.75 -1.29904 5.6
    endloop
  endfacet
  facet normal -0.84339 0.537302 0
    outer loop
      vertex 1.22873 -0.860364 5.6
      vertex 1.29904 -0.75 11.7
      vertex 1.29904 -0.75 5.6
    endloop
  endfacet
  facet normal -0.84339 0.537302 0
    outer loop
      vertex 1.29904 -0.75 11.7
      vertex 1.22873 -0.860364 5.6
      vertex 1.22873 -0.860364 11.7
    endloop
  endfacet
  facet normal -0.923872 0.382702 0
    outer loop
      vertex 1.35946 -0.633927 5.6
      vertex 1.40954 -0.51303 11.7
      vertex 1.40954 -0.51303 5.6
    endloop
  endfacet
  facet normal -0.923872 0.382702 0
    outer loop
      vertex 1.40954 -0.51303 11.7
      vertex 1.35946 -0.633927 5.6
      vertex 1.35946 -0.633927 11.7
    endloop
  endfacet
  facet normal -0.991445 0.130524 0
    outer loop
      vertex 1.47721 -0.260471 5.6
      vertex 1.49429 -0.130733 11.7
      vertex 1.49429 -0.130733 5.6
    endloop
  endfacet
  facet normal -0.991445 0.130524 0
    outer loop
      vertex 1.49429 -0.130733 11.7
      vertex 1.47721 -0.260471 5.6
      vertex 1.47721 -0.260471 11.7
    endloop
  endfacet
  facet normal 0.382702 0.923872 -0
    outer loop
      vertex -0.51303 -1.40954 5.6
      vertex -0.633927 -1.35946 11.7
      vertex -0.51303 -1.40954 11.7
    endloop
  endfacet
  facet normal 0.382702 0.923872 0
    outer loop
      vertex -0.633927 -1.35946 11.7
      vertex -0.51303 -1.40954 5.6
      vertex -0.633927 -1.35946 5.6
    endloop
  endfacet
  facet normal 0.216417 0.976301 -0
    outer loop
      vertex -0.260471 -1.47721 5.6
      vertex -0.388228 -1.44889 11.7
      vertex -0.260471 -1.47721 11.7
    endloop
  endfacet
  facet normal 0.216417 0.976301 0
    outer loop
      vertex -0.388228 -1.44889 11.7
      vertex -0.260471 -1.47721 5.6
      vertex -0.388228 -1.44889 5.6
    endloop
  endfacet
  facet normal 0.0436352 0.999048 -0
    outer loop
      vertex 0 -1.5 5.6
      vertex -0.130733 -1.49429 11.7
      vertex 0 -1.5 11.7
    endloop
  endfacet
  facet normal 0.0436352 0.999048 0
    outer loop
      vertex -0.130733 -1.49429 11.7
      vertex 0 -1.5 5.6
      vertex -0.130733 -1.49429 5.6
    endloop
  endfacet
  facet normal 0.84339 0.537302 0
    outer loop
      vertex -1.22873 -0.860364 11.7
      vertex -1.29904 -0.75 5.6
      vertex -1.29904 -0.75 11.7
    endloop
  endfacet
  facet normal 0.84339 0.537302 0
    outer loop
      vertex -1.29904 -0.75 5.6
      vertex -1.22873 -0.860364 11.7
      vertex -1.22873 -0.860364 5.6
    endloop
  endfacet
  facet normal 0.991445 0.130524 0
    outer loop
      vertex -1.47721 -0.260471 11.7
      vertex -1.49429 -0.130733 5.6
      vertex -1.49429 -0.130733 11.7
    endloop
  endfacet
  facet normal 0.991445 0.130524 0
    outer loop
      vertex -1.49429 -0.130733 5.6
      vertex -1.47721 -0.260471 11.7
      vertex -1.47721 -0.260471 5.6
    endloop
  endfacet
  facet normal 0.537302 -0.84339 0
    outer loop
      vertex -0.860364 1.22873 5.6
      vertex -0.75 1.29904 11.7
      vertex -0.860364 1.22873 11.7
    endloop
  endfacet
  facet normal 0.537302 -0.84339 0
    outer loop
      vertex -0.75 1.29904 11.7
      vertex -0.860364 1.22873 5.6
      vertex -0.75 1.29904 5.6
    endloop
  endfacet
  facet normal -0.130524 0.991445 0
    outer loop
      vertex 0.260471 -1.47721 5.6
      vertex 0.130733 -1.49429 11.7
      vertex 0.260471 -1.47721 11.7
    endloop
  endfacet
  facet normal -0.130524 0.991445 0
    outer loop
      vertex 0.130733 -1.49429 11.7
      vertex 0.260471 -1.47721 5.6
      vertex 0.130733 -1.49429 5.6
    endloop
  endfacet
  facet normal -0.999048 0.0436352 0
    outer loop
      vertex 1.49429 -0.130733 5.6
      vertex 1.5 0 11.7
      vertex 1.5 0 5.6
    endloop
  endfacet
  facet normal -0.999048 0.0436352 0
    outer loop
      vertex 1.5 0 11.7
      vertex 1.49429 -0.130733 5.6
      vertex 1.49429 -0.130733 11.7
    endloop
  endfacet
  facet normal -0.976301 0.216417 0
    outer loop
      vertex 1.44889 -0.388228 5.6
      vertex 1.47721 -0.260471 11.7
      vertex 1.47721 -0.260471 5.6
    endloop
  endfacet
  facet normal -0.976301 0.216417 0
    outer loop
      vertex 1.47721 -0.260471 11.7
      vertex 1.44889 -0.388228 5.6
      vertex 1.44889 -0.388228 11.7
    endloop
  endfacet
  facet normal 0.537302 0.84339 -0
    outer loop
      vertex -0.75 -1.29904 5.6
      vertex -0.860364 -1.22873 11.7
      vertex -0.75 -1.29904 11.7
    endloop
  endfacet
  facet normal 0.537302 0.84339 0
    outer loop
      vertex -0.860364 -1.22873 11.7
      vertex -0.75 -1.29904 5.6
      vertex -0.860364 -1.22873 5.6
    endloop
  endfacet
  facet normal 0.793359 0.608754 0
    outer loop
      vertex -1.14907 -0.964181 11.7
      vertex -1.22873 -0.860364 5.6
      vertex -1.22873 -0.860364 11.7
    endloop
  endfacet
  facet normal 0.793359 0.608754 0
    outer loop
      vertex -1.22873 -0.860364 5.6
      vertex -1.14907 -0.964181 11.7
      vertex -1.14907 -0.964181 5.6
    endloop
  endfacet
endsolid OpenSCAD_Model
