solid OpenSCAD_Model
  facet normal 0 -0.0436193 0.999048
    outer loop
      vertex -16.5 1.3313 0.0331259
      vertex 16.5 0.57259 0
      vertex 16.5 1.3313 0.0331259
    endloop
  endfacet
  facet normal 0 -0.0436193 0.999048
    outer loop
      vertex 16.5 0.57259 0
      vertex -16.5 1.3313 0.0331259
      vertex -16.5 0.57259 0
    endloop
  endfacet
  facet normal 0 -0.0436211 -0.999048
    outer loop
      vertex -16.5 0 30.525
      vertex -12.8011 1.11995 30.4761
      vertex -12.85 0 30.525
    endloop
  endfacet
  facet normal -6.38563e-06 -0.0436001 -0.999049
    outer loop
      vertex -16.5 1.3313 30.4669
      vertex -12.8011 1.11995 30.4761
      vertex -16.5 0 30.525
    endloop
  endfacet
  facet normal 0 -0.0434885 -0.999054
    outer loop
      vertex -12.8011 1.11995 30.4761
      vertex -16.5 1.3313 30.4669
      vertex -12.7733 1.3313 30.4669
    endloop
  endfacet
  facet normal 0 0.999049 -0.0436001
    outer loop
      vertex 16.5 -15.275 15.25
      vertex -16.5 -15.2169 16.5813
      vertex 16.5 -15.2169 16.5813
    endloop
  endfacet
  facet normal 0 0.999049 -0.0436001
    outer loop
      vertex -16.5 -15.2169 16.5813
      vertex 16.5 -15.275 15.25
      vertex -16.5 -15.275 15.25
    endloop
  endfacet
  facet normal 0 0.67536 -0.737488
    outer loop
      vertex -16.5 -10.8011 26.0511
      vertex -6.125 -10.6088 26.2272
      vertex -5.7557 -10.8011 26.0511
    endloop
  endfacet
  facet normal -8.61525e-06 0.675613 -0.737257
    outer loop
      vertex -16.5 -10.8011 26.0511
      vertex -7.02631 -10.0346 26.7534
      vertex -6.125 -10.6088 26.2272
    endloop
  endfacet
  facet normal 6.68024e-06 0.67551 -0.737351
    outer loop
      vertex -16.5 -10.8011 26.0511
      vertex -7.30785 -9.81858 26.9513
      vertex -7.02631 -10.0346 26.7534
    endloop
  endfacet
  facet normal 0 0.675544 -0.73732
    outer loop
      vertex -7.30785 -9.81858 26.9513
      vertex -16.5 -10.8011 26.0511
      vertex -16.5 -9.81858 26.9513
    endloop
  endfacet
  facet normal 0 0.675555 -0.737309
    outer loop
      vertex 16.5 -10.8011 26.0511
      vertex 7.23485 -9.8746 26.9
      vertex 16.5 -9.8746 26.9
    endloop
  endfacet
  facet normal 3.96015e-07 0.675557 -0.737307
    outer loop
      vertex 16.5 -10.8011 26.0511
      vertex 7.02631 -10.0346 26.7534
      vertex 7.23485 -9.8746 26.9
    endloop
  endfacet
  facet normal 8.61525e-06 0.675613 -0.737257
    outer loop
      vertex 16.5 -10.8011 26.0511
      vertex 6.125 -10.6088 26.2272
      vertex 7.02631 -10.0346 26.7534
    endloop
  endfacet
  facet normal 0 0.67536 -0.737488
    outer loop
      vertex 6.125 -10.6088 26.2272
      vertex 16.5 -10.8011 26.0511
      vertex 5.7557 -10.8011 26.0511
    endloop
  endfacet
  facet normal 0 -0.737313 -0.675551
    outer loop
      vertex -16.5 11.7013 25.0686
      vertex -5.7557 10.8011 26.0511
      vertex -16.5 10.8011 26.0511
    endloop
  endfacet
  facet normal -1.0205e-05 -0.737369 -0.675491
    outer loop
      vertex -5.7557 10.8011 26.0511
      vertex -16.5 11.7013 25.0686
      vertex -5.17707 11.1023 25.7223
    endloop
  endfacet
  facet normal -4.62796e-06 -0.73732 -0.675543
    outer loop
      vertex -5.17707 11.1023 25.7223
      vertex -16.5 11.7013 25.0686
      vertex -4.18975 11.5112 25.276
    endloop
  endfacet
  facet normal 0 -0.737184 -0.675692
    outer loop
      vertex -4.18975 11.5112 25.276
      vertex -16.5 11.7013 25.0686
      vertex -3.58685 11.7013 25.0686
    endloop
  endfacet
  facet normal 1.0205e-05 -0.737369 -0.675491
    outer loop
      vertex 16.5 11.7013 25.0686
      vertex 5.7557 10.8011 26.0511
      vertex 5.17707 11.1023 25.7223
    endloop
  endfacet
  facet normal 4.62796e-06 -0.73732 -0.675543
    outer loop
      vertex 16.5 11.7013 25.0686
      vertex 5.17707 11.1023 25.7223
      vertex 4.18975 11.5112 25.276
    endloop
  endfacet
  facet normal -0 -0.737184 -0.675692
    outer loop
      vertex 16.5 11.7013 25.0686
      vertex 4.18975 11.5112 25.276
      vertex 3.58685 11.7013 25.0686
    endloop
  endfacet
  facet normal 0 -0.737313 -0.675551
    outer loop
      vertex 5.7557 10.8011 26.0511
      vertex 16.5 11.7013 25.0686
      vertex 16.5 10.8011 26.0511
    endloop
  endfacet
  facet normal 0 -0.95372 -0.300697
    outer loop
      vertex -16.5 14.7545 19.2035
      vertex 16.5 14.3538 20.4744
      vertex -16.5 14.3538 20.4744
    endloop
  endfacet
  facet normal 0 -0.95372 -0.300697
    outer loop
      vertex 16.5 14.3538 20.4744
      vertex -16.5 14.7545 19.2035
      vertex 16.5 14.7545 19.2035
    endloop
  endfacet
  facet normal 0 0.216522 -0.976278
    outer loop
      vertex -16.5 -3.95346 30.0045
      vertex -12.4121 -3.32582 30.1437
      vertex -12.2143 -3.95346 30.0045
    endloop
  endfacet
  facet normal 2.91703e-05 0.216341 -0.976318
    outer loop
      vertex -16.5 -3.95346 30.0045
      vertex -12.5614 -2.65248 30.2929
      vertex -12.4121 -3.32582 30.1437
    endloop
  endfacet
  facet normal 0 0.216425 -0.976299
    outer loop
      vertex -12.5614 -2.65248 30.2929
      vertex -16.5 -3.95346 30.0045
      vertex -16.5 -2.65248 30.2929
    endloop
  endfacet
  facet normal 0 -0.675572 0.737294
    outer loop
      vertex -16.5 10.8011 4.44894
      vertex 16.5 9.81858 3.54867
      vertex 16.5 10.8011 4.44894
    endloop
  endfacet
  facet normal 0 -0.675572 0.737294
    outer loop
      vertex 16.5 9.81858 3.54867
      vertex -16.5 10.8011 4.44894
      vertex -16.5 9.81858 3.54867
    endloop
  endfacet
  facet normal 0 -0.923889 0.382662
    outer loop
      vertex -16.5 13.8439 8.79451
      vertex 16.5 14.3538 10.0256
      vertex -16.5 14.3538 10.0256
    endloop
  endfacet
  facet normal 0 -0.923889 0.382662
    outer loop
      vertex 16.5 14.3538 10.0256
      vertex -16.5 13.8439 8.79451
      vertex 16.5 13.8439 8.79451
    endloop
  endfacet
  facet normal 0 -0.461799 -0.886985
    outer loop
      vertex -16.5 7.6375 28.4785
      vertex -10.3983 6.45549 29.0939
      vertex -16.5 6.45549 29.0939
    endloop
  endfacet
  facet normal -2.43548e-06 -0.461808 -0.88698
    outer loop
      vertex -10.3983 6.45549 29.0939
      vertex -16.5 7.6375 28.4785
      vertex -10.0346 7.02631 28.7967
    endloop
  endfacet
  facet normal 0 -0.461788 -0.88699
    outer loop
      vertex -10.0346 7.02631 28.7967
      vertex -16.5 7.6375 28.4785
      vertex -9.56563 7.6375 28.4785
    endloop
  endfacet
  facet normal 0 -0.991439 -0.130571
    outer loop
      vertex -16.5 15.2169 16.5813
      vertex 16.5 15.0429 17.9025
      vertex -16.5 15.0429 17.9025
    endloop
  endfacet
  facet normal 0 -0.991439 -0.130571
    outer loop
      vertex 16.5 15.0429 17.9025
      vertex -16.5 15.2169 16.5813
      vertex 16.5 15.2169 16.5813
    endloop
  endfacet
  facet normal -0 0.461745 0.887013
    outer loop
      vertex -16.5 -6.45549 1.40615
      vertex 16.5 -7.6375 2.02146
      vertex 16.5 -6.45549 1.40615
    endloop
  endfacet
  facet normal 0 0.461745 0.887013
    outer loop
      vertex 16.5 -7.6375 2.02146
      vertex -16.5 -6.45549 1.40615
      vertex -16.5 -7.6375 2.02146
    endloop
  endfacet
  facet normal 0 0.9763 0.216422
    outer loop
      vertex 16.5 -14.7545 11.2965
      vertex -16.5 -15.0429 12.5975
      vertex 16.5 -15.0429 12.5975
    endloop
  endfacet
  facet normal 0 0.9763 0.216422
    outer loop
      vertex -16.5 -15.0429 12.5975
      vertex 16.5 -14.7545 11.2965
      vertex -16.5 -14.7545 11.2965
    endloop
  endfacet
  facet normal 0 0.737306 0.675559
    outer loop
      vertex 16.5 -10.8011 4.44894
      vertex -16.5 -11.7013 5.43142
      vertex 16.5 -11.7013 5.43142
    endloop
  endfacet
  facet normal 0 0.737306 0.675559
    outer loop
      vertex -16.5 -11.7013 5.43142
      vertex 16.5 -10.8011 4.44894
      vertex -16.5 -10.8011 4.44894
    endloop
  endfacet
  facet normal 0 0.92389 -0.382659
    outer loop
      vertex 16.5 -14.3538 20.4744
      vertex -16.5 -13.8439 21.7055
      vertex 16.5 -13.8439 21.7055
    endloop
  endfacet
  facet normal 0 0.92389 -0.382659
    outer loop
      vertex -16.5 -13.8439 21.7055
      vertex 16.5 -14.3538 20.4744
      vertex -16.5 -14.3538 20.4744
    endloop
  endfacet
  facet normal 0 0.95372 -0.300697
    outer loop
      vertex 16.5 -14.7545 19.2035
      vertex -16.5 -14.3538 20.4744
      vertex 16.5 -14.3538 20.4744
    endloop
  endfacet
  facet normal 0 0.95372 -0.300697
    outer loop
      vertex -16.5 -14.3538 20.4744
      vertex 16.5 -14.7545 19.2035
      vertex -16.5 -14.7545 19.2035
    endloop
  endfacet
  facet normal 0 0.130668 -0.991426
    outer loop
      vertex -16.5 -2.65248 30.2929
      vertex -12.6548 -2.23138 30.3484
      vertex -12.5614 -2.65248 30.2929
    endloop
  endfacet
  facet normal 1.52745e-05 0.130531 -0.991444
    outer loop
      vertex -16.5 -2.65248 30.2929
      vertex -12.7733 -1.3313 30.4669
      vertex -12.6548 -2.23138 30.3484
    endloop
  endfacet
  facet normal 0 0.130573 -0.991439
    outer loop
      vertex -12.7733 -1.3313 30.4669
      vertex -16.5 -2.65248 30.2929
      vertex -16.5 -1.3313 30.4669
    endloop
  endfacet
  facet normal 0 -0.130525 0.991445
    outer loop
      vertex -16.5 2.65248 0.207061
      vertex 16.5 1.3313 0.0331259
      vertex 16.5 2.65248 0.207061
    endloop
  endfacet
  facet normal 0 -0.130525 0.991445
    outer loop
      vertex 16.5 1.3313 0.0331259
      vertex -16.5 2.65248 0.207061
      vertex -16.5 1.3313 0.0331259
    endloop
  endfacet
  facet normal 0 -0.300705 0.953717
    outer loop
      vertex -16.5 5.22436 0.896194
      vertex 16.5 3.95346 0.495482
      vertex 16.5 5.22436 0.896194
    endloop
  endfacet
  facet normal 0 -0.300705 0.953717
    outer loop
      vertex 16.5 3.95346 0.495482
      vertex -16.5 5.22436 0.896194
      vertex -16.5 3.95346 0.495482
    endloop
  endfacet
  facet normal 0 -0.608762 0.793353
    outer loop
      vertex -16.5 9.81858 3.54867
      vertex 16.5 8.76138 2.73745
      vertex 16.5 9.81858 3.54867
    endloop
  endfacet
  facet normal 0 -0.608762 0.793353
    outer loop
      vertex 16.5 8.76138 2.73745
      vertex -16.5 9.81858 3.54867
      vertex -16.5 8.76138 2.73745
    endloop
  endfacet
  facet normal 0 -0.461745 0.887013
    outer loop
      vertex -16.5 7.6375 2.02146
      vertex 16.5 6.45549 1.40615
      vertex 16.5 7.6375 2.02146
    endloop
  endfacet
  facet normal 0 -0.461745 0.887013
    outer loop
      vertex 16.5 6.45549 1.40615
      vertex -16.5 7.6375 2.02146
      vertex -16.5 6.45549 1.40615
    endloop
  endfacet
  facet normal 0 -0.9763 0.216422
    outer loop
      vertex -16.5 14.7545 11.2965
      vertex 16.5 15.0429 12.5975
      vertex -16.5 15.0429 12.5975
    endloop
  endfacet
  facet normal 0 -0.9763 0.216422
    outer loop
      vertex 16.5 15.0429 12.5975
      vertex -16.5 14.7545 11.2965
      vertex 16.5 14.7545 11.2965
    endloop
  endfacet
  facet normal 0 -0.95372 0.300697
    outer loop
      vertex -16.5 14.3538 10.0256
      vertex 16.5 14.7545 11.2965
      vertex -16.5 14.7545 11.2965
    endloop
  endfacet
  facet normal 0 -0.95372 0.300697
    outer loop
      vertex 16.5 14.7545 11.2965
      vertex -16.5 14.3538 10.0256
      vertex 16.5 14.3538 10.0256
    endloop
  endfacet
  facet normal 0 -0.991439 0.130571
    outer loop
      vertex -16.5 15.0429 12.5975
      vertex 16.5 15.2169 13.9187
      vertex -16.5 15.2169 13.9187
    endloop
  endfacet
  facet normal 0 -0.991439 0.130571
    outer loop
      vertex 16.5 15.2169 13.9187
      vertex -16.5 15.0429 12.5975
      vertex 16.5 15.0429 12.5975
    endloop
  endfacet
  facet normal 0 -0.886985 0.461799
    outer loop
      vertex -16.5 13.2285 7.6125
      vertex 16.5 13.8439 8.79451
      vertex -16.5 13.8439 8.79451
    endloop
  endfacet
  facet normal 0 -0.886985 0.461799
    outer loop
      vertex 16.5 13.8439 8.79451
      vertex -16.5 13.2285 7.6125
      vertex 16.5 13.2285 7.6125
    endloop
  endfacet
  facet normal 0 -0.737306 0.675559
    outer loop
      vertex -16.5 10.8011 4.44894
      vertex 16.5 11.7013 5.43142
      vertex -16.5 11.7013 5.43142
    endloop
  endfacet
  facet normal 0 -0.737306 0.675559
    outer loop
      vertex 16.5 11.7013 5.43142
      vertex -16.5 10.8011 4.44894
      vertex 16.5 10.8011 4.44894
    endloop
  endfacet
  facet normal 0 -0.216425 -0.976299
    outer loop
      vertex -16.5 3.95346 30.0045
      vertex -12.5614 2.65248 30.2929
      vertex -16.5 2.65248 30.2929
    endloop
  endfacet
  facet normal 2.91703e-05 -0.216341 -0.976318
    outer loop
      vertex -12.5614 2.65248 30.2929
      vertex -16.5 3.95346 30.0045
      vertex -12.4121 3.32582 30.1437
    endloop
  endfacet
  facet normal 0 -0.216522 -0.976278
    outer loop
      vertex -12.4121 3.32582 30.1437
      vertex -16.5 3.95346 30.0045
      vertex -12.2143 3.95346 30.0045
    endloop
  endfacet
  facet normal 0 -0.675544 -0.73732
    outer loop
      vertex -16.5 10.8011 26.0511
      vertex -7.30785 9.81858 26.9513
      vertex -16.5 9.81858 26.9513
    endloop
  endfacet
  facet normal 6.68024e-06 -0.67551 -0.737351
    outer loop
      vertex -7.30785 9.81858 26.9513
      vertex -16.5 10.8011 26.0511
      vertex -7.02631 10.0346 26.7534
    endloop
  endfacet
  facet normal -8.61525e-06 -0.675613 -0.737257
    outer loop
      vertex -7.02631 10.0346 26.7534
      vertex -16.5 10.8011 26.0511
      vertex -6.125 10.6088 26.2272
    endloop
  endfacet
  facet normal 0 -0.67536 -0.737488
    outer loop
      vertex -6.125 10.6088 26.2272
      vertex -16.5 10.8011 26.0511
      vertex -5.7557 10.8011 26.0511
    endloop
  endfacet
  facet normal 0 -0.675555 -0.737309
    outer loop
      vertex 7.23485 9.8746 26.9
      vertex 16.5 10.8011 26.0511
      vertex 16.5 9.8746 26.9
    endloop
  endfacet
  facet normal 3.96015e-07 -0.675557 -0.737307
    outer loop
      vertex 7.02631 10.0346 26.7534
      vertex 16.5 10.8011 26.0511
      vertex 7.23485 9.8746 26.9
    endloop
  endfacet
  facet normal 8.61525e-06 -0.675613 -0.737257
    outer loop
      vertex 6.125 10.6088 26.2272
      vertex 16.5 10.8011 26.0511
      vertex 7.02631 10.0346 26.7534
    endloop
  endfacet
  facet normal -0 -0.67536 -0.737488
    outer loop
      vertex 16.5 10.8011 26.0511
      vertex 6.125 10.6088 26.2272
      vertex 5.7557 10.8011 26.0511
    endloop
  endfacet
  facet normal 0 -0.382651 -0.923893
    outer loop
      vertex -16.5 6.45549 29.0939
      vertex -11.0777 5.22436 29.6038
      vertex -16.5 5.22436 29.6038
    endloop
  endfacet
  facet normal -1.66249e-05 -0.382713 -0.923867
    outer loop
      vertex -11.0777 5.22436 29.6038
      vertex -16.5 6.45549 29.0939
      vertex -10.6088 6.125 29.2307
    endloop
  endfacet
  facet normal 0 -0.38246 -0.923972
    outer loop
      vertex -10.6088 6.125 29.2307
      vertex -16.5 6.45549 29.0939
      vertex -10.3983 6.45549 29.0939
    endloop
  endfacet
  facet normal 0 -0.130573 -0.991439
    outer loop
      vertex -16.5 2.65248 30.2929
      vertex -12.7733 1.3313 30.4669
      vertex -16.5 1.3313 30.4669
    endloop
  endfacet
  facet normal 1.52745e-05 -0.130531 -0.991444
    outer loop
      vertex -12.7733 1.3313 30.4669
      vertex -16.5 2.65248 30.2929
      vertex -12.6548 2.23138 30.3484
    endloop
  endfacet
  facet normal 0 -0.130668 -0.991426
    outer loop
      vertex -12.6548 2.23138 30.3484
      vertex -16.5 2.65248 30.2929
      vertex -12.5614 2.65248 30.2929
    endloop
  endfacet
  facet normal 0 -0.886983 -0.461802
    outer loop
      vertex -16.5 13.8439 21.7055
      vertex 16.5 13.2285 22.8875
      vertex -16.5 13.2285 22.8875
    endloop
  endfacet
  facet normal 0 -0.886983 -0.461802
    outer loop
      vertex 16.5 13.2285 22.8875
      vertex -16.5 13.8439 21.7055
      vertex 16.5 13.8439 21.7055
    endloop
  endfacet
  facet normal 0 -0.79336 -0.608753
    outer loop
      vertex -16.5 12.5125 24.0114
      vertex -3.58685 11.7013 25.0686
      vertex -16.5 11.7013 25.0686
    endloop
  endfacet
  facet normal 4.20386e-06 -0.793335 -0.608785
    outer loop
      vertex -3.58685 11.7013 25.0686
      vertex -16.5 12.5125 24.0114
      vertex -3.17053 11.8326 24.8975
    endloop
  endfacet
  facet normal 5.30864e-06 -0.793327 -0.608796
    outer loop
      vertex -3.17053 11.8326 24.8975
      vertex -16.5 12.5125 24.0114
      vertex -2.12719 12.0639 24.5961
    endloop
  endfacet
  facet normal 2.49606e-06 -0.79336 -0.608752
    outer loop
      vertex -2.12719 12.0639 24.5961
      vertex -16.5 12.5125 24.0114
      vertex -1.06766 12.2034 24.4143
    endloop
  endfacet
  facet normal -1.05199e-05 -0.793601 -0.608438
    outer loop
      vertex -1.06766 12.2034 24.4143
      vertex -16.5 12.5125 24.0114
      vertex 0 12.25 24.3535
    endloop
  endfacet
  facet normal -4.20386e-06 -0.793335 -0.608785
    outer loop
      vertex 16.5 12.5125 24.0114
      vertex 3.58685 11.7013 25.0686
      vertex 3.17053 11.8326 24.8975
    endloop
  endfacet
  facet normal -5.30864e-06 -0.793327 -0.608796
    outer loop
      vertex 16.5 12.5125 24.0114
      vertex 3.17053 11.8326 24.8975
      vertex 2.12719 12.0639 24.5961
    endloop
  endfacet
  facet normal -2.49606e-06 -0.79336 -0.608752
    outer loop
      vertex 16.5 12.5125 24.0114
      vertex 2.12719 12.0639 24.5961
      vertex 1.06766 12.2034 24.4143
    endloop
  endfacet
  facet normal 1.05199e-05 -0.793601 -0.608438
    outer loop
      vertex 16.5 12.5125 24.0114
      vertex 1.06766 12.2034 24.4143
      vertex 0 12.25 24.3535
    endloop
  endfacet
  facet normal 0 -0.79336 -0.608753
    outer loop
      vertex 3.58685 11.7013 25.0686
      vertex 16.5 12.5125 24.0114
      vertex 16.5 11.7013 25.0686
    endloop
  endfacet
  facet normal -0 -0.793356 -0.608758
    outer loop
      vertex 16.5 12.5125 24.0114
      vertex 0 12.25 24.3535
      vertex -16.5 12.5125 24.0114
    endloop
  endfacet
  facet normal 0 -0.999049 -0.0436001
    outer loop
      vertex -16.5 15.275 15.25
      vertex 16.5 15.2169 16.5813
      vertex -16.5 15.2169 16.5813
    endloop
  endfacet
  facet normal 0 -0.999049 -0.0436001
    outer loop
      vertex 16.5 15.2169 16.5813
      vertex -16.5 15.275 15.25
      vertex 16.5 15.275 15.25
    endloop
  endfacet
  facet normal 0 0.999049 0.0436001
    outer loop
      vertex 16.5 -15.2169 13.9187
      vertex -16.5 -15.275 15.25
      vertex 16.5 -15.275 15.25
    endloop
  endfacet
  facet normal 0 0.999049 0.0436001
    outer loop
      vertex -16.5 -15.275 15.25
      vertex 16.5 -15.2169 13.9187
      vertex -16.5 -15.2169 13.9187
    endloop
  endfacet
  facet normal 0 0.923889 0.382662
    outer loop
      vertex 16.5 -13.8439 8.79451
      vertex -16.5 -14.3538 10.0256
      vertex 16.5 -14.3538 10.0256
    endloop
  endfacet
  facet normal 0 0.923889 0.382662
    outer loop
      vertex -16.5 -14.3538 10.0256
      vertex 16.5 -13.8439 8.79451
      vertex -16.5 -13.8439 8.79451
    endloop
  endfacet
  facet normal -0 0.675572 0.737294
    outer loop
      vertex -16.5 -9.81858 3.54867
      vertex 16.5 -10.8011 4.44894
      vertex 16.5 -9.81858 3.54867
    endloop
  endfacet
  facet normal 0 0.675572 0.737294
    outer loop
      vertex 16.5 -10.8011 4.44894
      vertex -16.5 -9.81858 3.54867
      vertex -16.5 -10.8011 4.44894
    endloop
  endfacet
  facet normal -0 0.21644 0.976296
    outer loop
      vertex -16.5 -2.65248 0.207061
      vertex 16.5 -3.95346 0.495482
      vertex 16.5 -2.65248 0.207061
    endloop
  endfacet
  facet normal 0 0.21644 0.976296
    outer loop
      vertex 16.5 -3.95346 0.495482
      vertex -16.5 -2.65248 0.207061
      vertex -16.5 -3.95346 0.495482
    endloop
  endfacet
  facet normal -0 0.300705 0.953717
    outer loop
      vertex -16.5 -3.95346 0.495482
      vertex 16.5 -5.22436 0.896194
      vertex 16.5 -3.95346 0.495482
    endloop
  endfacet
  facet normal 0 0.300705 0.953717
    outer loop
      vertex 16.5 -5.22436 0.896194
      vertex -16.5 -3.95346 0.495482
      vertex -16.5 -5.22436 0.896194
    endloop
  endfacet
  facet normal -0 0.130525 0.991445
    outer loop
      vertex -16.5 -1.3313 0.0331259
      vertex 16.5 -2.65248 0.207061
      vertex 16.5 -1.3313 0.0331259
    endloop
  endfacet
  facet normal 0 0.130525 0.991445
    outer loop
      vertex 16.5 -2.65248 0.207061
      vertex -16.5 -1.3313 0.0331259
      vertex -16.5 -2.65248 0.207061
    endloop
  endfacet
  facet normal 0 0.9763 -0.216422
    outer loop
      vertex 16.5 -15.0429 17.9025
      vertex -16.5 -14.7545 19.2035
      vertex 16.5 -14.7545 19.2035
    endloop
  endfacet
  facet normal 0 0.9763 -0.216422
    outer loop
      vertex -16.5 -14.7545 19.2035
      vertex 16.5 -15.0429 17.9025
      vertex -16.5 -15.0429 17.9025
    endloop
  endfacet
  facet normal -1.0205e-05 0.737369 -0.675491
    outer loop
      vertex -16.5 -11.7013 25.0686
      vertex -5.7557 -10.8011 26.0511
      vertex -5.17707 -11.1023 25.7223
    endloop
  endfacet
  facet normal -4.62796e-06 0.73732 -0.675543
    outer loop
      vertex -16.5 -11.7013 25.0686
      vertex -5.17707 -11.1023 25.7223
      vertex -4.18975 -11.5112 25.276
    endloop
  endfacet
  facet normal 0 0.737184 -0.675692
    outer loop
      vertex -16.5 -11.7013 25.0686
      vertex -4.18975 -11.5112 25.276
      vertex -3.58685 -11.7013 25.0686
    endloop
  endfacet
  facet normal 0 0.737313 -0.675551
    outer loop
      vertex -5.7557 -10.8011 26.0511
      vertex -16.5 -11.7013 25.0686
      vertex -16.5 -10.8011 26.0511
    endloop
  endfacet
  facet normal 0 0.737313 -0.675551
    outer loop
      vertex 16.5 -11.7013 25.0686
      vertex 5.7557 -10.8011 26.0511
      vertex 16.5 -10.8011 26.0511
    endloop
  endfacet
  facet normal 1.0205e-05 0.737369 -0.675491
    outer loop
      vertex 5.7557 -10.8011 26.0511
      vertex 16.5 -11.7013 25.0686
      vertex 5.17707 -11.1023 25.7223
    endloop
  endfacet
  facet normal 4.62796e-06 0.73732 -0.675543
    outer loop
      vertex 5.17707 -11.1023 25.7223
      vertex 16.5 -11.7013 25.0686
      vertex 4.18975 -11.5112 25.276
    endloop
  endfacet
  facet normal 0 0.737184 -0.675692
    outer loop
      vertex 4.18975 -11.5112 25.276
      vertex 16.5 -11.7013 25.0686
      vertex 3.58685 -11.7013 25.0686
    endloop
  endfacet
  facet normal 0 0.843393 -0.537298
    outer loop
      vertex 16.5 -13.2285 22.8875
      vertex -16.5 -12.5125 24.0114
      vertex 16.5 -12.5125 24.0114
    endloop
  endfacet
  facet normal 0 0.843393 -0.537298
    outer loop
      vertex -16.5 -12.5125 24.0114
      vertex 16.5 -13.2285 22.8875
      vertex -16.5 -13.2285 22.8875
    endloop
  endfacet
  facet normal 0 0.886983 -0.461802
    outer loop
      vertex 16.5 -13.8439 21.7055
      vertex -16.5 -13.2285 22.8875
      vertex 16.5 -13.2285 22.8875
    endloop
  endfacet
  facet normal 0 0.886983 -0.461802
    outer loop
      vertex -16.5 -13.2285 22.8875
      vertex 16.5 -13.8439 21.7055
      vertex -16.5 -13.8439 21.7055
    endloop
  endfacet
  facet normal 0 0.991439 -0.130571
    outer loop
      vertex 16.5 -15.2169 16.5813
      vertex -16.5 -15.0429 17.9025
      vertex 16.5 -15.0429 17.9025
    endloop
  endfacet
  facet normal 0 0.991439 -0.130571
    outer loop
      vertex -16.5 -15.0429 17.9025
      vertex 16.5 -15.2169 16.5813
      vertex -16.5 -15.2169 16.5813
    endloop
  endfacet
  facet normal 0 0.38246 -0.923972
    outer loop
      vertex -16.5 -6.45549 29.0939
      vertex -10.6088 -6.125 29.2307
      vertex -10.3983 -6.45549 29.0939
    endloop
  endfacet
  facet normal -1.66249e-05 0.382713 -0.923867
    outer loop
      vertex -16.5 -6.45549 29.0939
      vertex -11.0777 -5.22436 29.6038
      vertex -10.6088 -6.125 29.2307
    endloop
  endfacet
  facet normal 0 0.382651 -0.923893
    outer loop
      vertex -11.0777 -5.22436 29.6038
      vertex -16.5 -6.45549 29.0939
      vertex -16.5 -5.22436 29.6038
    endloop
  endfacet
  facet normal 0 0.461788 -0.88699
    outer loop
      vertex -16.5 -7.6375 28.4785
      vertex -10.0346 -7.02631 28.7967
      vertex -9.56563 -7.6375 28.4785
    endloop
  endfacet
  facet normal -2.43548e-06 0.461808 -0.88698
    outer loop
      vertex -16.5 -7.6375 28.4785
      vertex -10.3983 -6.45549 29.0939
      vertex -10.0346 -7.02631 28.7967
    endloop
  endfacet
  facet normal 0 0.461799 -0.886985
    outer loop
      vertex -10.3983 -6.45549 29.0939
      vertex -16.5 -7.6375 28.4785
      vertex -16.5 -6.45549 29.0939
    endloop
  endfacet
  facet normal 0 0.30076 -0.9537
    outer loop
      vertex -11.1023 -5.17707 29.6187
      vertex -11.8579 -4.91927 29.7
      vertex -11.2091 -4.91927 29.7
    endloop
  endfacet
  facet normal -0.000112188 0.30046 -0.953794
    outer loop
      vertex -11.0777 -5.22436 29.6038
      vertex -11.8579 -4.91927 29.7
      vertex -11.1023 -5.17707 29.6187
    endloop
  endfacet
  facet normal 0 0.300721 -0.953712
    outer loop
      vertex -16.5 -5.22436 29.6038
      vertex -11.8579 -4.91927 29.7
      vertex -11.0777 -5.22436 29.6038
    endloop
  endfacet
  facet normal 2.76374e-06 0.300683 -0.953724
    outer loop
      vertex -16.5 -5.22436 29.6038
      vertex -12.075 -4.39496 29.8653
      vertex -11.8579 -4.91927 29.7
    endloop
  endfacet
  facet normal -1.06011e-07 0.300697 -0.95372
    outer loop
      vertex -16.5 -5.22436 29.6038
      vertex -12.2143 -3.95346 30.0045
      vertex -12.075 -4.39496 29.8653
    endloop
  endfacet
  facet normal 0 0.300697 -0.95372
    outer loop
      vertex -12.2143 -3.95346 30.0045
      vertex -16.5 -5.22436 29.6038
      vertex -16.5 -3.95346 30.0045
    endloop
  endfacet
  facet normal 0 0.0434885 -0.999054
    outer loop
      vertex -16.5 -1.3313 30.4669
      vertex -12.8011 -1.11995 30.4761
      vertex -12.7733 -1.3313 30.4669
    endloop
  endfacet
  facet normal -6.38563e-06 0.0436001 -0.999049
    outer loop
      vertex -16.5 0 30.525
      vertex -12.8011 -1.11995 30.4761
      vertex -16.5 -1.3313 30.4669
    endloop
  endfacet
  facet normal 0 0.0436211 -0.999048
    outer loop
      vertex -12.8011 -1.11995 30.4761
      vertex -16.5 0 30.525
      vertex -12.85 0 30.525
    endloop
  endfacet
  facet normal 0 -0.21644 0.976296
    outer loop
      vertex -16.5 3.95346 0.495482
      vertex 16.5 2.65248 0.207061
      vertex 16.5 3.95346 0.495482
    endloop
  endfacet
  facet normal 0 -0.21644 0.976296
    outer loop
      vertex 16.5 2.65248 0.207061
      vertex -16.5 3.95346 0.495482
      vertex -16.5 2.65248 0.207061
    endloop
  endfacet
  facet normal 0 -0.382687 0.923878
    outer loop
      vertex -16.5 6.45549 1.40615
      vertex 16.5 5.22436 0.896194
      vertex 16.5 6.45549 1.40615
    endloop
  endfacet
  facet normal 0 -0.382687 0.923878
    outer loop
      vertex 16.5 5.22436 0.896194
      vertex -16.5 6.45549 1.40615
      vertex -16.5 5.22436 0.896194
    endloop
  endfacet
  facet normal 0 -0.537299 0.843392
    outer loop
      vertex -16.5 8.76138 2.73745
      vertex 16.5 7.6375 2.02146
      vertex 16.5 8.76138 2.73745
    endloop
  endfacet
  facet normal 0 -0.537299 0.843392
    outer loop
      vertex 16.5 7.6375 2.02146
      vertex -16.5 8.76138 2.73745
      vertex -16.5 7.6375 2.02146
    endloop
  endfacet
  facet normal 0 -0.999049 0.0436001
    outer loop
      vertex -16.5 15.2169 13.9187
      vertex 16.5 15.275 15.25
      vertex -16.5 15.275 15.25
    endloop
  endfacet
  facet normal 0 -0.999049 0.0436001
    outer loop
      vertex 16.5 15.275 15.25
      vertex -16.5 15.2169 13.9187
      vertex 16.5 15.2169 13.9187
    endloop
  endfacet
  facet normal 0 -0.843388 0.537305
    outer loop
      vertex -16.5 12.5125 6.48862
      vertex 16.5 13.2285 7.6125
      vertex -16.5 13.2285 7.6125
    endloop
  endfacet
  facet normal 0 -0.843388 0.537305
    outer loop
      vertex 16.5 13.2285 7.6125
      vertex -16.5 12.5125 6.48862
      vertex 16.5 12.5125 6.48862
    endloop
  endfacet
  facet normal 0 -0.79336 0.608753
    outer loop
      vertex -16.5 11.7013 5.43142
      vertex 16.5 12.5125 6.48862
      vertex -16.5 12.5125 6.48862
    endloop
  endfacet
  facet normal 0 -0.79336 0.608753
    outer loop
      vertex 16.5 12.5125 6.48862
      vertex -16.5 11.7013 5.43142
      vertex 16.5 11.7013 5.43142
    endloop
  endfacet
  facet normal 0 -0.30076 -0.9537
    outer loop
      vertex -11.8579 4.91927 29.7
      vertex -11.1023 5.17707 29.6187
      vertex -11.2091 4.91927 29.7
    endloop
  endfacet
  facet normal -0.000112188 -0.30046 -0.953794
    outer loop
      vertex -11.8579 4.91927 29.7
      vertex -11.0777 5.22436 29.6038
      vertex -11.1023 5.17707 29.6187
    endloop
  endfacet
  facet normal 0 -0.300697 -0.95372
    outer loop
      vertex -16.5 5.22436 29.6038
      vertex -12.2143 3.95346 30.0045
      vertex -16.5 3.95346 30.0045
    endloop
  endfacet
  facet normal -1.06011e-07 -0.300697 -0.95372
    outer loop
      vertex -12.2143 3.95346 30.0045
      vertex -16.5 5.22436 29.6038
      vertex -12.075 4.39496 29.8653
    endloop
  endfacet
  facet normal 2.76374e-06 -0.300683 -0.953724
    outer loop
      vertex -12.075 4.39496 29.8653
      vertex -16.5 5.22436 29.6038
      vertex -11.8579 4.91927 29.7
    endloop
  endfacet
  facet normal 0 -0.300721 -0.953712
    outer loop
      vertex -11.8579 4.91927 29.7
      vertex -16.5 5.22436 29.6038
      vertex -11.0777 5.22436 29.6038
    endloop
  endfacet
  facet normal 0 -0.92389 -0.382659
    outer loop
      vertex -16.5 14.3538 20.4744
      vertex 16.5 13.8439 21.7055
      vertex -16.5 13.8439 21.7055
    endloop
  endfacet
  facet normal 0 -0.92389 -0.382659
    outer loop
      vertex 16.5 13.8439 21.7055
      vertex -16.5 14.3538 20.4744
      vertex 16.5 14.3538 20.4744
    endloop
  endfacet
  facet normal 0 -0.843393 -0.537298
    outer loop
      vertex -16.5 13.2285 22.8875
      vertex 16.5 12.5125 24.0114
      vertex -16.5 12.5125 24.0114
    endloop
  endfacet
  facet normal 0 -0.843393 -0.537298
    outer loop
      vertex 16.5 12.5125 24.0114
      vertex -16.5 13.2285 22.8875
      vertex 16.5 13.2285 22.8875
    endloop
  endfacet
  facet normal 0 -0.9763 -0.216422
    outer loop
      vertex -16.5 15.0429 17.9025
      vertex 16.5 14.7545 19.2035
      vertex -16.5 14.7545 19.2035
    endloop
  endfacet
  facet normal 0 -0.9763 -0.216422
    outer loop
      vertex 16.5 14.7545 19.2035
      vertex -16.5 15.0429 17.9025
      vertex 16.5 15.0429 17.9025
    endloop
  endfacet
  facet normal -0 0.0436193 0.999048
    outer loop
      vertex -16.5 -0.57259 0
      vertex 16.5 -1.3313 0.0331259
      vertex 16.5 -0.57259 0
    endloop
  endfacet
  facet normal 0 0.0436193 0.999048
    outer loop
      vertex 16.5 -1.3313 0.0331259
      vertex -16.5 -0.57259 0
      vertex -16.5 -1.3313 0.0331259
    endloop
  endfacet
  facet normal 0 0.991439 0.130571
    outer loop
      vertex 16.5 -15.0429 12.5975
      vertex -16.5 -15.2169 13.9187
      vertex 16.5 -15.2169 13.9187
    endloop
  endfacet
  facet normal 0 0.991439 0.130571
    outer loop
      vertex -16.5 -15.2169 13.9187
      vertex 16.5 -15.0429 12.5975
      vertex -16.5 -15.0429 12.5975
    endloop
  endfacet
  facet normal 0 0.95372 0.300697
    outer loop
      vertex 16.5 -14.3538 10.0256
      vertex -16.5 -14.7545 11.2965
      vertex 16.5 -14.7545 11.2965
    endloop
  endfacet
  facet normal 0 0.95372 0.300697
    outer loop
      vertex -16.5 -14.7545 11.2965
      vertex 16.5 -14.3538 10.0256
      vertex -16.5 -14.3538 10.0256
    endloop
  endfacet
  facet normal 0 0.843388 0.537305
    outer loop
      vertex 16.5 -12.5125 6.48862
      vertex -16.5 -13.2285 7.6125
      vertex 16.5 -13.2285 7.6125
    endloop
  endfacet
  facet normal 0 0.843388 0.537305
    outer loop
      vertex -16.5 -13.2285 7.6125
      vertex 16.5 -12.5125 6.48862
      vertex -16.5 -12.5125 6.48862
    endloop
  endfacet
  facet normal 0 0.886985 0.461799
    outer loop
      vertex 16.5 -13.2285 7.6125
      vertex -16.5 -13.8439 8.79451
      vertex 16.5 -13.8439 8.79451
    endloop
  endfacet
  facet normal 0 0.886985 0.461799
    outer loop
      vertex -16.5 -13.8439 8.79451
      vertex 16.5 -13.2285 7.6125
      vertex -16.5 -13.2285 7.6125
    endloop
  endfacet
  facet normal -0 0.608762 0.793353
    outer loop
      vertex -16.5 -8.76138 2.73745
      vertex 16.5 -9.81858 3.54867
      vertex 16.5 -8.76138 2.73745
    endloop
  endfacet
  facet normal 0 0.608762 0.793353
    outer loop
      vertex 16.5 -9.81858 3.54867
      vertex -16.5 -8.76138 2.73745
      vertex -16.5 -9.81858 3.54867
    endloop
  endfacet
  facet normal -0 0.382687 0.923878
    outer loop
      vertex -16.5 -5.22436 0.896194
      vertex 16.5 -6.45549 1.40615
      vertex 16.5 -5.22436 0.896194
    endloop
  endfacet
  facet normal 0 0.382687 0.923878
    outer loop
      vertex 16.5 -6.45549 1.40615
      vertex -16.5 -5.22436 0.896194
      vertex -16.5 -6.45549 1.40615
    endloop
  endfacet
  facet normal 0 0.79336 -0.608753
    outer loop
      vertex 16.5 -12.5125 24.0114
      vertex 3.58685 -11.7013 25.0686
      vertex 16.5 -11.7013 25.0686
    endloop
  endfacet
  facet normal -4.20386e-06 0.793335 -0.608785
    outer loop
      vertex 3.58685 -11.7013 25.0686
      vertex 16.5 -12.5125 24.0114
      vertex 3.17053 -11.8326 24.8975
    endloop
  endfacet
  facet normal -5.30864e-06 0.793327 -0.608796
    outer loop
      vertex 3.17053 -11.8326 24.8975
      vertex 16.5 -12.5125 24.0114
      vertex 2.12719 -12.0639 24.5961
    endloop
  endfacet
  facet normal -2.49606e-06 0.79336 -0.608752
    outer loop
      vertex 2.12719 -12.0639 24.5961
      vertex 16.5 -12.5125 24.0114
      vertex 1.06766 -12.2034 24.4143
    endloop
  endfacet
  facet normal 1.05199e-05 0.793601 -0.608438
    outer loop
      vertex 1.06766 -12.2034 24.4143
      vertex 16.5 -12.5125 24.0114
      vertex 0 -12.25 24.3535
    endloop
  endfacet
  facet normal 4.20386e-06 0.793335 -0.608785
    outer loop
      vertex -16.5 -12.5125 24.0114
      vertex -3.58685 -11.7013 25.0686
      vertex -3.17053 -11.8326 24.8975
    endloop
  endfacet
  facet normal 5.30864e-06 0.793327 -0.608796
    outer loop
      vertex -16.5 -12.5125 24.0114
      vertex -3.17053 -11.8326 24.8975
      vertex -2.12719 -12.0639 24.5961
    endloop
  endfacet
  facet normal 2.49606e-06 0.79336 -0.608752
    outer loop
      vertex -16.5 -12.5125 24.0114
      vertex -2.12719 -12.0639 24.5961
      vertex -1.06766 -12.2034 24.4143
    endloop
  endfacet
  facet normal -1.05199e-05 0.793601 -0.608438
    outer loop
      vertex -16.5 -12.5125 24.0114
      vertex -1.06766 -12.2034 24.4143
      vertex 0 -12.25 24.3535
    endloop
  endfacet
  facet normal 0 0.79336 -0.608753
    outer loop
      vertex -3.58685 -11.7013 25.0686
      vertex -16.5 -12.5125 24.0114
      vertex -16.5 -11.7013 25.0686
    endloop
  endfacet
  facet normal 0 0.793356 -0.608758
    outer loop
      vertex -16.5 -12.5125 24.0114
      vertex 0 -12.25 24.3535
      vertex 16.5 -12.5125 24.0114
    endloop
  endfacet
  facet normal 0 0.537458 -0.843291
    outer loop
      vertex -16.5 -8.76138 27.7625
      vertex -8.66206 -8.66206 27.8258
      vertex -8.55367 -8.76138 27.7625
    endloop
  endfacet
  facet normal 2.16846e-06 0.537336 -0.843368
    outer loop
      vertex -16.5 -8.76138 27.7625
      vertex -9.38404 -7.87415 28.3278
      vertex -8.66206 -8.66206 27.8258
    endloop
  endfacet
  facet normal 3.32272e-05 0.537159 -0.843481
    outer loop
      vertex -16.5 -8.76138 27.7625
      vertex -9.56563 -7.6375 28.4785
      vertex -9.38404 -7.87415 28.3278
    endloop
  endfacet
  facet normal 0 0.537305 -0.843388
    outer loop
      vertex -9.56563 -7.6375 28.4785
      vertex -16.5 -8.76138 27.7625
      vertex -16.5 -7.6375 28.4785
    endloop
  endfacet
  facet normal 0 0.608837 -0.793295
    outer loop
      vertex -16.5 -9.81858 26.9513
      vertex -7.87415 -9.38404 27.2848
      vertex -7.30785 -9.81858 26.9513
    endloop
  endfacet
  facet normal 1.0831e-05 0.608702 -0.793399
    outer loop
      vertex -16.5 -9.81858 26.9513
      vertex -8.55367 -8.76138 27.7625
      vertex -7.87415 -9.38404 27.2848
    endloop
  endfacet
  facet normal 0 0.608753 -0.79336
    outer loop
      vertex -8.55367 -8.76138 27.7625
      vertex -16.5 -9.81858 26.9513
      vertex -16.5 -8.76138 27.7625
    endloop
  endfacet
  facet normal 0 -0.537305 -0.843388
    outer loop
      vertex -16.5 8.76138 27.7625
      vertex -9.56563 7.6375 28.4785
      vertex -16.5 7.6375 28.4785
    endloop
  endfacet
  facet normal 3.32272e-05 -0.537159 -0.843481
    outer loop
      vertex -9.56563 7.6375 28.4785
      vertex -16.5 8.76138 27.7625
      vertex -9.38404 7.87415 28.3278
    endloop
  endfacet
  facet normal 2.16846e-06 -0.537336 -0.843368
    outer loop
      vertex -9.38404 7.87415 28.3278
      vertex -16.5 8.76138 27.7625
      vertex -8.66206 8.66206 27.8258
    endloop
  endfacet
  facet normal 0 -0.537458 -0.843291
    outer loop
      vertex -8.66206 8.66206 27.8258
      vertex -16.5 8.76138 27.7625
      vertex -8.55367 8.76138 27.7625
    endloop
  endfacet
  facet normal 0 -0.608753 -0.79336
    outer loop
      vertex -16.5 9.81858 26.9513
      vertex -8.55367 8.76138 27.7625
      vertex -16.5 8.76138 27.7625
    endloop
  endfacet
  facet normal 1.0831e-05 -0.608702 -0.793399
    outer loop
      vertex -8.55367 8.76138 27.7625
      vertex -16.5 9.81858 26.9513
      vertex -7.87415 9.38404 27.2848
    endloop
  endfacet
  facet normal 0 -0.608837 -0.793295
    outer loop
      vertex -7.87415 9.38404 27.2848
      vertex -16.5 9.81858 26.9513
      vertex -7.30785 9.81858 26.9513
    endloop
  endfacet
  facet normal 0 0.79336 0.608753
    outer loop
      vertex 16.5 -11.7013 5.43142
      vertex -16.5 -12.5125 6.48862
      vertex 16.5 -12.5125 6.48862
    endloop
  endfacet
  facet normal 0 0.79336 0.608753
    outer loop
      vertex -16.5 -12.5125 6.48862
      vertex 16.5 -11.7013 5.43142
      vertex -16.5 -11.7013 5.43142
    endloop
  endfacet
  facet normal -0 0.537299 0.843392
    outer loop
      vertex -16.5 -7.6375 2.02146
      vertex 16.5 -8.76138 2.73745
      vertex 16.5 -7.6375 2.02146
    endloop
  endfacet
  facet normal 0 0.537299 0.843392
    outer loop
      vertex 16.5 -8.76138 2.73745
      vertex -16.5 -7.6375 2.02146
      vertex -16.5 -8.76138 2.73745
    endloop
  endfacet
  facet normal -0.0436053 -0.999049 0
    outer loop
      vertex 0 12.25 26.9
      vertex 1.06766 12.2034 24.4143
      vertex 1.06766 12.2034 26.9
    endloop
  endfacet
  facet normal -0.0436053 -0.999049 0
    outer loop
      vertex 1.06766 12.2034 24.4143
      vertex 0 12.25 26.9
      vertex 0 12.25 24.3535
    endloop
  endfacet
  facet normal 0.0436053 0.999049 -0
    outer loop
      vertex 0 -12.25 26.9
      vertex -1.06766 -12.2034 29.7
      vertex 0 -12.25 29.7
    endloop
  endfacet
  facet normal 0.0436053 0.999049 0
    outer loop
      vertex 0 -12.25 26.9
      vertex -1.06766 -12.2034 24.4143
      vertex -1.06766 -12.2034 29.7
    endloop
  endfacet
  facet normal 0.0436053 0.999049 0
    outer loop
      vertex -1.06766 -12.2034 24.4143
      vertex 0 -12.25 26.9
      vertex 0 -12.25 24.3535
    endloop
  endfacet
  facet normal 0.675587 -0.73728 0
    outer loop
      vertex -8.66206 8.66206 27.8258
      vertex -7.87415 9.38404 29.7
      vertex -8.66206 8.66206 29.7
    endloop
  endfacet
  facet normal 0.675586 -0.737281 5.56561e-07
    outer loop
      vertex -8.55367 8.76138 27.7625
      vertex -7.87415 9.38404 29.7
      vertex -8.66206 8.66206 27.8258
    endloop
  endfacet
  facet normal 0.675587 -0.73728 0
    outer loop
      vertex -7.87415 9.38404 29.7
      vertex -8.55367 8.76138 27.7625
      vertex -7.87415 9.38404 27.2848
    endloop
  endfacet
  facet normal 0.382634 -0.9239 0
    outer loop
      vertex -5.17707 11.1023 25.7223
      vertex -4.18975 11.5112 29.7
      vertex -5.17707 11.1023 29.7
    endloop
  endfacet
  facet normal 0.382634 -0.9239 0
    outer loop
      vertex -4.18975 11.5112 29.7
      vertex -5.17707 11.1023 25.7223
      vertex -4.18975 11.5112 25.276
    endloop
  endfacet
  facet normal -0.461777 -0.886996 -4.12129e-05
    outer loop
      vertex 5.7557 10.8011 26.0511
      vertex 6.125 10.6088 26.9
      vertex 5.17707 11.1023 26.9
    endloop
  endfacet
  facet normal -0.461852 -0.886957 -0
    outer loop
      vertex 6.125 10.6088 26.9
      vertex 5.7557 10.8011 26.0511
      vertex 6.125 10.6088 26.2272
    endloop
  endfacet
  facet normal -0.46173 -0.887021 0
    outer loop
      vertex 5.7557 10.8011 26.0511
      vertex 5.17707 11.1023 26.9
      vertex 5.17707 11.1023 25.7223
    endloop
  endfacet
  facet normal -0.608717 -0.793387 0
    outer loop
      vertex 7.23485 9.8746 26.9
      vertex 7.02631 10.0346 26.9
      vertex 7.02631 10.0346 26.7534
    endloop
  endfacet
  facet normal 0.886988 -0.461792 0
    outer loop
      vertex -10.6088 6.125 29.7
      vertex -11.0777 5.22436 29.6038
      vertex -10.6088 6.125 29.2307
    endloop
  endfacet
  facet normal 0.886996 -0.461777 -0.000180306
    outer loop
      vertex -11.1023 5.17707 29.7
      vertex -11.0777 5.22436 29.6038
      vertex -10.6088 6.125 29.7
    endloop
  endfacet
  facet normal 0.887146 -0.461489 0
    outer loop
      vertex -11.0777 5.22436 29.6038
      vertex -11.1023 5.17707 29.7
      vertex -11.1023 5.17707 29.6187
    endloop
  endfacet
  facet normal 0.216437 -0.976297 0
    outer loop
      vertex -3.17053 11.8326 24.8975
      vertex -2.12719 12.0639 29.7
      vertex -3.17053 11.8326 29.7
    endloop
  endfacet
  facet normal 0.216437 -0.976297 0
    outer loop
      vertex -2.12719 12.0639 29.7
      vertex -3.17053 11.8326 24.8975
      vertex -2.12719 12.0639 24.5961
    endloop
  endfacet
  facet normal 0.73728 0.675587 0
    outer loop
      vertex -8.66206 -8.66206 29.7
      vertex -9.38404 -7.87415 28.3278
      vertex -9.38404 -7.87415 29.7
    endloop
  endfacet
  facet normal 0.73728 0.675587 0
    outer loop
      vertex -9.38404 -7.87415 28.3278
      vertex -8.66206 -8.66206 29.7
      vertex -8.66206 -8.66206 27.8258
    endloop
  endfacet
  facet normal -0.300741 -0.953706 0
    outer loop
      vertex 3.17053 11.8326 26.9
      vertex 4.18975 11.5112 25.276
      vertex 4.18975 11.5112 26.9
    endloop
  endfacet
  facet normal -0.30072 -0.953713 1.46907e-05
    outer loop
      vertex 3.17053 11.8326 26.9
      vertex 3.58685 11.7013 25.0686
      vertex 4.18975 11.5112 25.276
    endloop
  endfacet
  facet normal -0.300778 -0.953694 0
    outer loop
      vertex 3.58685 11.7013 25.0686
      vertex 3.17053 11.8326 26.9
      vertex 3.17053 11.8326 24.8975
    endloop
  endfacet
  facet normal -0.382634 -0.9239 0
    outer loop
      vertex 4.18975 11.5112 26.9
      vertex 5.17707 11.1023 25.7223
      vertex 5.17707 11.1023 26.9
    endloop
  endfacet
  facet normal -0.382634 -0.9239 0
    outer loop
      vertex 5.17707 11.1023 25.7223
      vertex 4.18975 11.5112 26.9
      vertex 4.18975 11.5112 25.276
    endloop
  endfacet
  facet normal -0.216437 -0.976297 0
    outer loop
      vertex 2.12719 12.0639 26.9
      vertex 3.17053 11.8326 24.8975
      vertex 3.17053 11.8326 26.9
    endloop
  endfacet
  facet normal -0.216437 -0.976297 0
    outer loop
      vertex 3.17053 11.8326 24.8975
      vertex 2.12719 12.0639 26.9
      vertex 2.12719 12.0639 24.5961
    endloop
  endfacet
  facet normal -0.537301 -0.843391 0
    outer loop
      vertex 6.125 10.6088 26.9
      vertex 7.02631 10.0346 26.7534
      vertex 7.02631 10.0346 26.9
    endloop
  endfacet
  facet normal -0.537301 -0.843391 0
    outer loop
      vertex 7.02631 10.0346 26.7534
      vertex 6.125 10.6088 26.9
      vertex 6.125 10.6088 26.2272
    endloop
  endfacet
  facet normal 0.79335 -0.608766 0
    outer loop
      vertex -9.38404 7.87415 29.7
      vertex -9.56563 7.6375 28.4785
      vertex -9.38404 7.87415 28.3278
    endloop
  endfacet
  facet normal 0.793358 -0.608755 0
    outer loop
      vertex -10.0346 7.02631 28.7967
      vertex -9.38404 7.87415 29.7
      vertex -10.0346 7.02631 29.7
    endloop
  endfacet
  facet normal 0.79336 -0.608752 -4.09446e-06
    outer loop
      vertex -9.38404 7.87415 29.7
      vertex -10.0346 7.02631 28.7967
      vertex -9.56563 7.6375 28.4785
    endloop
  endfacet
  facet normal 0.73728 -0.675587 0
    outer loop
      vertex -9.38404 7.87415 28.3278
      vertex -8.66206 8.66206 29.7
      vertex -9.38404 7.87415 29.7
    endloop
  endfacet
  facet normal 0.73728 -0.675587 0
    outer loop
      vertex -8.66206 8.66206 29.7
      vertex -9.38404 7.87415 28.3278
      vertex -8.66206 8.66206 27.8258
    endloop
  endfacet
  facet normal 0.84336 -0.53735 0
    outer loop
      vertex -10.0346 7.02631 29.7
      vertex -10.3983 6.45549 29.0939
      vertex -10.0346 7.02631 28.7967
    endloop
  endfacet
  facet normal 0.843391 -0.537301 -6.42296e-05
    outer loop
      vertex -10.6088 6.125 29.7
      vertex -10.3983 6.45549 29.0939
      vertex -10.0346 7.02631 29.7
    endloop
  endfacet
  facet normal 0.843444 -0.537217 0
    outer loop
      vertex -10.3983 6.45549 29.0939
      vertex -10.6088 6.125 29.7
      vertex -10.6088 6.125 29.2307
    endloop
  endfacet
  facet normal 0.92386 -0.382732 0
    outer loop
      vertex -11.1023 5.17707 29.6187
      vertex -11.1023 5.17707 29.7
      vertex -11.2091 4.91927 29.7
    endloop
  endfacet
  facet normal 0.537301 -0.843391 0
    outer loop
      vertex -7.02631 10.0346 26.7534
      vertex -6.125 10.6088 29.7
      vertex -7.02631 10.0346 29.7
    endloop
  endfacet
  facet normal 0.537301 -0.843391 0
    outer loop
      vertex -6.125 10.6088 29.7
      vertex -7.02631 10.0346 26.7534
      vertex -6.125 10.6088 26.2272
    endloop
  endfacet
  facet normal 0.461777 -0.886996 0
    outer loop
      vertex -6.125 10.6088 26.2272
      vertex -5.17707 11.1023 29.7
      vertex -6.125 10.6088 29.7
    endloop
  endfacet
  facet normal 0.461843 -0.886962 -2.28797e-05
    outer loop
      vertex -5.7557 10.8011 26.0511
      vertex -5.17707 11.1023 29.7
      vertex -6.125 10.6088 26.2272
    endloop
  endfacet
  facet normal 0.46173 -0.887021 0
    outer loop
      vertex -5.17707 11.1023 29.7
      vertex -5.7557 10.8011 26.0511
      vertex -5.17707 11.1023 25.7223
    endloop
  endfacet
  facet normal 0.608755 -0.793358 0
    outer loop
      vertex -7.87415 9.38404 27.2848
      vertex -7.02631 10.0346 29.7
      vertex -7.87415 9.38404 29.7
    endloop
  endfacet
  facet normal 0.608762 -0.793353 -3.9731e-06
    outer loop
      vertex -7.30785 9.81858 26.9513
      vertex -7.02631 10.0346 29.7
      vertex -7.87415 9.38404 27.2848
    endloop
  endfacet
  facet normal 0.608738 -0.793371 0
    outer loop
      vertex -7.02631 10.0346 29.7
      vertex -7.30785 9.81858 26.9513
      vertex -7.02631 10.0346 26.7534
    endloop
  endfacet
  facet normal 0.300741 -0.953706 0
    outer loop
      vertex -4.18975 11.5112 25.276
      vertex -3.17053 11.8326 29.7
      vertex -4.18975 11.5112 29.7
    endloop
  endfacet
  facet normal 0.300717 -0.953713 6.07556e-06
    outer loop
      vertex -3.58685 11.7013 25.0686
      vertex -3.17053 11.8326 29.7
      vertex -4.18975 11.5112 25.276
    endloop
  endfacet
  facet normal 0.300778 -0.953694 0
    outer loop
      vertex -3.17053 11.8326 29.7
      vertex -3.58685 11.7013 25.0686
      vertex -3.17053 11.8326 24.8975
    endloop
  endfacet
  facet normal 0.130536 -0.991444 0
    outer loop
      vertex -2.12719 12.0639 24.5961
      vertex -1.06766 12.2034 29.7
      vertex -2.12719 12.0639 29.7
    endloop
  endfacet
  facet normal 0.130536 -0.991444 0
    outer loop
      vertex -1.06766 12.2034 29.7
      vertex -2.12719 12.0639 24.5961
      vertex -1.06766 12.2034 24.4143
    endloop
  endfacet
  facet normal -0.300741 0.953706 0
    outer loop
      vertex 4.18975 -11.5112 25.276
      vertex 3.17053 -11.8326 26.9
      vertex 4.18975 -11.5112 26.9
    endloop
  endfacet
  facet normal -0.30072 0.953713 1.46907e-05
    outer loop
      vertex 3.58685 -11.7013 25.0686
      vertex 3.17053 -11.8326 26.9
      vertex 4.18975 -11.5112 25.276
    endloop
  endfacet
  facet normal -0.300778 0.953694 0
    outer loop
      vertex 3.17053 -11.8326 26.9
      vertex 3.58685 -11.7013 25.0686
      vertex 3.17053 -11.8326 24.8975
    endloop
  endfacet
  facet normal -0.608717 0.793387 0
    outer loop
      vertex 7.02631 -10.0346 26.9
      vertex 7.23485 -9.8746 26.9
      vertex 7.02631 -10.0346 26.7534
    endloop
  endfacet
  facet normal -0.461852 0.886957 0
    outer loop
      vertex 5.7557 -10.8011 26.0511
      vertex 6.125 -10.6088 26.9
      vertex 6.125 -10.6088 26.2272
    endloop
  endfacet
  facet normal -0.461777 0.886996 -4.12129e-05
    outer loop
      vertex 6.125 -10.6088 26.9
      vertex 5.7557 -10.8011 26.0511
      vertex 5.17707 -11.1023 26.9
    endloop
  endfacet
  facet normal -0.46173 0.887021 0
    outer loop
      vertex 5.17707 -11.1023 26.9
      vertex 5.7557 -10.8011 26.0511
      vertex 5.17707 -11.1023 25.7223
    endloop
  endfacet
  facet normal 0.675587 0.73728 0
    outer loop
      vertex -7.87415 -9.38404 29.7
      vertex -8.66206 -8.66206 27.8258
      vertex -8.66206 -8.66206 29.7
    endloop
  endfacet
  facet normal 0.675586 0.737281 5.56561e-07
    outer loop
      vertex -7.87415 -9.38404 29.7
      vertex -8.55367 -8.76138 27.7625
      vertex -8.66206 -8.66206 27.8258
    endloop
  endfacet
  facet normal 0.675587 0.73728 0
    outer loop
      vertex -8.55367 -8.76138 27.7625
      vertex -7.87415 -9.38404 29.7
      vertex -7.87415 -9.38404 27.2848
    endloop
  endfacet
  facet normal 0.537301 0.843391 0
    outer loop
      vertex -6.125 -10.6088 29.7
      vertex -7.02631 -10.0346 26.7534
      vertex -7.02631 -10.0346 29.7
    endloop
  endfacet
  facet normal 0.537301 0.843391 0
    outer loop
      vertex -7.02631 -10.0346 26.7534
      vertex -6.125 -10.6088 29.7
      vertex -6.125 -10.6088 26.2272
    endloop
  endfacet
  facet normal 0.382634 0.9239 0
    outer loop
      vertex -4.18975 -11.5112 29.7
      vertex -5.17707 -11.1023 25.7223
      vertex -5.17707 -11.1023 29.7
    endloop
  endfacet
  facet normal 0.382634 0.9239 0
    outer loop
      vertex -5.17707 -11.1023 25.7223
      vertex -4.18975 -11.5112 29.7
      vertex -4.18975 -11.5112 25.276
    endloop
  endfacet
  facet normal 0.216437 0.976297 0
    outer loop
      vertex -2.12719 -12.0639 29.7
      vertex -3.17053 -11.8326 24.8975
      vertex -3.17053 -11.8326 29.7
    endloop
  endfacet
  facet normal 0.216437 0.976297 0
    outer loop
      vertex -3.17053 -11.8326 24.8975
      vertex -2.12719 -12.0639 29.7
      vertex -2.12719 -12.0639 24.5961
    endloop
  endfacet
  facet normal 0.843444 0.537217 0
    outer loop
      vertex -10.6088 -6.125 29.7
      vertex -10.3983 -6.45549 29.0939
      vertex -10.6088 -6.125 29.2307
    endloop
  endfacet
  facet normal 0.843391 0.537301 -6.42296e-05
    outer loop
      vertex -10.0346 -7.02631 29.7
      vertex -10.3983 -6.45549 29.0939
      vertex -10.6088 -6.125 29.7
    endloop
  endfacet
  facet normal 0.84336 0.53735 0
    outer loop
      vertex -10.3983 -6.45549 29.0939
      vertex -10.0346 -7.02631 29.7
      vertex -10.0346 -7.02631 28.7967
    endloop
  endfacet
  facet normal 0.887146 0.461489 0
    outer loop
      vertex -11.1023 -5.17707 29.7
      vertex -11.0777 -5.22436 29.6038
      vertex -11.1023 -5.17707 29.6187
    endloop
  endfacet
  facet normal 0.886996 0.461777 -0.000180306
    outer loop
      vertex -10.6088 -6.125 29.7
      vertex -11.0777 -5.22436 29.6038
      vertex -11.1023 -5.17707 29.7
    endloop
  endfacet
  facet normal 0.886988 0.461792 0
    outer loop
      vertex -11.0777 -5.22436 29.6038
      vertex -10.6088 -6.125 29.7
      vertex -10.6088 -6.125 29.2307
    endloop
  endfacet
  facet normal 0.793358 0.608755 0
    outer loop
      vertex -9.38404 -7.87415 29.7
      vertex -10.0346 -7.02631 28.7967
      vertex -10.0346 -7.02631 29.7
    endloop
  endfacet
  facet normal 0.79336 0.608752 -4.09446e-06
    outer loop
      vertex -10.0346 -7.02631 28.7967
      vertex -9.38404 -7.87415 29.7
      vertex -9.56563 -7.6375 28.4785
    endloop
  endfacet
  facet normal 0.79335 0.608766 0
    outer loop
      vertex -9.56563 -7.6375 28.4785
      vertex -9.38404 -7.87415 29.7
      vertex -9.38404 -7.87415 28.3278
    endloop
  endfacet
  facet normal 0.92386 0.382732 0
    outer loop
      vertex -11.1023 -5.17707 29.7
      vertex -11.1023 -5.17707 29.6187
      vertex -11.2091 -4.91927 29.7
    endloop
  endfacet
  facet normal -0.130536 -0.991444 0
    outer loop
      vertex 1.06766 12.2034 26.9
      vertex 2.12719 12.0639 24.5961
      vertex 2.12719 12.0639 26.9
    endloop
  endfacet
  facet normal -0.130536 -0.991444 0
    outer loop
      vertex 2.12719 12.0639 24.5961
      vertex 1.06766 12.2034 26.9
      vertex 1.06766 12.2034 24.4143
    endloop
  endfacet
  facet normal 0.0436053 -0.999049 0
    outer loop
      vertex -1.06766 12.2034 29.7
      vertex 0 12.25 26.9
      vertex 0 12.25 29.7
    endloop
  endfacet
  facet normal 0.0436053 -0.999049 0
    outer loop
      vertex -1.06766 12.2034 24.4143
      vertex 0 12.25 26.9
      vertex -1.06766 12.2034 29.7
    endloop
  endfacet
  facet normal 0.0436053 -0.999049 0
    outer loop
      vertex 0 12.25 26.9
      vertex -1.06766 12.2034 24.4143
      vertex 0 12.25 24.3535
    endloop
  endfacet
  facet normal -0.0436053 0.999049 0
    outer loop
      vertex 1.06766 -12.2034 24.4143
      vertex 0 -12.25 26.9
      vertex 1.06766 -12.2034 26.9
    endloop
  endfacet
  facet normal -0.0436053 0.999049 0
    outer loop
      vertex 0 -12.25 26.9
      vertex 1.06766 -12.2034 24.4143
      vertex 0 -12.25 24.3535
    endloop
  endfacet
  facet normal -0.216437 0.976297 0
    outer loop
      vertex 3.17053 -11.8326 24.8975
      vertex 2.12719 -12.0639 26.9
      vertex 3.17053 -11.8326 26.9
    endloop
  endfacet
  facet normal -0.216437 0.976297 0
    outer loop
      vertex 2.12719 -12.0639 26.9
      vertex 3.17053 -11.8326 24.8975
      vertex 2.12719 -12.0639 24.5961
    endloop
  endfacet
  facet normal -0.382634 0.9239 0
    outer loop
      vertex 5.17707 -11.1023 25.7223
      vertex 4.18975 -11.5112 26.9
      vertex 5.17707 -11.1023 26.9
    endloop
  endfacet
  facet normal -0.382634 0.9239 0
    outer loop
      vertex 4.18975 -11.5112 26.9
      vertex 5.17707 -11.1023 25.7223
      vertex 4.18975 -11.5112 25.276
    endloop
  endfacet
  facet normal -0.537301 0.843391 0
    outer loop
      vertex 7.02631 -10.0346 26.7534
      vertex 6.125 -10.6088 26.9
      vertex 7.02631 -10.0346 26.9
    endloop
  endfacet
  facet normal -0.537301 0.843391 0
    outer loop
      vertex 6.125 -10.6088 26.9
      vertex 7.02631 -10.0346 26.7534
      vertex 6.125 -10.6088 26.2272
    endloop
  endfacet
  facet normal 0.608755 0.793358 0
    outer loop
      vertex -7.02631 -10.0346 29.7
      vertex -7.87415 -9.38404 27.2848
      vertex -7.87415 -9.38404 29.7
    endloop
  endfacet
  facet normal 0.608762 0.793353 -3.9731e-06
    outer loop
      vertex -7.02631 -10.0346 29.7
      vertex -7.30785 -9.81858 26.9513
      vertex -7.87415 -9.38404 27.2848
    endloop
  endfacet
  facet normal 0.608738 0.793371 0
    outer loop
      vertex -7.30785 -9.81858 26.9513
      vertex -7.02631 -10.0346 29.7
      vertex -7.02631 -10.0346 26.7534
    endloop
  endfacet
  facet normal 0.461777 0.886996 0
    outer loop
      vertex -5.17707 -11.1023 29.7
      vertex -6.125 -10.6088 26.2272
      vertex -6.125 -10.6088 29.7
    endloop
  endfacet
  facet normal 0.461843 0.886962 -2.28797e-05
    outer loop
      vertex -5.17707 -11.1023 29.7
      vertex -5.7557 -10.8011 26.0511
      vertex -6.125 -10.6088 26.2272
    endloop
  endfacet
  facet normal 0.46173 0.887021 0
    outer loop
      vertex -5.7557 -10.8011 26.0511
      vertex -5.17707 -11.1023 29.7
      vertex -5.17707 -11.1023 25.7223
    endloop
  endfacet
  facet normal 0.300741 0.953706 0
    outer loop
      vertex -3.17053 -11.8326 29.7
      vertex -4.18975 -11.5112 25.276
      vertex -4.18975 -11.5112 29.7
    endloop
  endfacet
  facet normal 0.300717 0.953713 6.07556e-06
    outer loop
      vertex -3.17053 -11.8326 29.7
      vertex -3.58685 -11.7013 25.0686
      vertex -4.18975 -11.5112 25.276
    endloop
  endfacet
  facet normal 0.300778 0.953694 0
    outer loop
      vertex -3.58685 -11.7013 25.0686
      vertex -3.17053 -11.8326 29.7
      vertex -3.17053 -11.8326 24.8975
    endloop
  endfacet
  facet normal 0.130536 0.991444 0
    outer loop
      vertex -1.06766 -12.2034 29.7
      vertex -2.12719 -12.0639 24.5961
      vertex -2.12719 -12.0639 29.7
    endloop
  endfacet
  facet normal 0.130536 0.991444 0
    outer loop
      vertex -2.12719 -12.0639 24.5961
      vertex -1.06766 -12.2034 29.7
      vertex -1.06766 -12.2034 24.4143
    endloop
  endfacet
  facet normal -0.130536 0.991444 0
    outer loop
      vertex 2.12719 -12.0639 24.5961
      vertex 1.06766 -12.2034 26.9
      vertex 2.12719 -12.0639 26.9
    endloop
  endfacet
  facet normal -0.130536 0.991444 0
    outer loop
      vertex 1.06766 -12.2034 26.9
      vertex 2.12719 -12.0639 24.5961
      vertex 1.06766 -12.2034 24.4143
    endloop
  endfacet
  facet normal 0.999048 -0.0436211 0
    outer loop
      vertex -12.85 0 30.525
      vertex -12.8011 1.11995 39.3
      vertex -12.85 0 39.3
    endloop
  endfacet
  facet normal 0.999048 -0.0436211 0
    outer loop
      vertex -12.8011 1.11995 39.3
      vertex -12.85 0 30.525
      vertex -12.8011 1.11995 30.4761
    endloop
  endfacet
  facet normal 0.0436211 -0.999048 0
    outer loop
      vertex -1.11995 12.8011 29.7
      vertex 0 12.85 39.3
      vertex -1.11995 12.8011 39.3
    endloop
  endfacet
  facet normal 0.0436211 -0.999048 0
    outer loop
      vertex 0 12.85 39.3
      vertex -1.11995 12.8011 29.7
      vertex 0 12.85 29.7
    endloop
  endfacet
  facet normal -0.0436211 0.999048 0
    outer loop
      vertex 1.11995 -12.8011 29.7
      vertex 0 -12.85 39.3
      vertex 1.11995 -12.8011 39.3
    endloop
  endfacet
  facet normal -0.0436211 0.999048 0
    outer loop
      vertex 0 -12.85 39.3
      vertex 1.11995 -12.8011 29.7
      vertex 0 -12.85 29.7
    endloop
  endfacet
  facet normal 0.675591 -0.737276 0
    outer loop
      vertex -9.08632 9.08632 29.7
      vertex -8.25982 9.84367 39.3
      vertex -9.08632 9.08632 39.3
    endloop
  endfacet
  facet normal 0.675591 -0.737276 0
    outer loop
      vertex -8.25982 9.84367 39.3
      vertex -9.08632 9.08632 29.7
      vertex -8.25982 9.84367 29.7
    endloop
  endfacet
  facet normal 0.382613 -0.923909 0
    outer loop
      vertex -5.43064 11.6461 29.7
      vertex -4.39496 12.075 39.3
      vertex -5.43064 11.6461 39.3
    endloop
  endfacet
  facet normal 0.382613 -0.923909 0
    outer loop
      vertex -4.39496 12.075 39.3
      vertex -5.43064 11.6461 29.7
      vertex -4.39496 12.075 29.7
    endloop
  endfacet
  facet normal -0.300624 -0.953743 0
    outer loop
      vertex 3.32582 12.4121 29.7
      vertex 3.84009 12.25 39.3
      vertex 3.32582 12.4121 39.3
    endloop
  endfacet
  facet normal -0.300624 -0.953743 -0
    outer loop
      vertex 3.84009 12.25 39.3
      vertex 3.32582 12.4121 29.7
      vertex 3.84009 12.25 29.7
    endloop
  endfacet
  facet normal 0.923909 -0.382613 0
    outer loop
      vertex -12.075 4.39496 29.8653
      vertex -11.6461 5.43064 29.7
      vertex -11.6461 5.43064 39.3
    endloop
  endfacet
  facet normal 0.923909 -0.382613 0
    outer loop
      vertex -12.075 4.39496 29.8653
      vertex -11.6461 5.43064 39.3
      vertex -12.075 4.39496 39.3
    endloop
  endfacet
  facet normal 0.92389 -0.382658 -0.000332605
    outer loop
      vertex -11.6461 5.43064 29.7
      vertex -12.075 4.39496 29.8653
      vertex -11.8579 4.91927 29.7
    endloop
  endfacet
  facet normal 0.216498 -0.976283 0
    outer loop
      vertex -3.32582 12.4121 29.7
      vertex -2.23138 12.6548 39.3
      vertex -3.32582 12.4121 39.3
    endloop
  endfacet
  facet normal 0.216498 -0.976283 0
    outer loop
      vertex -2.23138 12.6548 39.3
      vertex -3.32582 12.4121 29.7
      vertex -2.23138 12.6548 29.7
    endloop
  endfacet
  facet normal -0.130506 0.991447 0
    outer loop
      vertex 2.23138 -12.6548 29.7
      vertex 1.11995 -12.8011 39.3
      vertex 2.23138 -12.6548 39.3
    endloop
  endfacet
  facet normal -0.130506 0.991447 0
    outer loop
      vertex 1.11995 -12.8011 39.3
      vertex 2.23138 -12.6548 29.7
      vertex 1.11995 -12.8011 29.7
    endloop
  endfacet
  facet normal -0.130506 -0.991447 0
    outer loop
      vertex 1.11995 12.8011 29.7
      vertex 2.23138 12.6548 39.3
      vertex 1.11995 12.8011 39.3
    endloop
  endfacet
  facet normal -0.130506 -0.991447 -0
    outer loop
      vertex 2.23138 12.6548 39.3
      vertex 1.11995 12.8011 29.7
      vertex 2.23138 12.6548 29.7
    endloop
  endfacet
  facet normal -0.216498 -0.976283 0
    outer loop
      vertex 2.23138 12.6548 29.7
      vertex 3.32582 12.4121 39.3
      vertex 2.23138 12.6548 39.3
    endloop
  endfacet
  facet normal -0.216498 -0.976283 -0
    outer loop
      vertex 3.32582 12.4121 39.3
      vertex 2.23138 12.6548 29.7
      vertex 3.32582 12.4121 29.7
    endloop
  endfacet
  facet normal -0.0436211 -0.999048 0
    outer loop
      vertex 0 12.85 29.7
      vertex 1.11995 12.8011 39.3
      vertex 0 12.85 39.3
    endloop
  endfacet
  facet normal -0.0436211 -0.999048 -0
    outer loop
      vertex 1.11995 12.8011 39.3
      vertex 0 12.85 29.7
      vertex 1.11995 12.8011 29.7
    endloop
  endfacet
  facet normal 0.976289 -0.216473 0
    outer loop
      vertex -12.4121 3.32582 39.3
      vertex -12.5614 2.65248 30.2929
      vertex -12.4121 3.32582 30.1437
    endloop
  endfacet
  facet normal 0.976283 -0.216498 0
    outer loop
      vertex -12.6548 2.23138 30.3484
      vertex -12.4121 3.32582 39.3
      vertex -12.6548 2.23138 39.3
    endloop
  endfacet
  facet normal 0.976274 -0.216537 5.02785e-06
    outer loop
      vertex -12.4121 3.32582 39.3
      vertex -12.6548 2.23138 30.3484
      vertex -12.5614 2.65248 30.2929
    endloop
  endfacet
  facet normal 0.793353 -0.608761 0
    outer loop
      vertex -10.5261 7.37046 39.3
      vertex -9.84367 8.25982 29.7
      vertex -9.84367 8.25982 39.3
    endloop
  endfacet
  facet normal 0.793353 -0.608761 0
    outer loop
      vertex -9.84367 8.25982 29.7
      vertex -10.5261 7.37046 39.3
      vertex -10.5261 7.37046 29.7
    endloop
  endfacet
  facet normal 0.737276 -0.675591 0
    outer loop
      vertex -9.84367 8.25982 39.3
      vertex -9.08632 9.08632 29.7
      vertex -9.08632 9.08632 39.3
    endloop
  endfacet
  facet normal 0.737276 -0.675591 0
    outer loop
      vertex -9.08632 9.08632 29.7
      vertex -9.84367 8.25982 39.3
      vertex -9.84367 8.25982 29.7
    endloop
  endfacet
  facet normal 0.953658 -0.300894 0
    outer loop
      vertex -12.075 4.39496 39.3
      vertex -12.2143 3.95346 30.0045
      vertex -12.075 4.39496 29.8653
    endloop
  endfacet
  facet normal 0.953717 -0.300707 0
    outer loop
      vertex -12.4121 3.32582 30.1437
      vertex -12.075 4.39496 39.3
      vertex -12.4121 3.32582 39.3
    endloop
  endfacet
  facet normal 0.953757 -0.300579 -1.64283e-05
    outer loop
      vertex -12.075 4.39496 39.3
      vertex -12.4121 3.32582 30.1437
      vertex -12.2143 3.95346 30.0045
    endloop
  endfacet
  facet normal 0.991445 -0.130529 0
    outer loop
      vertex -12.6548 2.23138 39.3
      vertex -12.7733 1.3313 30.4669
      vertex -12.6548 2.23138 30.3484
    endloop
  endfacet
  facet normal 0.991447 -0.130506 -2.2976e-06
    outer loop
      vertex -12.8011 1.11995 39.3
      vertex -12.7733 1.3313 30.4669
      vertex -12.6548 2.23138 39.3
    endloop
  endfacet
  facet normal 0.99146 -0.130412 0
    outer loop
      vertex -12.7733 1.3313 30.4669
      vertex -12.8011 1.11995 39.3
      vertex -12.8011 1.11995 30.4761
    endloop
  endfacet
  facet normal 0.537284 -0.843401 0
    outer loop
      vertex -7.37046 10.5261 29.7
      vertex -6.425 11.1284 39.3
      vertex -7.37046 10.5261 39.3
    endloop
  endfacet
  facet normal 0.537284 -0.843401 0
    outer loop
      vertex -6.425 11.1284 39.3
      vertex -7.37046 10.5261 29.7
      vertex -6.425 11.1284 29.7
    endloop
  endfacet
  facet normal 0.461797 -0.886986 0
    outer loop
      vertex -6.425 11.1284 29.7
      vertex -5.43064 11.6461 39.3
      vertex -6.425 11.1284 39.3
    endloop
  endfacet
  facet normal 0.461797 -0.886986 0
    outer loop
      vertex -5.43064 11.6461 39.3
      vertex -6.425 11.1284 29.7
      vertex -5.43064 11.6461 29.7
    endloop
  endfacet
  facet normal 0.608761 -0.793353 0
    outer loop
      vertex -8.25982 9.84367 29.7
      vertex -7.37046 10.5261 39.3
      vertex -8.25982 9.84367 39.3
    endloop
  endfacet
  facet normal 0.608761 -0.793353 0
    outer loop
      vertex -7.37046 10.5261 39.3
      vertex -8.25982 9.84367 29.7
      vertex -7.37046 10.5261 29.7
    endloop
  endfacet
  facet normal 0.300707 -0.953717 0
    outer loop
      vertex -4.39496 12.075 29.7
      vertex -3.32582 12.4121 39.3
      vertex -4.39496 12.075 39.3
    endloop
  endfacet
  facet normal 0.300707 -0.953717 0
    outer loop
      vertex -3.32582 12.4121 39.3
      vertex -4.39496 12.075 29.7
      vertex -3.32582 12.4121 29.7
    endloop
  endfacet
  facet normal 0.130506 -0.991447 0
    outer loop
      vertex -2.23138 12.6548 29.7
      vertex -1.11995 12.8011 39.3
      vertex -2.23138 12.6548 39.3
    endloop
  endfacet
  facet normal 0.130506 -0.991447 0
    outer loop
      vertex -1.11995 12.8011 39.3
      vertex -2.23138 12.6548 29.7
      vertex -1.11995 12.8011 29.7
    endloop
  endfacet
  facet normal 0.675591 0.737276 -0
    outer loop
      vertex -8.25982 -9.84367 29.7
      vertex -9.08632 -9.08632 39.3
      vertex -8.25982 -9.84367 39.3
    endloop
  endfacet
  facet normal 0.675591 0.737276 0
    outer loop
      vertex -9.08632 -9.08632 39.3
      vertex -8.25982 -9.84367 29.7
      vertex -9.08632 -9.08632 29.7
    endloop
  endfacet
  facet normal 0.923909 0.382613 0
    outer loop
      vertex -11.6461 -5.43064 39.3
      vertex -12.075 -4.39496 29.8653
      vertex -12.075 -4.39496 39.3
    endloop
  endfacet
  facet normal 0.923909 0.382613 -0
    outer loop
      vertex -11.6461 -5.43064 29.7
      vertex -12.075 -4.39496 29.8653
      vertex -11.6461 -5.43064 39.3
    endloop
  endfacet
  facet normal 0.92389 0.382658 -0.000332605
    outer loop
      vertex -12.075 -4.39496 29.8653
      vertex -11.6461 -5.43064 29.7
      vertex -11.8579 -4.91927 29.7
    endloop
  endfacet
  facet normal 0.793353 0.608761 0
    outer loop
      vertex -9.84367 -8.25982 39.3
      vertex -10.5261 -7.37046 29.7
      vertex -10.5261 -7.37046 39.3
    endloop
  endfacet
  facet normal 0.793353 0.608761 0
    outer loop
      vertex -10.5261 -7.37046 29.7
      vertex -9.84367 -8.25982 39.3
      vertex -9.84367 -8.25982 29.7
    endloop
  endfacet
  facet normal 0 0 1
    outer loop
      vertex 0 12.25 29.7
      vertex 3.32582 12.4121 29.7
      vertex 2.23138 12.6548 29.7
    endloop
  endfacet
  facet normal 0 0 1
    outer loop
      vertex 0 12.25 29.7
      vertex 2.23138 12.6548 29.7
      vertex 1.11995 12.8011 29.7
    endloop
  endfacet
  facet normal 0 0 1
    outer loop
      vertex 0 12.25 29.7
      vertex 1.11995 12.8011 29.7
      vertex 0 12.85 29.7
    endloop
  endfacet
  facet normal 0 0 1
    outer loop
      vertex 3.32582 12.4121 29.7
      vertex 0 12.25 29.7
      vertex 3.84009 12.25 29.7
    endloop
  endfacet
  facet normal 0 0 1
    outer loop
      vertex 0 12.85 29.7
      vertex -1.06766 12.2034 29.7
      vertex 0 12.25 29.7
    endloop
  endfacet
  facet normal -0 0 1
    outer loop
      vertex -1.11995 12.8011 29.7
      vertex -1.06766 12.2034 29.7
      vertex 0 12.85 29.7
    endloop
  endfacet
  facet normal 0 0 1
    outer loop
      vertex -1.11995 12.8011 29.7
      vertex -2.12719 12.0639 29.7
      vertex -1.06766 12.2034 29.7
    endloop
  endfacet
  facet normal -0 0 1
    outer loop
      vertex -2.23138 12.6548 29.7
      vertex -2.12719 12.0639 29.7
      vertex -1.11995 12.8011 29.7
    endloop
  endfacet
  facet normal 0 0 1
    outer loop
      vertex -2.23138 12.6548 29.7
      vertex -3.17053 11.8326 29.7
      vertex -2.12719 12.0639 29.7
    endloop
  endfacet
  facet normal -0 0 1
    outer loop
      vertex -3.32582 12.4121 29.7
      vertex -3.17053 11.8326 29.7
      vertex -2.23138 12.6548 29.7
    endloop
  endfacet
  facet normal 0 0 1
    outer loop
      vertex -3.32582 12.4121 29.7
      vertex -4.18975 11.5112 29.7
      vertex -3.17053 11.8326 29.7
    endloop
  endfacet
  facet normal -0 0 1
    outer loop
      vertex -4.39496 12.075 29.7
      vertex -4.18975 11.5112 29.7
      vertex -3.32582 12.4121 29.7
    endloop
  endfacet
  facet normal 0 0 1
    outer loop
      vertex -4.39496 12.075 29.7
      vertex -5.17707 11.1023 29.7
      vertex -4.18975 11.5112 29.7
    endloop
  endfacet
  facet normal -0 0 1
    outer loop
      vertex -5.43064 11.6461 29.7
      vertex -5.17707 11.1023 29.7
      vertex -4.39496 12.075 29.7
    endloop
  endfacet
  facet normal 0 0 1
    outer loop
      vertex -5.43064 11.6461 29.7
      vertex -6.125 10.6088 29.7
      vertex -5.17707 11.1023 29.7
    endloop
  endfacet
  facet normal -0 0 1
    outer loop
      vertex -6.425 11.1284 29.7
      vertex -6.125 10.6088 29.7
      vertex -5.43064 11.6461 29.7
    endloop
  endfacet
  facet normal 0 0 1
    outer loop
      vertex -6.425 11.1284 29.7
      vertex -7.02631 10.0346 29.7
      vertex -6.125 10.6088 29.7
    endloop
  endfacet
  facet normal -0 0 1
    outer loop
      vertex -7.37046 10.5261 29.7
      vertex -7.02631 10.0346 29.7
      vertex -6.425 11.1284 29.7
    endloop
  endfacet
  facet normal 0 0 1
    outer loop
      vertex -7.37046 10.5261 29.7
      vertex -7.87415 9.38404 29.7
      vertex -7.02631 10.0346 29.7
    endloop
  endfacet
  facet normal -0 0 1
    outer loop
      vertex -8.25982 9.84367 29.7
      vertex -7.87415 9.38404 29.7
      vertex -7.37046 10.5261 29.7
    endloop
  endfacet
  facet normal 0 0 1
    outer loop
      vertex -8.25982 9.84367 29.7
      vertex -8.66206 8.66206 29.7
      vertex -7.87415 9.38404 29.7
    endloop
  endfacet
  facet normal -0 0 1
    outer loop
      vertex -9.08632 9.08632 29.7
      vertex -8.66206 8.66206 29.7
      vertex -8.25982 9.84367 29.7
    endloop
  endfacet
  facet normal 0 0 1
    outer loop
      vertex -9.08632 9.08632 29.7
      vertex -9.38404 7.87415 29.7
      vertex -8.66206 8.66206 29.7
    endloop
  endfacet
  facet normal -0 0 1
    outer loop
      vertex -9.84367 8.25982 29.7
      vertex -9.38404 7.87415 29.7
      vertex -9.08632 9.08632 29.7
    endloop
  endfacet
  facet normal 0 0 1
    outer loop
      vertex -9.84367 8.25982 29.7
      vertex -10.0346 7.02631 29.7
      vertex -9.38404 7.87415 29.7
    endloop
  endfacet
  facet normal -0 0 1
    outer loop
      vertex -10.5261 7.37046 29.7
      vertex -10.0346 7.02631 29.7
      vertex -9.84367 8.25982 29.7
    endloop
  endfacet
  facet normal 0 0 1
    outer loop
      vertex -10.5261 7.37046 29.7
      vertex -10.6088 6.125 29.7
      vertex -10.0346 7.02631 29.7
    endloop
  endfacet
  facet normal -0 0 1
    outer loop
      vertex -11.1284 6.425 29.7
      vertex -10.6088 6.125 29.7
      vertex -10.5261 7.37046 29.7
    endloop
  endfacet
  facet normal 0 0 1
    outer loop
      vertex -10.6088 6.125 29.7
      vertex -11.1284 6.425 29.7
      vertex -11.1023 5.17707 29.7
    endloop
  endfacet
  facet normal -0 0 1
    outer loop
      vertex -11.6461 5.43064 29.7
      vertex -11.1023 5.17707 29.7
      vertex -11.1284 6.425 29.7
    endloop
  endfacet
  facet normal 0 0 1
    outer loop
      vertex -11.1023 5.17707 29.7
      vertex -11.6461 5.43064 29.7
      vertex -11.2091 4.91927 29.7
    endloop
  endfacet
  facet normal 0 0 1
    outer loop
      vertex -11.2091 4.91927 29.7
      vertex -11.6461 5.43064 29.7
      vertex -11.8579 4.91927 29.7
    endloop
  endfacet
  facet normal -0 0 1
    outer loop
      vertex 0 -12.25 29.7
      vertex 3.32582 -12.4121 29.7
      vertex 3.84009 -12.25 29.7
    endloop
  endfacet
  facet normal 0 0 1
    outer loop
      vertex 3.32582 -12.4121 29.7
      vertex 0 -12.25 29.7
      vertex 2.23138 -12.6548 29.7
    endloop
  endfacet
  facet normal 0 0 1
    outer loop
      vertex 2.23138 -12.6548 29.7
      vertex 0 -12.25 29.7
      vertex 1.11995 -12.8011 29.7
    endloop
  endfacet
  facet normal 0 0 1
    outer loop
      vertex 0 -12.25 29.7
      vertex 0 -12.85 29.7
      vertex 1.11995 -12.8011 29.7
    endloop
  endfacet
  facet normal 0 0 1
    outer loop
      vertex -1.06766 -12.2034 29.7
      vertex 0 -12.85 29.7
      vertex 0 -12.25 29.7
    endloop
  endfacet
  facet normal 0 0 1
    outer loop
      vertex -1.06766 -12.2034 29.7
      vertex -1.11995 -12.8011 29.7
      vertex 0 -12.85 29.7
    endloop
  endfacet
  facet normal 0 0 1
    outer loop
      vertex -2.12719 -12.0639 29.7
      vertex -1.11995 -12.8011 29.7
      vertex -1.06766 -12.2034 29.7
    endloop
  endfacet
  facet normal 0 0 1
    outer loop
      vertex -2.12719 -12.0639 29.7
      vertex -2.23138 -12.6548 29.7
      vertex -1.11995 -12.8011 29.7
    endloop
  endfacet
  facet normal 0 0 1
    outer loop
      vertex -3.17053 -11.8326 29.7
      vertex -2.23138 -12.6548 29.7
      vertex -2.12719 -12.0639 29.7
    endloop
  endfacet
  facet normal 0 0 1
    outer loop
      vertex -3.17053 -11.8326 29.7
      vertex -3.32582 -12.4121 29.7
      vertex -2.23138 -12.6548 29.7
    endloop
  endfacet
  facet normal 0 0 1
    outer loop
      vertex -4.18975 -11.5112 29.7
      vertex -3.32582 -12.4121 29.7
      vertex -3.17053 -11.8326 29.7
    endloop
  endfacet
  facet normal 0 0 1
    outer loop
      vertex -4.18975 -11.5112 29.7
      vertex -4.39496 -12.075 29.7
      vertex -3.32582 -12.4121 29.7
    endloop
  endfacet
  facet normal 0 0 1
    outer loop
      vertex -5.17707 -11.1023 29.7
      vertex -4.39496 -12.075 29.7
      vertex -4.18975 -11.5112 29.7
    endloop
  endfacet
  facet normal 0 0 1
    outer loop
      vertex -5.17707 -11.1023 29.7
      vertex -5.43064 -11.6461 29.7
      vertex -4.39496 -12.075 29.7
    endloop
  endfacet
  facet normal 0 0 1
    outer loop
      vertex -6.125 -10.6088 29.7
      vertex -5.43064 -11.6461 29.7
      vertex -5.17707 -11.1023 29.7
    endloop
  endfacet
  facet normal 0 0 1
    outer loop
      vertex -6.125 -10.6088 29.7
      vertex -6.425 -11.1284 29.7
      vertex -5.43064 -11.6461 29.7
    endloop
  endfacet
  facet normal 0 0 1
    outer loop
      vertex -7.02631 -10.0346 29.7
      vertex -6.425 -11.1284 29.7
      vertex -6.125 -10.6088 29.7
    endloop
  endfacet
  facet normal 0 0 1
    outer loop
      vertex -7.02631 -10.0346 29.7
      vertex -7.37046 -10.5261 29.7
      vertex -6.425 -11.1284 29.7
    endloop
  endfacet
  facet normal 0 0 1
    outer loop
      vertex -7.87415 -9.38404 29.7
      vertex -7.37046 -10.5261 29.7
      vertex -7.02631 -10.0346 29.7
    endloop
  endfacet
  facet normal 0 0 1
    outer loop
      vertex -7.87415 -9.38404 29.7
      vertex -8.25982 -9.84367 29.7
      vertex -7.37046 -10.5261 29.7
    endloop
  endfacet
  facet normal 0 0 1
    outer loop
      vertex -8.66206 -8.66206 29.7
      vertex -8.25982 -9.84367 29.7
      vertex -7.87415 -9.38404 29.7
    endloop
  endfacet
  facet normal 0 0 1
    outer loop
      vertex -8.66206 -8.66206 29.7
      vertex -9.08632 -9.08632 29.7
      vertex -8.25982 -9.84367 29.7
    endloop
  endfacet
  facet normal 0 0 1
    outer loop
      vertex -9.38404 -7.87415 29.7
      vertex -9.08632 -9.08632 29.7
      vertex -8.66206 -8.66206 29.7
    endloop
  endfacet
  facet normal 0 0 1
    outer loop
      vertex -9.38404 -7.87415 29.7
      vertex -9.84367 -8.25982 29.7
      vertex -9.08632 -9.08632 29.7
    endloop
  endfacet
  facet normal 0 0 1
    outer loop
      vertex -10.0346 -7.02631 29.7
      vertex -9.84367 -8.25982 29.7
      vertex -9.38404 -7.87415 29.7
    endloop
  endfacet
  facet normal 0 0 1
    outer loop
      vertex -10.0346 -7.02631 29.7
      vertex -10.5261 -7.37046 29.7
      vertex -9.84367 -8.25982 29.7
    endloop
  endfacet
  facet normal 0 0 1
    outer loop
      vertex -10.6088 -6.125 29.7
      vertex -10.5261 -7.37046 29.7
      vertex -10.0346 -7.02631 29.7
    endloop
  endfacet
  facet normal 0 0 1
    outer loop
      vertex -11.1284 -6.425 29.7
      vertex -10.6088 -6.125 29.7
      vertex -11.1023 -5.17707 29.7
    endloop
  endfacet
  facet normal 0 0 1
    outer loop
      vertex -10.6088 -6.125 29.7
      vertex -11.1284 -6.425 29.7
      vertex -10.5261 -7.37046 29.7
    endloop
  endfacet
  facet normal 0 0 1
    outer loop
      vertex -11.6461 -5.43064 29.7
      vertex -11.1023 -5.17707 29.7
      vertex -11.2091 -4.91927 29.7
    endloop
  endfacet
  facet normal 0 0 1
    outer loop
      vertex -11.1023 -5.17707 29.7
      vertex -11.6461 -5.43064 29.7
      vertex -11.1284 -6.425 29.7
    endloop
  endfacet
  facet normal 0 -0 1
    outer loop
      vertex -11.6461 -5.43064 29.7
      vertex -11.2091 -4.91927 29.7
      vertex -11.8579 -4.91927 29.7
    endloop
  endfacet
  facet normal 0.886986 -0.461797 0
    outer loop
      vertex -11.6461 5.43064 39.3
      vertex -11.1284 6.425 29.7
      vertex -11.1284 6.425 39.3
    endloop
  endfacet
  facet normal 0.886986 -0.461797 0
    outer loop
      vertex -11.1284 6.425 29.7
      vertex -11.6461 5.43064 39.3
      vertex -11.6461 5.43064 29.7
    endloop
  endfacet
  facet normal 0.843401 -0.537284 0
    outer loop
      vertex -11.1284 6.425 39.3
      vertex -10.5261 7.37046 29.7
      vertex -10.5261 7.37046 39.3
    endloop
  endfacet
  facet normal 0.843401 -0.537284 0
    outer loop
      vertex -10.5261 7.37046 29.7
      vertex -11.1284 6.425 39.3
      vertex -11.1284 6.425 29.7
    endloop
  endfacet
  facet normal 0.382613 0.923909 -0
    outer loop
      vertex -4.39496 -12.075 29.7
      vertex -5.43064 -11.6461 39.3
      vertex -4.39496 -12.075 39.3
    endloop
  endfacet
  facet normal 0.382613 0.923909 0
    outer loop
      vertex -5.43064 -11.6461 39.3
      vertex -4.39496 -12.075 29.7
      vertex -5.43064 -11.6461 29.7
    endloop
  endfacet
  facet normal 0.737276 0.675591 0
    outer loop
      vertex -9.08632 -9.08632 39.3
      vertex -9.84367 -8.25982 29.7
      vertex -9.84367 -8.25982 39.3
    endloop
  endfacet
  facet normal 0.737276 0.675591 0
    outer loop
      vertex -9.84367 -8.25982 29.7
      vertex -9.08632 -9.08632 39.3
      vertex -9.08632 -9.08632 29.7
    endloop
  endfacet
  facet normal 0.976283 0.216498 0
    outer loop
      vertex -12.4121 -3.32582 39.3
      vertex -12.6548 -2.23138 30.3484
      vertex -12.6548 -2.23138 39.3
    endloop
  endfacet
  facet normal 0.976274 0.216537 5.02785e-06
    outer loop
      vertex -12.6548 -2.23138 30.3484
      vertex -12.4121 -3.32582 39.3
      vertex -12.5614 -2.65248 30.2929
    endloop
  endfacet
  facet normal 0.976289 0.216473 0
    outer loop
      vertex -12.5614 -2.65248 30.2929
      vertex -12.4121 -3.32582 39.3
      vertex -12.4121 -3.32582 30.1437
    endloop
  endfacet
  facet normal 0.953717 0.300707 0
    outer loop
      vertex -12.075 -4.39496 39.3
      vertex -12.4121 -3.32582 30.1437
      vertex -12.4121 -3.32582 39.3
    endloop
  endfacet
  facet normal 0.953757 0.300579 -1.64283e-05
    outer loop
      vertex -12.4121 -3.32582 30.1437
      vertex -12.075 -4.39496 39.3
      vertex -12.2143 -3.95346 30.0045
    endloop
  endfacet
  facet normal 0.953658 0.300894 0
    outer loop
      vertex -12.2143 -3.95346 30.0045
      vertex -12.075 -4.39496 39.3
      vertex -12.075 -4.39496 29.8653
    endloop
  endfacet
  facet normal -0.300624 0.953743 0
    outer loop
      vertex 3.84009 -12.25 29.7
      vertex 3.32582 -12.4121 39.3
      vertex 3.84009 -12.25 39.3
    endloop
  endfacet
  facet normal -0.300624 0.953743 0
    outer loop
      vertex 3.32582 -12.4121 39.3
      vertex 3.84009 -12.25 29.7
      vertex 3.32582 -12.4121 29.7
    endloop
  endfacet
  facet normal -0.216498 0.976283 0
    outer loop
      vertex 3.32582 -12.4121 29.7
      vertex 2.23138 -12.6548 39.3
      vertex 3.32582 -12.4121 39.3
    endloop
  endfacet
  facet normal -0.216498 0.976283 0
    outer loop
      vertex 2.23138 -12.6548 39.3
      vertex 3.32582 -12.4121 29.7
      vertex 2.23138 -12.6548 29.7
    endloop
  endfacet
  facet normal 0.300707 0.953717 -0
    outer loop
      vertex -3.32582 -12.4121 29.7
      vertex -4.39496 -12.075 39.3
      vertex -3.32582 -12.4121 39.3
    endloop
  endfacet
  facet normal 0.300707 0.953717 0
    outer loop
      vertex -4.39496 -12.075 39.3
      vertex -3.32582 -12.4121 29.7
      vertex -4.39496 -12.075 29.7
    endloop
  endfacet
  facet normal 0.130506 0.991447 -0
    outer loop
      vertex -1.11995 -12.8011 29.7
      vertex -2.23138 -12.6548 39.3
      vertex -1.11995 -12.8011 39.3
    endloop
  endfacet
  facet normal 0.130506 0.991447 0
    outer loop
      vertex -2.23138 -12.6548 39.3
      vertex -1.11995 -12.8011 29.7
      vertex -2.23138 -12.6548 29.7
    endloop
  endfacet
  facet normal 0.843401 0.537284 0
    outer loop
      vertex -10.5261 -7.37046 39.3
      vertex -11.1284 -6.425 29.7
      vertex -11.1284 -6.425 39.3
    endloop
  endfacet
  facet normal 0.843401 0.537284 0
    outer loop
      vertex -11.1284 -6.425 29.7
      vertex -10.5261 -7.37046 39.3
      vertex -10.5261 -7.37046 29.7
    endloop
  endfacet
  facet normal 0.886986 0.461797 0
    outer loop
      vertex -11.1284 -6.425 39.3
      vertex -11.6461 -5.43064 29.7
      vertex -11.6461 -5.43064 39.3
    endloop
  endfacet
  facet normal 0.886986 0.461797 0
    outer loop
      vertex -11.6461 -5.43064 29.7
      vertex -11.1284 -6.425 39.3
      vertex -11.1284 -6.425 29.7
    endloop
  endfacet
  facet normal 0.99146 0.130412 0
    outer loop
      vertex -12.8011 -1.11995 39.3
      vertex -12.7733 -1.3313 30.4669
      vertex -12.8011 -1.11995 30.4761
    endloop
  endfacet
  facet normal 0.991447 0.130506 -2.2976e-06
    outer loop
      vertex -12.6548 -2.23138 39.3
      vertex -12.7733 -1.3313 30.4669
      vertex -12.8011 -1.11995 39.3
    endloop
  endfacet
  facet normal 0.991445 0.130529 0
    outer loop
      vertex -12.7733 -1.3313 30.4669
      vertex -12.6548 -2.23138 39.3
      vertex -12.6548 -2.23138 30.3484
    endloop
  endfacet
  facet normal 0.999048 0.0436211 0
    outer loop
      vertex -12.8011 -1.11995 39.3
      vertex -12.85 0 30.525
      vertex -12.85 0 39.3
    endloop
  endfacet
  facet normal 0.999048 0.0436211 0
    outer loop
      vertex -12.85 0 30.525
      vertex -12.8011 -1.11995 39.3
      vertex -12.8011 -1.11995 30.4761
    endloop
  endfacet
  facet normal 0.216498 0.976283 -0
    outer loop
      vertex -2.23138 -12.6548 29.7
      vertex -3.32582 -12.4121 39.3
      vertex -2.23138 -12.6548 39.3
    endloop
  endfacet
  facet normal 0.216498 0.976283 0
    outer loop
      vertex -3.32582 -12.4121 39.3
      vertex -2.23138 -12.6548 29.7
      vertex -3.32582 -12.4121 29.7
    endloop
  endfacet
  facet normal 0.0436211 0.999048 -0
    outer loop
      vertex 0 -12.85 29.7
      vertex -1.11995 -12.8011 39.3
      vertex 0 -12.85 39.3
    endloop
  endfacet
  facet normal 0.0436211 0.999048 0
    outer loop
      vertex -1.11995 -12.8011 39.3
      vertex 0 -12.85 29.7
      vertex -1.11995 -12.8011 29.7
    endloop
  endfacet
  facet normal 0.608761 0.793353 -0
    outer loop
      vertex -7.37046 -10.5261 29.7
      vertex -8.25982 -9.84367 39.3
      vertex -7.37046 -10.5261 39.3
    endloop
  endfacet
  facet normal 0.608761 0.793353 0
    outer loop
      vertex -8.25982 -9.84367 39.3
      vertex -7.37046 -10.5261 29.7
      vertex -8.25982 -9.84367 29.7
    endloop
  endfacet
  facet normal 0.537284 0.843401 -0
    outer loop
      vertex -6.425 -11.1284 29.7
      vertex -7.37046 -10.5261 39.3
      vertex -6.425 -11.1284 39.3
    endloop
  endfacet
  facet normal 0.537284 0.843401 0
    outer loop
      vertex -7.37046 -10.5261 39.3
      vertex -6.425 -11.1284 29.7
      vertex -7.37046 -10.5261 29.7
    endloop
  endfacet
  facet normal 0.461797 0.886986 -0
    outer loop
      vertex -5.43064 -11.6461 29.7
      vertex -6.425 -11.1284 39.3
      vertex -5.43064 -11.6461 39.3
    endloop
  endfacet
  facet normal 0.461797 0.886986 0
    outer loop
      vertex -6.425 -11.1284 39.3
      vertex -5.43064 -11.6461 29.7
      vertex -6.425 -11.1284 29.7
    endloop
  endfacet
  facet normal -0 0 1
    outer loop
      vertex 7.23485 -9.8746 26.9
      vertex 16.5 -12.25 26.9
      vertex 16.5 -9.8746 26.9
    endloop
  endfacet
  facet normal -0 0 1
    outer loop
      vertex 7.02631 -10.0346 26.9
      vertex 16.5 -12.25 26.9
      vertex 7.23485 -9.8746 26.9
    endloop
  endfacet
  facet normal -0 0 1
    outer loop
      vertex 6.125 -10.6088 26.9
      vertex 16.5 -12.25 26.9
      vertex 7.02631 -10.0346 26.9
    endloop
  endfacet
  facet normal -0 0 1
    outer loop
      vertex 5.17707 -11.1023 26.9
      vertex 16.5 -12.25 26.9
      vertex 6.125 -10.6088 26.9
    endloop
  endfacet
  facet normal -0 0 1
    outer loop
      vertex 4.18975 -11.5112 26.9
      vertex 16.5 -12.25 26.9
      vertex 5.17707 -11.1023 26.9
    endloop
  endfacet
  facet normal -0 0 1
    outer loop
      vertex 3.17053 -11.8326 26.9
      vertex 16.5 -12.25 26.9
      vertex 4.18975 -11.5112 26.9
    endloop
  endfacet
  facet normal -0 0 1
    outer loop
      vertex 2.12719 -12.0639 26.9
      vertex 16.5 -12.25 26.9
      vertex 3.17053 -11.8326 26.9
    endloop
  endfacet
  facet normal -0 0 1
    outer loop
      vertex 1.06766 -12.2034 26.9
      vertex 16.5 -12.25 26.9
      vertex 2.12719 -12.0639 26.9
    endloop
  endfacet
  facet normal 0 0 1
    outer loop
      vertex 16.5 -12.25 26.9
      vertex 1.06766 -12.2034 26.9
      vertex 0 -12.25 26.9
    endloop
  endfacet
  facet normal 0 0 1
    outer loop
      vertex 16.5 12.25 26.9
      vertex 7.23485 9.8746 26.9
      vertex 16.5 9.8746 26.9
    endloop
  endfacet
  facet normal 0 0 1
    outer loop
      vertex 16.5 12.25 26.9
      vertex 7.02631 10.0346 26.9
      vertex 7.23485 9.8746 26.9
    endloop
  endfacet
  facet normal 0 0 1
    outer loop
      vertex 16.5 12.25 26.9
      vertex 6.125 10.6088 26.9
      vertex 7.02631 10.0346 26.9
    endloop
  endfacet
  facet normal 0 0 1
    outer loop
      vertex 16.5 12.25 26.9
      vertex 5.17707 11.1023 26.9
      vertex 6.125 10.6088 26.9
    endloop
  endfacet
  facet normal 0 0 1
    outer loop
      vertex 16.5 12.25 26.9
      vertex 4.18975 11.5112 26.9
      vertex 5.17707 11.1023 26.9
    endloop
  endfacet
  facet normal 0 0 1
    outer loop
      vertex 16.5 12.25 26.9
      vertex 3.17053 11.8326 26.9
      vertex 4.18975 11.5112 26.9
    endloop
  endfacet
  facet normal 0 0 1
    outer loop
      vertex 16.5 12.25 26.9
      vertex 2.12719 12.0639 26.9
      vertex 3.17053 11.8326 26.9
    endloop
  endfacet
  facet normal 0 0 1
    outer loop
      vertex 16.5 12.25 26.9
      vertex 1.06766 12.2034 26.9
      vertex 2.12719 12.0639 26.9
    endloop
  endfacet
  facet normal 0 -0 1
    outer loop
      vertex 1.06766 12.2034 26.9
      vertex 16.5 12.25 26.9
      vertex 0 12.25 26.9
    endloop
  endfacet
  facet normal 0 1 0
    outer loop
      vertex 16.5 -12.25 39.3
      vertex 3.84009 -12.25 29.7
      vertex 3.84009 -12.25 39.3
    endloop
  endfacet
  facet normal 0 1 -0
    outer loop
      vertex 16.5 -12.25 26.9
      vertex 3.84009 -12.25 29.7
      vertex 16.5 -12.25 39.3
    endloop
  endfacet
  facet normal 0 1 0
    outer loop
      vertex 0 -12.25 26.9
      vertex 3.84009 -12.25 29.7
      vertex 16.5 -12.25 26.9
    endloop
  endfacet
  facet normal 0 1 0
    outer loop
      vertex 3.84009 -12.25 29.7
      vertex 0 -12.25 26.9
      vertex 0 -12.25 29.7
    endloop
  endfacet
  facet normal 0 -1 0
    outer loop
      vertex 0 12.25 29.7
      vertex 0 12.25 26.9
      vertex 3.84009 12.25 29.7
    endloop
  endfacet
  facet normal 0 -1 0
    outer loop
      vertex 3.84009 12.25 29.7
      vertex 16.5 12.25 39.3
      vertex 3.84009 12.25 39.3
    endloop
  endfacet
  facet normal 0 -1 0
    outer loop
      vertex 3.84009 12.25 29.7
      vertex 16.5 12.25 26.9
      vertex 16.5 12.25 39.3
    endloop
  endfacet
  facet normal 0 -1 0
    outer loop
      vertex 16.5 12.25 26.9
      vertex 3.84009 12.25 29.7
      vertex 0 12.25 26.9
    endloop
  endfacet
  facet normal -1 -0 0
    outer loop
      vertex -16.5 -15.2169 13.9187
      vertex -16.5 -19.275 0
      vertex -16.5 -15.275 15.25
    endloop
  endfacet
  facet normal -1 -0 0
    outer loop
      vertex -16.5 -15.0429 12.5975
      vertex -16.5 -19.275 0
      vertex -16.5 -15.2169 13.9187
    endloop
  endfacet
  facet normal -1 -0 0
    outer loop
      vertex -16.5 -14.7545 11.2965
      vertex -16.5 -19.275 0
      vertex -16.5 -15.0429 12.5975
    endloop
  endfacet
  facet normal -1 -0 0
    outer loop
      vertex -16.5 -14.3538 10.0256
      vertex -16.5 -19.275 0
      vertex -16.5 -14.7545 11.2965
    endloop
  endfacet
  facet normal -1 -0 0
    outer loop
      vertex -16.5 -13.8439 8.79451
      vertex -16.5 -19.275 0
      vertex -16.5 -14.3538 10.0256
    endloop
  endfacet
  facet normal -1 -0 0
    outer loop
      vertex -16.5 -13.2285 7.6125
      vertex -16.5 -19.275 0
      vertex -16.5 -13.8439 8.79451
    endloop
  endfacet
  facet normal -1 -0 0
    outer loop
      vertex -16.5 -12.5125 6.48862
      vertex -16.5 -19.275 0
      vertex -16.5 -13.2285 7.6125
    endloop
  endfacet
  facet normal -1 -0 0
    outer loop
      vertex -16.5 -11.7013 5.43142
      vertex -16.5 -19.275 0
      vertex -16.5 -12.5125 6.48862
    endloop
  endfacet
  facet normal -1 -0 0
    outer loop
      vertex -16.5 -10.8011 4.44894
      vertex -16.5 -19.275 0
      vertex -16.5 -11.7013 5.43142
    endloop
  endfacet
  facet normal -1 -0 0
    outer loop
      vertex -16.5 -9.81858 3.54867
      vertex -16.5 -19.275 0
      vertex -16.5 -10.8011 4.44894
    endloop
  endfacet
  facet normal -1 -0 0
    outer loop
      vertex -16.5 -8.76138 2.73745
      vertex -16.5 -19.275 0
      vertex -16.5 -9.81858 3.54867
    endloop
  endfacet
  facet normal -1 -0 0
    outer loop
      vertex -16.5 -7.6375 2.02146
      vertex -16.5 -19.275 0
      vertex -16.5 -8.76138 2.73745
    endloop
  endfacet
  facet normal -1 -0 0
    outer loop
      vertex -16.5 -6.45549 1.40615
      vertex -16.5 -19.275 0
      vertex -16.5 -7.6375 2.02146
    endloop
  endfacet
  facet normal -1 -0 0
    outer loop
      vertex -16.5 -5.22436 0.896194
      vertex -16.5 -19.275 0
      vertex -16.5 -6.45549 1.40615
    endloop
  endfacet
  facet normal -1 -0 0
    outer loop
      vertex -16.5 -3.95346 0.495482
      vertex -16.5 -19.275 0
      vertex -16.5 -5.22436 0.896194
    endloop
  endfacet
  facet normal -1 -0 0
    outer loop
      vertex -16.5 -2.65248 0.207061
      vertex -16.5 -19.275 0
      vertex -16.5 -3.95346 0.495482
    endloop
  endfacet
  facet normal -1 -0 0
    outer loop
      vertex -16.5 -1.3313 0.0331259
      vertex -16.5 -19.275 0
      vertex -16.5 -2.65248 0.207061
    endloop
  endfacet
  facet normal -1 0 0
    outer loop
      vertex -16.5 -19.275 0
      vertex -16.5 -1.3313 0.0331259
      vertex -16.5 -0.57259 0
    endloop
  endfacet
  facet normal -1 0 0
    outer loop
      vertex -16.5 15.2169 16.5813
      vertex -16.5 19.275 0
      vertex -16.5 15.275 15.25
    endloop
  endfacet
  facet normal -1 0 0
    outer loop
      vertex -16.5 19.275 0
      vertex -16.5 15.2169 13.9187
      vertex -16.5 15.275 15.25
    endloop
  endfacet
  facet normal -1 0 0
    outer loop
      vertex -16.5 19.275 0
      vertex -16.5 15.0429 12.5975
      vertex -16.5 15.2169 13.9187
    endloop
  endfacet
  facet normal -1 0 0
    outer loop
      vertex -16.5 19.275 0
      vertex -16.5 14.7545 11.2965
      vertex -16.5 15.0429 12.5975
    endloop
  endfacet
  facet normal -1 0 0
    outer loop
      vertex -16.5 19.275 0
      vertex -16.5 14.3538 10.0256
      vertex -16.5 14.7545 11.2965
    endloop
  endfacet
  facet normal -1 0 0
    outer loop
      vertex -16.5 19.275 0
      vertex -16.5 13.8439 8.79451
      vertex -16.5 14.3538 10.0256
    endloop
  endfacet
  facet normal -1 0 0
    outer loop
      vertex -16.5 19.275 0
      vertex -16.5 13.2285 7.6125
      vertex -16.5 13.8439 8.79451
    endloop
  endfacet
  facet normal -1 0 0
    outer loop
      vertex -16.5 19.275 0
      vertex -16.5 12.5125 6.48862
      vertex -16.5 13.2285 7.6125
    endloop
  endfacet
  facet normal -1 0 0
    outer loop
      vertex -16.5 19.275 0
      vertex -16.5 11.7013 5.43142
      vertex -16.5 12.5125 6.48862
    endloop
  endfacet
  facet normal -1 0 0
    outer loop
      vertex -16.5 19.275 0
      vertex -16.5 10.8011 4.44894
      vertex -16.5 11.7013 5.43142
    endloop
  endfacet
  facet normal -1 0 0
    outer loop
      vertex -16.5 19.275 0
      vertex -16.5 9.81858 3.54867
      vertex -16.5 10.8011 4.44894
    endloop
  endfacet
  facet normal -1 0 0
    outer loop
      vertex -16.5 19.275 0
      vertex -16.5 8.76138 2.73745
      vertex -16.5 9.81858 3.54867
    endloop
  endfacet
  facet normal -1 0 0
    outer loop
      vertex -16.5 19.275 0
      vertex -16.5 7.6375 2.02146
      vertex -16.5 8.76138 2.73745
    endloop
  endfacet
  facet normal -1 0 0
    outer loop
      vertex -16.5 19.275 0
      vertex -16.5 6.45549 1.40615
      vertex -16.5 7.6375 2.02146
    endloop
  endfacet
  facet normal -1 0 0
    outer loop
      vertex -16.5 19.275 0
      vertex -16.5 5.22436 0.896194
      vertex -16.5 6.45549 1.40615
    endloop
  endfacet
  facet normal -1 0 0
    outer loop
      vertex -16.5 19.275 0
      vertex -16.5 3.95346 0.495482
      vertex -16.5 5.22436 0.896194
    endloop
  endfacet
  facet normal -1 0 0
    outer loop
      vertex -16.5 19.275 0
      vertex -16.5 2.65248 0.207061
      vertex -16.5 3.95346 0.495482
    endloop
  endfacet
  facet normal -1 0 0
    outer loop
      vertex -16.5 19.275 0
      vertex -16.5 1.3313 0.0331259
      vertex -16.5 2.65248 0.207061
    endloop
  endfacet
  facet normal -1 0 -0
    outer loop
      vertex -16.5 1.3313 0.0331259
      vertex -16.5 19.275 0
      vertex -16.5 0.57259 0
    endloop
  endfacet
  facet normal -1 0 0
    outer loop
      vertex -16.5 19.275 0
      vertex -16.5 15.2169 16.5813
      vertex -16.5 19.275 39.3
    endloop
  endfacet
  facet normal -1 0 0
    outer loop
      vertex -16.5 15.0429 17.9025
      vertex -16.5 19.275 39.3
      vertex -16.5 15.2169 16.5813
    endloop
  endfacet
  facet normal -1 0 0
    outer loop
      vertex -16.5 14.7545 19.2035
      vertex -16.5 19.275 39.3
      vertex -16.5 15.0429 17.9025
    endloop
  endfacet
  facet normal -1 0 0
    outer loop
      vertex -16.5 14.3538 20.4744
      vertex -16.5 19.275 39.3
      vertex -16.5 14.7545 19.2035
    endloop
  endfacet
  facet normal -1 0 0
    outer loop
      vertex -16.5 13.8439 21.7055
      vertex -16.5 19.275 39.3
      vertex -16.5 14.3538 20.4744
    endloop
  endfacet
  facet normal -1 0 0
    outer loop
      vertex -16.5 13.2285 22.8875
      vertex -16.5 19.275 39.3
      vertex -16.5 13.8439 21.7055
    endloop
  endfacet
  facet normal -1 0 0
    outer loop
      vertex -16.5 12.5125 24.0114
      vertex -16.5 19.275 39.3
      vertex -16.5 13.2285 22.8875
    endloop
  endfacet
  facet normal -1 0 0
    outer loop
      vertex -16.5 11.7013 25.0686
      vertex -16.5 19.275 39.3
      vertex -16.5 12.5125 24.0114
    endloop
  endfacet
  facet normal -1 0 0
    outer loop
      vertex -16.5 10.8011 26.0511
      vertex -16.5 19.275 39.3
      vertex -16.5 11.7013 25.0686
    endloop
  endfacet
  facet normal -1 0 0
    outer loop
      vertex -16.5 9.81858 26.9513
      vertex -16.5 19.275 39.3
      vertex -16.5 10.8011 26.0511
    endloop
  endfacet
  facet normal -1 0 0
    outer loop
      vertex -16.5 8.76138 27.7625
      vertex -16.5 19.275 39.3
      vertex -16.5 9.81858 26.9513
    endloop
  endfacet
  facet normal -1 0 0
    outer loop
      vertex -16.5 7.6375 28.4785
      vertex -16.5 19.275 39.3
      vertex -16.5 8.76138 27.7625
    endloop
  endfacet
  facet normal -1 0 0
    outer loop
      vertex -16.5 6.45549 29.0939
      vertex -16.5 19.275 39.3
      vertex -16.5 7.6375 28.4785
    endloop
  endfacet
  facet normal -1 0 0
    outer loop
      vertex -16.5 5.22436 29.6038
      vertex -16.5 19.275 39.3
      vertex -16.5 6.45549 29.0939
    endloop
  endfacet
  facet normal -1 0 0
    outer loop
      vertex -16.5 3.95346 30.0045
      vertex -16.5 19.275 39.3
      vertex -16.5 5.22436 29.6038
    endloop
  endfacet
  facet normal -1 0 0
    outer loop
      vertex -16.5 2.65248 30.2929
      vertex -16.5 19.275 39.3
      vertex -16.5 3.95346 30.0045
    endloop
  endfacet
  facet normal -1 0 0
    outer loop
      vertex -16.5 1.3313 30.4669
      vertex -16.5 19.275 39.3
      vertex -16.5 2.65248 30.2929
    endloop
  endfacet
  facet normal -1 0 0
    outer loop
      vertex -16.5 0 30.525
      vertex -16.5 19.275 39.3
      vertex -16.5 1.3313 30.4669
    endloop
  endfacet
  facet normal -1 0 0
    outer loop
      vertex -16.5 -19.275 39.3
      vertex -16.5 0 30.525
      vertex -16.5 -1.3313 30.4669
    endloop
  endfacet
  facet normal -1 0 0
    outer loop
      vertex -16.5 -19.275 39.3
      vertex -16.5 -1.3313 30.4669
      vertex -16.5 -2.65248 30.2929
    endloop
  endfacet
  facet normal -1 0 0
    outer loop
      vertex -16.5 -19.275 39.3
      vertex -16.5 -2.65248 30.2929
      vertex -16.5 -3.95346 30.0045
    endloop
  endfacet
  facet normal -1 0 0
    outer loop
      vertex -16.5 -19.275 39.3
      vertex -16.5 -3.95346 30.0045
      vertex -16.5 -5.22436 29.6038
    endloop
  endfacet
  facet normal -1 0 0
    outer loop
      vertex -16.5 -19.275 0
      vertex -16.5 -15.2169 16.5813
      vertex -16.5 -15.275 15.25
    endloop
  endfacet
  facet normal -1 0 0
    outer loop
      vertex -16.5 -19.275 39.3
      vertex -16.5 -15.2169 16.5813
      vertex -16.5 -19.275 0
    endloop
  endfacet
  facet normal -1 0 0
    outer loop
      vertex -16.5 -15.2169 16.5813
      vertex -16.5 -19.275 39.3
      vertex -16.5 -15.0429 17.9025
    endloop
  endfacet
  facet normal -1 0 0
    outer loop
      vertex -16.5 0 30.525
      vertex -16.5 -19.275 39.3
      vertex -16.5 19.275 39.3
    endloop
  endfacet
  facet normal -1 0 0
    outer loop
      vertex -16.5 -6.45549 29.0939
      vertex -16.5 -19.275 39.3
      vertex -16.5 -5.22436 29.6038
    endloop
  endfacet
  facet normal -1 0 0
    outer loop
      vertex -16.5 -7.6375 28.4785
      vertex -16.5 -19.275 39.3
      vertex -16.5 -6.45549 29.0939
    endloop
  endfacet
  facet normal -1 0 0
    outer loop
      vertex -16.5 -8.76138 27.7625
      vertex -16.5 -19.275 39.3
      vertex -16.5 -7.6375 28.4785
    endloop
  endfacet
  facet normal -1 0 0
    outer loop
      vertex -16.5 -9.81858 26.9513
      vertex -16.5 -19.275 39.3
      vertex -16.5 -8.76138 27.7625
    endloop
  endfacet
  facet normal -1 0 0
    outer loop
      vertex -16.5 -10.8011 26.0511
      vertex -16.5 -19.275 39.3
      vertex -16.5 -9.81858 26.9513
    endloop
  endfacet
  facet normal -1 0 0
    outer loop
      vertex -16.5 -11.7013 25.0686
      vertex -16.5 -19.275 39.3
      vertex -16.5 -10.8011 26.0511
    endloop
  endfacet
  facet normal -1 0 0
    outer loop
      vertex -16.5 -12.5125 24.0114
      vertex -16.5 -19.275 39.3
      vertex -16.5 -11.7013 25.0686
    endloop
  endfacet
  facet normal -1 0 0
    outer loop
      vertex -16.5 -13.2285 22.8875
      vertex -16.5 -19.275 39.3
      vertex -16.5 -12.5125 24.0114
    endloop
  endfacet
  facet normal -1 0 0
    outer loop
      vertex -16.5 -13.8439 21.7055
      vertex -16.5 -19.275 39.3
      vertex -16.5 -13.2285 22.8875
    endloop
  endfacet
  facet normal -1 0 0
    outer loop
      vertex -16.5 -14.3538 20.4744
      vertex -16.5 -19.275 39.3
      vertex -16.5 -13.8439 21.7055
    endloop
  endfacet
  facet normal -1 0 0
    outer loop
      vertex -16.5 -14.7545 19.2035
      vertex -16.5 -19.275 39.3
      vertex -16.5 -14.3538 20.4744
    endloop
  endfacet
  facet normal -1 0 0
    outer loop
      vertex -16.5 -15.0429 17.9025
      vertex -16.5 -19.275 39.3
      vertex -16.5 -14.7545 19.2035
    endloop
  endfacet
  facet normal 0 0 1
    outer loop
      vertex 16.5 19.275 39.3
      vertex 16.2 17.95 39.3
      vertex 16.5 12.25 39.3
    endloop
  endfacet
  facet normal 0 0 1
    outer loop
      vertex 16.5 19.275 39.3
      vertex 11.7 17.95 39.3
      vertex 16.2 17.95 39.3
    endloop
  endfacet
  facet normal 0 0 1
    outer loop
      vertex 11.7 17.95 39.3
      vertex 3.84009 12.25 39.3
      vertex 11.7 13.45 39.3
    endloop
  endfacet
  facet normal 0 0 1
    outer loop
      vertex 11.7 17.95 39.3
      vertex 3.32582 12.4121 39.3
      vertex 3.84009 12.25 39.3
    endloop
  endfacet
  facet normal 0 0 1
    outer loop
      vertex 11.7 17.95 39.3
      vertex 2.23138 12.6548 39.3
      vertex 3.32582 12.4121 39.3
    endloop
  endfacet
  facet normal 0 0 1
    outer loop
      vertex 11.7 17.95 39.3
      vertex 1.11995 12.8011 39.3
      vertex 2.23138 12.6548 39.3
    endloop
  endfacet
  facet normal 0 0 1
    outer loop
      vertex 11.7 17.95 39.3
      vertex 0 12.85 39.3
      vertex 1.11995 12.8011 39.3
    endloop
  endfacet
  facet normal -0 0 1
    outer loop
      vertex -11.7 17.95 39.3
      vertex 0 12.85 39.3
      vertex 11.7 17.95 39.3
    endloop
  endfacet
  facet normal 0 0 1
    outer loop
      vertex 0 12.85 39.3
      vertex -11.7 17.95 39.3
      vertex -1.11995 12.8011 39.3
    endloop
  endfacet
  facet normal 0 0 1
    outer loop
      vertex -1.11995 12.8011 39.3
      vertex -11.7 17.95 39.3
      vertex -2.23138 12.6548 39.3
    endloop
  endfacet
  facet normal 0 0 1
    outer loop
      vertex -2.23138 12.6548 39.3
      vertex -11.7 17.95 39.3
      vertex -3.32582 12.4121 39.3
    endloop
  endfacet
  facet normal -0 0 1
    outer loop
      vertex -16.2 13.45 39.3
      vertex -10.5261 7.37046 39.3
      vertex -11.7 13.45 39.3
    endloop
  endfacet
  facet normal 0 0 1
    outer loop
      vertex -9.84367 8.25982 39.3
      vertex -11.7 13.45 39.3
      vertex -10.5261 7.37046 39.3
    endloop
  endfacet
  facet normal 0 0 1
    outer loop
      vertex -9.08632 9.08632 39.3
      vertex -11.7 13.45 39.3
      vertex -9.84367 8.25982 39.3
    endloop
  endfacet
  facet normal 0 0 1
    outer loop
      vertex -8.25982 9.84367 39.3
      vertex -11.7 13.45 39.3
      vertex -9.08632 9.08632 39.3
    endloop
  endfacet
  facet normal 0 0 1
    outer loop
      vertex -7.37046 10.5261 39.3
      vertex -11.7 13.45 39.3
      vertex -8.25982 9.84367 39.3
    endloop
  endfacet
  facet normal 0 0 1
    outer loop
      vertex -6.425 11.1284 39.3
      vertex -11.7 13.45 39.3
      vertex -7.37046 10.5261 39.3
    endloop
  endfacet
  facet normal 0 0 1
    outer loop
      vertex -5.43064 11.6461 39.3
      vertex -11.7 13.45 39.3
      vertex -6.425 11.1284 39.3
    endloop
  endfacet
  facet normal -0 0 1
    outer loop
      vertex -11.7 13.45 39.3
      vertex -5.43064 11.6461 39.3
      vertex -11.7 17.95 39.3
    endloop
  endfacet
  facet normal 0 0 1
    outer loop
      vertex -4.39496 12.075 39.3
      vertex -11.7 17.95 39.3
      vertex -5.43064 11.6461 39.3
    endloop
  endfacet
  facet normal 0 0 1
    outer loop
      vertex -3.32582 12.4121 39.3
      vertex -11.7 17.95 39.3
      vertex -4.39496 12.075 39.3
    endloop
  endfacet
  facet normal 0 0 1
    outer loop
      vertex 16.5 19.275 39.3
      vertex -11.7 17.95 39.3
      vertex 11.7 17.95 39.3
    endloop
  endfacet
  facet normal -0 0 1
    outer loop
      vertex -16.5 19.275 39.3
      vertex -11.7 17.95 39.3
      vertex 16.5 19.275 39.3
    endloop
  endfacet
  facet normal 0 0 1
    outer loop
      vertex -16.5 19.275 39.3
      vertex -16.2 13.45 39.3
      vertex -16.2 17.95 39.3
    endloop
  endfacet
  facet normal 0 0 1
    outer loop
      vertex -16.2 13.45 39.3
      vertex -16.5 19.275 39.3
      vertex -16.2 -13.45 39.3
    endloop
  endfacet
  facet normal 0 0 1
    outer loop
      vertex -16.5 -19.275 39.3
      vertex -16.2 -13.45 39.3
      vertex -16.5 19.275 39.3
    endloop
  endfacet
  facet normal 0 0 1
    outer loop
      vertex -11.7 17.95 39.3
      vertex -16.5 19.275 39.3
      vertex -16.2 17.95 39.3
    endloop
  endfacet
  facet normal -0 0 1
    outer loop
      vertex 16.2 13.45 39.3
      vertex 16.5 12.25 39.3
      vertex 16.2 17.95 39.3
    endloop
  endfacet
  facet normal -0 0 1
    outer loop
      vertex 11.7 13.45 39.3
      vertex 16.5 12.25 39.3
      vertex 16.2 13.45 39.3
    endloop
  endfacet
  facet normal 0 0 1
    outer loop
      vertex 16.5 12.25 39.3
      vertex 11.7 13.45 39.3
      vertex 3.84009 12.25 39.3
    endloop
  endfacet
  facet normal 0 0 1
    outer loop
      vertex -10.5261 7.37046 39.3
      vertex -16.2 13.45 39.3
      vertex -11.1284 6.425 39.3
    endloop
  endfacet
  facet normal 0 0 1
    outer loop
      vertex -11.1284 6.425 39.3
      vertex -16.2 13.45 39.3
      vertex -11.6461 5.43064 39.3
    endloop
  endfacet
  facet normal 0 0 1
    outer loop
      vertex -11.6461 5.43064 39.3
      vertex -16.2 13.45 39.3
      vertex -12.075 4.39496 39.3
    endloop
  endfacet
  facet normal 0 0 1
    outer loop
      vertex -12.075 4.39496 39.3
      vertex -16.2 13.45 39.3
      vertex -12.4121 3.32582 39.3
    endloop
  endfacet
  facet normal 0 0 1
    outer loop
      vertex -12.4121 3.32582 39.3
      vertex -16.2 13.45 39.3
      vertex -12.6548 2.23138 39.3
    endloop
  endfacet
  facet normal 0 0 1
    outer loop
      vertex -12.8011 1.11995 39.3
      vertex -16.2 13.45 39.3
      vertex -12.85 0 39.3
    endloop
  endfacet
  facet normal 0 0 1
    outer loop
      vertex -12.6548 2.23138 39.3
      vertex -16.2 13.45 39.3
      vertex -12.8011 1.11995 39.3
    endloop
  endfacet
  facet normal 0 0 1
    outer loop
      vertex -16.2 -13.45 39.3
      vertex -11.6461 -5.43064 39.3
      vertex -12.075 -4.39496 39.3
    endloop
  endfacet
  facet normal 0 0 1
    outer loop
      vertex -16.2 -13.45 39.3
      vertex -12.075 -4.39496 39.3
      vertex -12.4121 -3.32582 39.3
    endloop
  endfacet
  facet normal 0 0 1
    outer loop
      vertex -16.2 -13.45 39.3
      vertex -12.4121 -3.32582 39.3
      vertex -12.6548 -2.23138 39.3
    endloop
  endfacet
  facet normal 0 0 1
    outer loop
      vertex -16.2 -13.45 39.3
      vertex -12.6548 -2.23138 39.3
      vertex -12.8011 -1.11995 39.3
    endloop
  endfacet
  facet normal 0 0 1
    outer loop
      vertex -16.2 -13.45 39.3
      vertex -12.85 0 39.3
      vertex -16.2 13.45 39.3
    endloop
  endfacet
  facet normal 0 0 1
    outer loop
      vertex -12.85 0 39.3
      vertex -16.2 -13.45 39.3
      vertex -12.8011 -1.11995 39.3
    endloop
  endfacet
  facet normal 0 0 1
    outer loop
      vertex -11.6461 -5.43064 39.3
      vertex -16.2 -13.45 39.3
      vertex -11.7 -13.45 39.3
    endloop
  endfacet
  facet normal 0 0 1
    outer loop
      vertex 16.2 -17.95 39.3
      vertex 16.5 -12.25 39.3
      vertex 16.2 -13.45 39.3
    endloop
  endfacet
  facet normal 0 0 1
    outer loop
      vertex 16.5 -12.25 39.3
      vertex 11.7 -13.45 39.3
      vertex 16.2 -13.45 39.3
    endloop
  endfacet
  facet normal 0 0 1
    outer loop
      vertex 11.7 -13.45 39.3
      vertex 3.84009 -12.25 39.3
      vertex 11.7 -17.95 39.3
    endloop
  endfacet
  facet normal -0 0 1
    outer loop
      vertex 3.84009 -12.25 39.3
      vertex 11.7 -13.45 39.3
      vertex 16.5 -12.25 39.3
    endloop
  endfacet
  facet normal 0 0 1
    outer loop
      vertex 16.5 -12.25 39.3
      vertex 16.2 -17.95 39.3
      vertex 16.5 -19.275 39.3
    endloop
  endfacet
  facet normal -0 0 1
    outer loop
      vertex 11.7 -17.95 39.3
      vertex 16.5 -19.275 39.3
      vertex 16.2 -17.95 39.3
    endloop
  endfacet
  facet normal -0 0 1
    outer loop
      vertex 3.32582 -12.4121 39.3
      vertex 11.7 -17.95 39.3
      vertex 3.84009 -12.25 39.3
    endloop
  endfacet
  facet normal -0 0 1
    outer loop
      vertex 2.23138 -12.6548 39.3
      vertex 11.7 -17.95 39.3
      vertex 3.32582 -12.4121 39.3
    endloop
  endfacet
  facet normal -0 0 1
    outer loop
      vertex 1.11995 -12.8011 39.3
      vertex 11.7 -17.95 39.3
      vertex 2.23138 -12.6548 39.3
    endloop
  endfacet
  facet normal -0 0 1
    outer loop
      vertex 0 -12.85 39.3
      vertex 11.7 -17.95 39.3
      vertex 1.11995 -12.8011 39.3
    endloop
  endfacet
  facet normal 0 0 1
    outer loop
      vertex -11.7 -17.95 39.3
      vertex 0 -12.85 39.3
      vertex -1.11995 -12.8011 39.3
    endloop
  endfacet
  facet normal 0 0 1
    outer loop
      vertex -11.7 -17.95 39.3
      vertex -1.11995 -12.8011 39.3
      vertex -2.23138 -12.6548 39.3
    endloop
  endfacet
  facet normal 0 0 1
    outer loop
      vertex -11.7 -17.95 39.3
      vertex -2.23138 -12.6548 39.3
      vertex -3.32582 -12.4121 39.3
    endloop
  endfacet
  facet normal 0 0 1
    outer loop
      vertex -11.7 -17.95 39.3
      vertex -3.32582 -12.4121 39.3
      vertex -4.39496 -12.075 39.3
    endloop
  endfacet
  facet normal 0 0 1
    outer loop
      vertex -11.7 -13.45 39.3
      vertex -11.1284 -6.425 39.3
      vertex -11.6461 -5.43064 39.3
    endloop
  endfacet
  facet normal 0 0 1
    outer loop
      vertex -11.7 -13.45 39.3
      vertex -10.5261 -7.37046 39.3
      vertex -11.1284 -6.425 39.3
    endloop
  endfacet
  facet normal 0 0 1
    outer loop
      vertex -11.7 -13.45 39.3
      vertex -9.84367 -8.25982 39.3
      vertex -10.5261 -7.37046 39.3
    endloop
  endfacet
  facet normal 0 0 1
    outer loop
      vertex -11.7 -13.45 39.3
      vertex -9.08632 -9.08632 39.3
      vertex -9.84367 -8.25982 39.3
    endloop
  endfacet
  facet normal 0 0 1
    outer loop
      vertex -11.7 -13.45 39.3
      vertex -8.25982 -9.84367 39.3
      vertex -9.08632 -9.08632 39.3
    endloop
  endfacet
  facet normal 0 0 1
    outer loop
      vertex -11.7 -13.45 39.3
      vertex -7.37046 -10.5261 39.3
      vertex -8.25982 -9.84367 39.3
    endloop
  endfacet
  facet normal 0 0 1
    outer loop
      vertex -11.7 -13.45 39.3
      vertex -6.425 -11.1284 39.3
      vertex -7.37046 -10.5261 39.3
    endloop
  endfacet
  facet normal 0 0 1
    outer loop
      vertex -11.7 -13.45 39.3
      vertex -5.43064 -11.6461 39.3
      vertex -6.425 -11.1284 39.3
    endloop
  endfacet
  facet normal 0 0 1
    outer loop
      vertex -11.7 -17.95 39.3
      vertex -5.43064 -11.6461 39.3
      vertex -11.7 -13.45 39.3
    endloop
  endfacet
  facet normal 0 0 1
    outer loop
      vertex -5.43064 -11.6461 39.3
      vertex -11.7 -17.95 39.3
      vertex -4.39496 -12.075 39.3
    endloop
  endfacet
  facet normal 0 0 1
    outer loop
      vertex 0 -12.85 39.3
      vertex -11.7 -17.95 39.3
      vertex 11.7 -17.95 39.3
    endloop
  endfacet
  facet normal 0 0 1
    outer loop
      vertex 11.7 -17.95 39.3
      vertex -11.7 -17.95 39.3
      vertex 16.5 -19.275 39.3
    endloop
  endfacet
  facet normal 0 0 1
    outer loop
      vertex -16.5 -19.275 39.3
      vertex -11.7 -17.95 39.3
      vertex -16.2 -17.95 39.3
    endloop
  endfacet
  facet normal 0 0 1
    outer loop
      vertex -11.7 -17.95 39.3
      vertex -16.5 -19.275 39.3
      vertex 16.5 -19.275 39.3
    endloop
  endfacet
  facet normal 0 0 1
    outer loop
      vertex -16.2 -13.45 39.3
      vertex -16.5 -19.275 39.3
      vertex -16.2 -17.95 39.3
    endloop
  endfacet
  facet normal 1 -0 0
    outer loop
      vertex 16.5 -19.275 39.3
      vertex 16.5 -12.25 26.9
      vertex 16.5 -12.25 39.3
    endloop
  endfacet
  facet normal 1 0 -0
    outer loop
      vertex 16.5 -13.8439 21.7055
      vertex 16.5 -12.25 26.9
      vertex 16.5 -19.275 39.3
    endloop
  endfacet
  facet normal 1 0 0
    outer loop
      vertex 16.5 -12.25 26.9
      vertex 16.5 -13.2285 22.8875
      vertex 16.5 -12.5125 24.0114
    endloop
  endfacet
  facet normal 1 0 0
    outer loop
      vertex 16.5 -12.25 26.9
      vertex 16.5 -13.8439 21.7055
      vertex 16.5 -13.2285 22.8875
    endloop
  endfacet
  facet normal 1 0 0
    outer loop
      vertex 16.5 -13.8439 21.7055
      vertex 16.5 -19.275 39.3
      vertex 16.5 -14.3538 20.4744
    endloop
  endfacet
  facet normal 1 0 0
    outer loop
      vertex 16.5 -14.3538 20.4744
      vertex 16.5 -19.275 39.3
      vertex 16.5 -14.7545 19.2035
    endloop
  endfacet
  facet normal 1 0 0
    outer loop
      vertex 16.5 -14.7545 19.2035
      vertex 16.5 -19.275 39.3
      vertex 16.5 -15.0429 17.9025
    endloop
  endfacet
  facet normal 1 0 0
    outer loop
      vertex 16.5 -19.275 0
      vertex 16.5 -15.2169 16.5813
      vertex 16.5 -19.275 39.3
    endloop
  endfacet
  facet normal 1 0 0
    outer loop
      vertex 16.5 -15.0429 17.9025
      vertex 16.5 -19.275 39.3
      vertex 16.5 -15.2169 16.5813
    endloop
  endfacet
  facet normal 1 -0 0
    outer loop
      vertex 16.5 -12.25 26.9
      vertex 16.5 -10.8011 26.0511
      vertex 16.5 -9.8746 26.9
    endloop
  endfacet
  facet normal 1 0 0
    outer loop
      vertex 16.5 -12.25 26.9
      vertex 16.5 -11.7013 25.0686
      vertex 16.5 -10.8011 26.0511
    endloop
  endfacet
  facet normal 1 0 0
    outer loop
      vertex 16.5 -11.7013 25.0686
      vertex 16.5 -12.25 26.9
      vertex 16.5 -12.5125 24.0114
    endloop
  endfacet
  facet normal 1 0 0
    outer loop
      vertex 16.5 -15.2169 16.5813
      vertex 16.5 -19.275 0
      vertex 16.5 -15.275 15.25
    endloop
  endfacet
  facet normal 1 0 0
    outer loop
      vertex 16.5 -15.275 15.25
      vertex 16.5 -19.275 0
      vertex 16.5 -15.2169 13.9187
    endloop
  endfacet
  facet normal 1 0 0
    outer loop
      vertex 16.5 -1.3313 0.0331259
      vertex 16.5 -19.275 0
      vertex 16.5 -0.57259 0
    endloop
  endfacet
  facet normal 1 0 0
    outer loop
      vertex 16.5 -2.65248 0.207061
      vertex 16.5 -19.275 0
      vertex 16.5 -1.3313 0.0331259
    endloop
  endfacet
  facet normal 1 0 0
    outer loop
      vertex 16.5 -3.95346 0.495482
      vertex 16.5 -19.275 0
      vertex 16.5 -2.65248 0.207061
    endloop
  endfacet
  facet normal 1 0 0
    outer loop
      vertex 16.5 -5.22436 0.896194
      vertex 16.5 -19.275 0
      vertex 16.5 -3.95346 0.495482
    endloop
  endfacet
  facet normal 1 0 0
    outer loop
      vertex 16.5 -6.45549 1.40615
      vertex 16.5 -19.275 0
      vertex 16.5 -5.22436 0.896194
    endloop
  endfacet
  facet normal 1 0 0
    outer loop
      vertex 16.5 -7.6375 2.02146
      vertex 16.5 -19.275 0
      vertex 16.5 -6.45549 1.40615
    endloop
  endfacet
  facet normal 1 0 0
    outer loop
      vertex 16.5 -8.76138 2.73745
      vertex 16.5 -19.275 0
      vertex 16.5 -7.6375 2.02146
    endloop
  endfacet
  facet normal 1 0 0
    outer loop
      vertex 16.5 -9.81858 3.54867
      vertex 16.5 -19.275 0
      vertex 16.5 -8.76138 2.73745
    endloop
  endfacet
  facet normal 1 0 0
    outer loop
      vertex 16.5 -10.8011 4.44894
      vertex 16.5 -19.275 0
      vertex 16.5 -9.81858 3.54867
    endloop
  endfacet
  facet normal 1 0 0
    outer loop
      vertex 16.5 -11.7013 5.43142
      vertex 16.5 -19.275 0
      vertex 16.5 -10.8011 4.44894
    endloop
  endfacet
  facet normal 1 0 0
    outer loop
      vertex 16.5 -12.5125 6.48862
      vertex 16.5 -19.275 0
      vertex 16.5 -11.7013 5.43142
    endloop
  endfacet
  facet normal 1 0 0
    outer loop
      vertex 16.5 -13.2285 7.6125
      vertex 16.5 -19.275 0
      vertex 16.5 -12.5125 6.48862
    endloop
  endfacet
  facet normal 1 0 0
    outer loop
      vertex 16.5 -13.8439 8.79451
      vertex 16.5 -19.275 0
      vertex 16.5 -13.2285 7.6125
    endloop
  endfacet
  facet normal 1 0 0
    outer loop
      vertex 16.5 -14.3538 10.0256
      vertex 16.5 -19.275 0
      vertex 16.5 -13.8439 8.79451
    endloop
  endfacet
  facet normal 1 0 0
    outer loop
      vertex 16.5 -14.7545 11.2965
      vertex 16.5 -19.275 0
      vertex 16.5 -14.3538 10.0256
    endloop
  endfacet
  facet normal 1 0 0
    outer loop
      vertex 16.5 -15.0429 12.5975
      vertex 16.5 -19.275 0
      vertex 16.5 -14.7545 11.2965
    endloop
  endfacet
  facet normal 1 0 0
    outer loop
      vertex 16.5 -15.2169 13.9187
      vertex 16.5 -19.275 0
      vertex 16.5 -15.0429 12.5975
    endloop
  endfacet
  facet normal 1 -0 0
    outer loop
      vertex 16.5 15.2169 16.5813
      vertex 16.5 19.275 0
      vertex 16.5 19.275 39.3
    endloop
  endfacet
  facet normal 1 0 0
    outer loop
      vertex 16.5 19.275 0
      vertex 16.5 15.2169 16.5813
      vertex 16.5 15.275 15.25
    endloop
  endfacet
  facet normal 1 0 0
    outer loop
      vertex 16.5 19.275 39.3
      vertex 16.5 15.0429 17.9025
      vertex 16.5 15.2169 16.5813
    endloop
  endfacet
  facet normal 1 0 0
    outer loop
      vertex 16.5 19.275 39.3
      vertex 16.5 14.7545 19.2035
      vertex 16.5 15.0429 17.9025
    endloop
  endfacet
  facet normal 1 0 0
    outer loop
      vertex 16.5 19.275 39.3
      vertex 16.5 14.3538 20.4744
      vertex 16.5 14.7545 19.2035
    endloop
  endfacet
  facet normal 1 0 0
    outer loop
      vertex 16.5 19.275 39.3
      vertex 16.5 13.8439 21.7055
      vertex 16.5 14.3538 20.4744
    endloop
  endfacet
  facet normal 1 -0 0
    outer loop
      vertex 16.5 12.25 26.9
      vertex 16.5 13.8439 21.7055
      vertex 16.5 19.275 39.3
    endloop
  endfacet
  facet normal 1 0 0
    outer loop
      vertex 16.5 13.8439 21.7055
      vertex 16.5 12.25 26.9
      vertex 16.5 13.2285 22.8875
    endloop
  endfacet
  facet normal 1 0 0
    outer loop
      vertex 16.5 12.25 26.9
      vertex 16.5 19.275 39.3
      vertex 16.5 12.25 39.3
    endloop
  endfacet
  facet normal 1 0 0
    outer loop
      vertex 16.5 13.2285 22.8875
      vertex 16.5 12.25 26.9
      vertex 16.5 12.5125 24.0114
    endloop
  endfacet
  facet normal 1 0 0
    outer loop
      vertex 16.5 12.25 26.9
      vertex 16.5 11.7013 25.0686
      vertex 16.5 12.5125 24.0114
    endloop
  endfacet
  facet normal 1 0 0
    outer loop
      vertex 16.5 12.25 26.9
      vertex 16.5 10.8011 26.0511
      vertex 16.5 11.7013 25.0686
    endloop
  endfacet
  facet normal 1 0 -0
    outer loop
      vertex 16.5 10.8011 26.0511
      vertex 16.5 12.25 26.9
      vertex 16.5 9.8746 26.9
    endloop
  endfacet
  facet normal 1 -0 0
    outer loop
      vertex 16.5 15.2169 13.9187
      vertex 16.5 19.275 0
      vertex 16.5 15.275 15.25
    endloop
  endfacet
  facet normal 1 -0 0
    outer loop
      vertex 16.5 15.0429 12.5975
      vertex 16.5 19.275 0
      vertex 16.5 15.2169 13.9187
    endloop
  endfacet
  facet normal 1 -0 0
    outer loop
      vertex 16.5 14.7545 11.2965
      vertex 16.5 19.275 0
      vertex 16.5 15.0429 12.5975
    endloop
  endfacet
  facet normal 1 -0 0
    outer loop
      vertex 16.5 14.3538 10.0256
      vertex 16.5 19.275 0
      vertex 16.5 14.7545 11.2965
    endloop
  endfacet
  facet normal 1 -0 0
    outer loop
      vertex 16.5 13.8439 8.79451
      vertex 16.5 19.275 0
      vertex 16.5 14.3538 10.0256
    endloop
  endfacet
  facet normal 1 -0 0
    outer loop
      vertex 16.5 13.2285 7.6125
      vertex 16.5 19.275 0
      vertex 16.5 13.8439 8.79451
    endloop
  endfacet
  facet normal 1 -0 0
    outer loop
      vertex 16.5 12.5125 6.48862
      vertex 16.5 19.275 0
      vertex 16.5 13.2285 7.6125
    endloop
  endfacet
  facet normal 1 -0 0
    outer loop
      vertex 16.5 11.7013 5.43142
      vertex 16.5 19.275 0
      vertex 16.5 12.5125 6.48862
    endloop
  endfacet
  facet normal 1 -0 0
    outer loop
      vertex 16.5 10.8011 4.44894
      vertex 16.5 19.275 0
      vertex 16.5 11.7013 5.43142
    endloop
  endfacet
  facet normal 1 -0 0
    outer loop
      vertex 16.5 9.81858 3.54867
      vertex 16.5 19.275 0
      vertex 16.5 10.8011 4.44894
    endloop
  endfacet
  facet normal 1 -0 0
    outer loop
      vertex 16.5 8.76138 2.73745
      vertex 16.5 19.275 0
      vertex 16.5 9.81858 3.54867
    endloop
  endfacet
  facet normal 1 -0 0
    outer loop
      vertex 16.5 7.6375 2.02146
      vertex 16.5 19.275 0
      vertex 16.5 8.76138 2.73745
    endloop
  endfacet
  facet normal 1 -0 0
    outer loop
      vertex 16.5 6.45549 1.40615
      vertex 16.5 19.275 0
      vertex 16.5 7.6375 2.02146
    endloop
  endfacet
  facet normal 1 -0 0
    outer loop
      vertex 16.5 5.22436 0.896194
      vertex 16.5 19.275 0
      vertex 16.5 6.45549 1.40615
    endloop
  endfacet
  facet normal 1 -0 0
    outer loop
      vertex 16.5 3.95346 0.495482
      vertex 16.5 19.275 0
      vertex 16.5 5.22436 0.896194
    endloop
  endfacet
  facet normal 1 -0 0
    outer loop
      vertex 16.5 2.65248 0.207061
      vertex 16.5 19.275 0
      vertex 16.5 3.95346 0.495482
    endloop
  endfacet
  facet normal 1 -0 0
    outer loop
      vertex 16.5 1.3313 0.0331259
      vertex 16.5 19.275 0
      vertex 16.5 2.65248 0.207061
    endloop
  endfacet
  facet normal 1 0 0
    outer loop
      vertex 16.5 19.275 0
      vertex 16.5 1.3313 0.0331259
      vertex 16.5 0.57259 0
    endloop
  endfacet
  facet normal 0 1 -0
    outer loop
      vertex 16.5 19.275 0
      vertex -16.5 19.275 39.3
      vertex 16.5 19.275 39.3
    endloop
  endfacet
  facet normal 0 1 0
    outer loop
      vertex -16.5 19.275 39.3
      vertex 16.5 19.275 0
      vertex -16.5 19.275 0
    endloop
  endfacet
  facet normal 0 0 -1
    outer loop
      vertex -16.5 -19.275 0
      vertex 16.5 -0.57259 0
      vertex 16.5 -19.275 0
    endloop
  endfacet
  facet normal -0 0 -1
    outer loop
      vertex 16.5 -0.57259 0
      vertex -16.5 -19.275 0
      vertex -16.5 -0.57259 0
    endloop
  endfacet
  facet normal 0 0 -1
    outer loop
      vertex -16.5 0.57259 0
      vertex 16.5 19.275 0
      vertex 16.5 0.57259 0
    endloop
  endfacet
  facet normal -0 0 -1
    outer loop
      vertex 16.5 19.275 0
      vertex -16.5 0.57259 0
      vertex -16.5 19.275 0
    endloop
  endfacet
  facet normal 0 -1 0
    outer loop
      vertex -16.5 -19.275 0
      vertex 16.5 -19.275 39.3
      vertex -16.5 -19.275 39.3
    endloop
  endfacet
  facet normal 0 -1 -0
    outer loop
      vertex 16.5 -19.275 39.3
      vertex -16.5 -19.275 0
      vertex 16.5 -19.275 0
    endloop
  endfacet
  facet normal -1 0 0
    outer loop
      vertex -16.5 41.05 52.8
      vertex -16.5 27.05 57.8
      vertex -16.5 41.05 59.8
    endloop
  endfacet
  facet normal -1 0 0
    outer loop
      vertex -16.5 41.05 52.8
      vertex -16.5 -7.05 57.8
      vertex -16.5 27.05 57.8
    endloop
  endfacet
  facet normal -1 0 0
    outer loop
      vertex -16.5 -21.05 52.8
      vertex -16.5 -7.05 57.8
      vertex -16.5 41.05 52.8
    endloop
  endfacet
  facet normal -1 0 0
    outer loop
      vertex -16.5 -21.05 59.8
      vertex -16.5 -7.05 57.8
      vertex -16.5 -21.05 52.8
    endloop
  endfacet
  facet normal -1 0 0
    outer loop
      vertex -16.5 -7.05 57.8
      vertex -16.5 -21.05 59.8
      vertex -16.5 -7.05 59.8
    endloop
  endfacet
  facet normal -1 -0 0
    outer loop
      vertex -16.5 41.05 59.8
      vertex -16.5 27.05 57.8
      vertex -16.5 27.05 59.8
    endloop
  endfacet
  facet normal 0 0 1
    outer loop
      vertex -11.45 -7.05 59.8
      vertex -16.5 -7.05 59.8
      vertex -11.45 -10.3 59.8
    endloop
  endfacet
  facet normal 0 0 1
    outer loop
      vertex -0.9 -10.3 59.8
      vertex -4.05 -14.05 59.8
      vertex -0.9 -17.95 59.8
    endloop
  endfacet
  facet normal 0 0 1
    outer loop
      vertex -0.9 -10.3 59.8
      vertex -4.05361 -13.9672 59.8
      vertex -4.05 -14.05 59.8
    endloop
  endfacet
  facet normal 0 0 1
    outer loop
      vertex -0.9 -10.3 59.8
      vertex -4.06443 -13.885 59.8
      vertex -4.05361 -13.9672 59.8
    endloop
  endfacet
  facet normal 0 0 1
    outer loop
      vertex -0.9 -10.3 59.8
      vertex -4.08237 -13.8041 59.8
      vertex -4.06443 -13.885 59.8
    endloop
  endfacet
  facet normal 0 0 1
    outer loop
      vertex -0.9 -10.3 59.8
      vertex -4.10729 -13.7251 59.8
      vertex -4.08237 -13.8041 59.8
    endloop
  endfacet
  facet normal 0 0 1
    outer loop
      vertex -0.9 -10.3 59.8
      vertex -4.13901 -13.6485 59.8
      vertex -4.10729 -13.7251 59.8
    endloop
  endfacet
  facet normal 0 0 1
    outer loop
      vertex -0.9 -10.3 59.8
      vertex -4.17728 -13.575 59.8
      vertex -4.13901 -13.6485 59.8
    endloop
  endfacet
  facet normal 0 0 1
    outer loop
      vertex -0.9 -10.3 59.8
      vertex -4.2218 -13.5051 59.8
      vertex -4.17728 -13.575 59.8
    endloop
  endfacet
  facet normal 0 0 1
    outer loop
      vertex -0.9 -10.3 59.8
      vertex -4.27226 -13.4394 59.8
      vertex -4.2218 -13.5051 59.8
    endloop
  endfacet
  facet normal 0 0 1
    outer loop
      vertex -0.9 -10.3 59.8
      vertex -4.32825 -13.3782 59.8
      vertex -4.27226 -13.4394 59.8
    endloop
  endfacet
  facet normal 0 0 1
    outer loop
      vertex -0.9 -10.3 59.8
      vertex -4.38935 -13.3223 59.8
      vertex -4.32825 -13.3782 59.8
    endloop
  endfacet
  facet normal 0 0 1
    outer loop
      vertex -0.9 -10.3 59.8
      vertex -4.4551 -13.2718 59.8
      vertex -4.38935 -13.3223 59.8
    endloop
  endfacet
  facet normal 0 0 1
    outer loop
      vertex -0.9 -10.3 59.8
      vertex -4.525 -13.2273 59.8
      vertex -4.4551 -13.2718 59.8
    endloop
  endfacet
  facet normal 0 0 1
    outer loop
      vertex -0.9 -10.3 59.8
      vertex -4.59851 -13.189 59.8
      vertex -4.525 -13.2273 59.8
    endloop
  endfacet
  facet normal 0 0 1
    outer loop
      vertex -0.9 -10.3 59.8
      vertex -4.67508 -13.1573 59.8
      vertex -4.59851 -13.189 59.8
    endloop
  endfacet
  facet normal 0 0 1
    outer loop
      vertex -0.9 -10.3 59.8
      vertex -4.75412 -13.1324 59.8
      vertex -4.67508 -13.1573 59.8
    endloop
  endfacet
  facet normal 0 0 1
    outer loop
      vertex -0.9 -10.3 59.8
      vertex -4.83503 -13.1144 59.8
      vertex -4.75412 -13.1324 59.8
    endloop
  endfacet
  facet normal 0 0 1
    outer loop
      vertex -0.9 -10.3 59.8
      vertex -4.9172 -13.1036 59.8
      vertex -4.83503 -13.1144 59.8
    endloop
  endfacet
  facet normal 0 0 1
    outer loop
      vertex -0.9 -10.3 59.8
      vertex -5 -13.1 59.8
      vertex -4.9172 -13.1036 59.8
    endloop
  endfacet
  facet normal 0 0 1
    outer loop
      vertex -0.9 -10.3 59.8
      vertex -5.0828 -13.1036 59.8
      vertex -5 -13.1 59.8
    endloop
  endfacet
  facet normal 0 0 1
    outer loop
      vertex -0.9 -10.3 59.8
      vertex -5.16497 -13.1144 59.8
      vertex -5.0828 -13.1036 59.8
    endloop
  endfacet
  facet normal -0 0 1
    outer loop
      vertex -11.45 -10.3 59.8
      vertex -5.16497 -13.1144 59.8
      vertex -0.9 -10.3 59.8
    endloop
  endfacet
  facet normal 0 0 1
    outer loop
      vertex -5.16497 -13.1144 59.8
      vertex -11.45 -10.3 59.8
      vertex -5.24588 -13.1324 59.8
    endloop
  endfacet
  facet normal 0 0 1
    outer loop
      vertex -5.24588 -13.1324 59.8
      vertex -11.45 -10.3 59.8
      vertex -5.32492 -13.1573 59.8
    endloop
  endfacet
  facet normal 0 0 1
    outer loop
      vertex -5.32492 -13.1573 59.8
      vertex -11.45 -10.3 59.8
      vertex -5.40149 -13.189 59.8
    endloop
  endfacet
  facet normal 0 0 1
    outer loop
      vertex -5.40149 -13.189 59.8
      vertex -11.45 -10.3 59.8
      vertex -5.475 -13.2273 59.8
    endloop
  endfacet
  facet normal 0 0 1
    outer loop
      vertex -5.94638 -13.9672 59.8
      vertex -11.45 -10.3 59.8
      vertex -5.95 -14.05 59.8
    endloop
  endfacet
  facet normal 0 0 1
    outer loop
      vertex -5.93557 -13.885 59.8
      vertex -11.45 -10.3 59.8
      vertex -5.94638 -13.9672 59.8
    endloop
  endfacet
  facet normal 0 0 1
    outer loop
      vertex -5.91763 -13.8041 59.8
      vertex -11.45 -10.3 59.8
      vertex -5.93557 -13.885 59.8
    endloop
  endfacet
  facet normal 0 0 1
    outer loop
      vertex -5.89271 -13.7251 59.8
      vertex -11.45 -10.3 59.8
      vertex -5.91763 -13.8041 59.8
    endloop
  endfacet
  facet normal 0 0 1
    outer loop
      vertex -5.86099 -13.6485 59.8
      vertex -11.45 -10.3 59.8
      vertex -5.89271 -13.7251 59.8
    endloop
  endfacet
  facet normal 0 0 1
    outer loop
      vertex -5.82272 -13.575 59.8
      vertex -11.45 -10.3 59.8
      vertex -5.86099 -13.6485 59.8
    endloop
  endfacet
  facet normal 0 0 1
    outer loop
      vertex -5.77819 -13.5051 59.8
      vertex -11.45 -10.3 59.8
      vertex -5.82272 -13.575 59.8
    endloop
  endfacet
  facet normal 0 0 1
    outer loop
      vertex -5.72774 -13.4394 59.8
      vertex -11.45 -10.3 59.8
      vertex -5.77819 -13.5051 59.8
    endloop
  endfacet
  facet normal 0 0 1
    outer loop
      vertex -5.67175 -13.3782 59.8
      vertex -11.45 -10.3 59.8
      vertex -5.72774 -13.4394 59.8
    endloop
  endfacet
  facet normal 0 0 1
    outer loop
      vertex -5.61065 -13.3223 59.8
      vertex -11.45 -10.3 59.8
      vertex -5.67175 -13.3782 59.8
    endloop
  endfacet
  facet normal 0 0 1
    outer loop
      vertex -5.5449 -13.2718 59.8
      vertex -11.45 -10.3 59.8
      vertex -5.61065 -13.3223 59.8
    endloop
  endfacet
  facet normal 0 0 1
    outer loop
      vertex -5.475 -13.2273 59.8
      vertex -11.45 -10.3 59.8
      vertex -5.5449 -13.2718 59.8
    endloop
  endfacet
  facet normal 0 0 1
    outer loop
      vertex 11.45 -10.3 59.8
      vertex 5.94638 -13.9672 59.8
      vertex 5.95 -14.05 59.8
    endloop
  endfacet
  facet normal 0 0 1
    outer loop
      vertex 11.45 -10.3 59.8
      vertex 5.93557 -13.885 59.8
      vertex 5.94638 -13.9672 59.8
    endloop
  endfacet
  facet normal 0 0 1
    outer loop
      vertex 11.45 -10.3 59.8
      vertex 5.91763 -13.8041 59.8
      vertex 5.93557 -13.885 59.8
    endloop
  endfacet
  facet normal 0 0 1
    outer loop
      vertex 11.45 -10.3 59.8
      vertex 5.89271 -13.7251 59.8
      vertex 5.91763 -13.8041 59.8
    endloop
  endfacet
  facet normal 0 0 1
    outer loop
      vertex 11.45 -10.3 59.8
      vertex 5.86099 -13.6485 59.8
      vertex 5.89271 -13.7251 59.8
    endloop
  endfacet
  facet normal 0 0 1
    outer loop
      vertex 11.45 -10.3 59.8
      vertex 5.82272 -13.575 59.8
      vertex 5.86099 -13.6485 59.8
    endloop
  endfacet
  facet normal 0 0 1
    outer loop
      vertex 11.45 -10.3 59.8
      vertex 5.77819 -13.5051 59.8
      vertex 5.82272 -13.575 59.8
    endloop
  endfacet
  facet normal 0 0 1
    outer loop
      vertex 11.45 -10.3 59.8
      vertex 5.72774 -13.4394 59.8
      vertex 5.77819 -13.5051 59.8
    endloop
  endfacet
  facet normal 0 0 1
    outer loop
      vertex 11.45 -10.3 59.8
      vertex 5.67175 -13.3782 59.8
      vertex 5.72774 -13.4394 59.8
    endloop
  endfacet
  facet normal 0 0 1
    outer loop
      vertex 11.45 -10.3 59.8
      vertex 5.61065 -13.3223 59.8
      vertex 5.67175 -13.3782 59.8
    endloop
  endfacet
  facet normal 0 0 1
    outer loop
      vertex 11.45 -10.3 59.8
      vertex 5.5449 -13.2718 59.8
      vertex 5.61065 -13.3223 59.8
    endloop
  endfacet
  facet normal 0 0 1
    outer loop
      vertex 11.45 -10.3 59.8
      vertex 5.475 -13.2273 59.8
      vertex 5.5449 -13.2718 59.8
    endloop
  endfacet
  facet normal 0 0 1
    outer loop
      vertex 11.45 -10.3 59.8
      vertex 5.40149 -13.189 59.8
      vertex 5.475 -13.2273 59.8
    endloop
  endfacet
  facet normal 0 0 1
    outer loop
      vertex 11.45 -10.3 59.8
      vertex 5.32492 -13.1573 59.8
      vertex 5.40149 -13.189 59.8
    endloop
  endfacet
  facet normal 0 0 1
    outer loop
      vertex 11.45 -10.3 59.8
      vertex 5.24588 -13.1324 59.8
      vertex 5.32492 -13.1573 59.8
    endloop
  endfacet
  facet normal 0 0 1
    outer loop
      vertex 11.45 -10.3 59.8
      vertex 5.16497 -13.1144 59.8
      vertex 5.24588 -13.1324 59.8
    endloop
  endfacet
  facet normal -0 0 1
    outer loop
      vertex 0.9 -10.3 59.8
      vertex 5.16497 -13.1144 59.8
      vertex 11.45 -10.3 59.8
    endloop
  endfacet
  facet normal 0 0 1
    outer loop
      vertex 5.16497 -13.1144 59.8
      vertex 0.9 -10.3 59.8
      vertex 5.0828 -13.1036 59.8
    endloop
  endfacet
  facet normal 0 0 1
    outer loop
      vertex 5.0828 -13.1036 59.8
      vertex 0.9 -10.3 59.8
      vertex 5 -13.1 59.8
    endloop
  endfacet
  facet normal 0 0 1
    outer loop
      vertex 5 -13.1 59.8
      vertex 0.9 -10.3 59.8
      vertex 4.9172 -13.1036 59.8
    endloop
  endfacet
  facet normal 0 0 1
    outer loop
      vertex 4.9172 -13.1036 59.8
      vertex 0.9 -10.3 59.8
      vertex 4.83503 -13.1144 59.8
    endloop
  endfacet
  facet normal 0 0 1
    outer loop
      vertex 4.83503 -13.1144 59.8
      vertex 0.9 -10.3 59.8
      vertex 4.75412 -13.1324 59.8
    endloop
  endfacet
  facet normal 0 0 1
    outer loop
      vertex 4.75412 -13.1324 59.8
      vertex 0.9 -10.3 59.8
      vertex 4.67508 -13.1573 59.8
    endloop
  endfacet
  facet normal 0 0 1
    outer loop
      vertex 4.05361 -13.9672 59.8
      vertex 0.9 -10.3 59.8
      vertex 4.05 -14.05 59.8
    endloop
  endfacet
  facet normal 0 0 1
    outer loop
      vertex 4.06443 -13.885 59.8
      vertex 0.9 -10.3 59.8
      vertex 4.05361 -13.9672 59.8
    endloop
  endfacet
  facet normal 0 0 1
    outer loop
      vertex 4.08237 -13.8041 59.8
      vertex 0.9 -10.3 59.8
      vertex 4.06443 -13.885 59.8
    endloop
  endfacet
  facet normal 0 0 1
    outer loop
      vertex 4.10729 -13.7251 59.8
      vertex 0.9 -10.3 59.8
      vertex 4.08237 -13.8041 59.8
    endloop
  endfacet
  facet normal 0 0 1
    outer loop
      vertex 4.13901 -13.6485 59.8
      vertex 0.9 -10.3 59.8
      vertex 4.10729 -13.7251 59.8
    endloop
  endfacet
  facet normal 0 0 1
    outer loop
      vertex 4.17728 -13.575 59.8
      vertex 0.9 -10.3 59.8
      vertex 4.13901 -13.6485 59.8
    endloop
  endfacet
  facet normal 0 0 1
    outer loop
      vertex 4.2218 -13.5051 59.8
      vertex 0.9 -10.3 59.8
      vertex 4.17728 -13.575 59.8
    endloop
  endfacet
  facet normal 0 0 1
    outer loop
      vertex 4.27226 -13.4394 59.8
      vertex 0.9 -10.3 59.8
      vertex 4.2218 -13.5051 59.8
    endloop
  endfacet
  facet normal 0 0 1
    outer loop
      vertex 4.32825 -13.3782 59.8
      vertex 0.9 -10.3 59.8
      vertex 4.27226 -13.4394 59.8
    endloop
  endfacet
  facet normal 0 0 1
    outer loop
      vertex 4.38935 -13.3223 59.8
      vertex 0.9 -10.3 59.8
      vertex 4.32825 -13.3782 59.8
    endloop
  endfacet
  facet normal 0 0 1
    outer loop
      vertex 4.4551 -13.2718 59.8
      vertex 0.9 -10.3 59.8
      vertex 4.38935 -13.3223 59.8
    endloop
  endfacet
  facet normal 0 0 1
    outer loop
      vertex 4.525 -13.2273 59.8
      vertex 0.9 -10.3 59.8
      vertex 4.4551 -13.2718 59.8
    endloop
  endfacet
  facet normal 0 0 1
    outer loop
      vertex 4.59851 -13.189 59.8
      vertex 0.9 -10.3 59.8
      vertex 4.525 -13.2273 59.8
    endloop
  endfacet
  facet normal 0 0 1
    outer loop
      vertex 4.67508 -13.1573 59.8
      vertex 0.9 -10.3 59.8
      vertex 4.59851 -13.189 59.8
    endloop
  endfacet
  facet normal 0 0 1
    outer loop
      vertex 11.45 -10.3 59.8
      vertex 16.5 -7.05 59.8
      vertex 11.45 -7.05 59.8
    endloop
  endfacet
  facet normal 0 0 1
    outer loop
      vertex 16.5 -7.05 59.8
      vertex 11.45 -10.3 59.8
      vertex 16.5 -21.05 59.8
    endloop
  endfacet
  facet normal 0 0 1
    outer loop
      vertex 5.94638 -14.1328 59.8
      vertex 11.45 -10.3 59.8
      vertex 5.95 -14.05 59.8
    endloop
  endfacet
  facet normal 0 0 1
    outer loop
      vertex 5.93557 -14.215 59.8
      vertex 11.45 -10.3 59.8
      vertex 5.94638 -14.1328 59.8
    endloop
  endfacet
  facet normal 0 0 1
    outer loop
      vertex 5.91763 -14.2959 59.8
      vertex 11.45 -10.3 59.8
      vertex 5.93557 -14.215 59.8
    endloop
  endfacet
  facet normal 0 0 1
    outer loop
      vertex 5.89271 -14.3749 59.8
      vertex 11.45 -10.3 59.8
      vertex 5.91763 -14.2959 59.8
    endloop
  endfacet
  facet normal 0 0 1
    outer loop
      vertex 11.45 -10.3 59.8
      vertex 5.89271 -14.3749 59.8
      vertex 16.5 -21.05 59.8
    endloop
  endfacet
  facet normal -0 0 1
    outer loop
      vertex 5.86099 -14.4515 59.8
      vertex 16.5 -21.05 59.8
      vertex 5.89271 -14.3749 59.8
    endloop
  endfacet
  facet normal -0 0 1
    outer loop
      vertex 5.82272 -14.525 59.8
      vertex 16.5 -21.05 59.8
      vertex 5.86099 -14.4515 59.8
    endloop
  endfacet
  facet normal -0 0 1
    outer loop
      vertex 5.77819 -14.5949 59.8
      vertex 16.5 -21.05 59.8
      vertex 5.82272 -14.525 59.8
    endloop
  endfacet
  facet normal -0 0 1
    outer loop
      vertex 5.72774 -14.6606 59.8
      vertex 16.5 -21.05 59.8
      vertex 5.77819 -14.5949 59.8
    endloop
  endfacet
  facet normal -0 0 1
    outer loop
      vertex 5.67175 -14.7218 59.8
      vertex 16.5 -21.05 59.8
      vertex 5.72774 -14.6606 59.8
    endloop
  endfacet
  facet normal -0 0 1
    outer loop
      vertex 5.61065 -14.7777 59.8
      vertex 16.5 -21.05 59.8
      vertex 5.67175 -14.7218 59.8
    endloop
  endfacet
  facet normal -0 0 1
    outer loop
      vertex 5.5449 -14.8282 59.8
      vertex 16.5 -21.05 59.8
      vertex 5.61065 -14.7777 59.8
    endloop
  endfacet
  facet normal -0 0 1
    outer loop
      vertex 5.475 -14.8727 59.8
      vertex 16.5 -21.05 59.8
      vertex 5.5449 -14.8282 59.8
    endloop
  endfacet
  facet normal -0 0 1
    outer loop
      vertex 5.40149 -14.911 59.8
      vertex 16.5 -21.05 59.8
      vertex 5.475 -14.8727 59.8
    endloop
  endfacet
  facet normal -0 0 1
    outer loop
      vertex 5.32492 -14.9427 59.8
      vertex 16.5 -21.05 59.8
      vertex 5.40149 -14.911 59.8
    endloop
  endfacet
  facet normal -0 0 1
    outer loop
      vertex 5.24588 -14.9676 59.8
      vertex 16.5 -21.05 59.8
      vertex 5.32492 -14.9427 59.8
    endloop
  endfacet
  facet normal 0 0 1
    outer loop
      vertex 0.9 -17.95 59.8
      vertex 5.24588 -14.9676 59.8
      vertex 5.16497 -14.9856 59.8
    endloop
  endfacet
  facet normal 0 0 1
    outer loop
      vertex 0.9 -17.95 59.8
      vertex 5.16497 -14.9856 59.8
      vertex 5.0828 -14.9964 59.8
    endloop
  endfacet
  facet normal 0 0 1
    outer loop
      vertex 0.9 -17.95 59.8
      vertex 5.0828 -14.9964 59.8
      vertex 5 -15 59.8
    endloop
  endfacet
  facet normal 0 0 1
    outer loop
      vertex 0.9 -17.95 59.8
      vertex 5 -15 59.8
      vertex 4.9172 -14.9964 59.8
    endloop
  endfacet
  facet normal 0 0 1
    outer loop
      vertex 0.9 -17.95 59.8
      vertex 4.9172 -14.9964 59.8
      vertex 4.83503 -14.9856 59.8
    endloop
  endfacet
  facet normal 0 0 1
    outer loop
      vertex 0.9 -17.95 59.8
      vertex 4.83503 -14.9856 59.8
      vertex 4.75412 -14.9676 59.8
    endloop
  endfacet
  facet normal 0 0 1
    outer loop
      vertex 0.9 -17.95 59.8
      vertex 4.75412 -14.9676 59.8
      vertex 4.67508 -14.9427 59.8
    endloop
  endfacet
  facet normal 0 0 1
    outer loop
      vertex 0.9 -17.95 59.8
      vertex 4.67508 -14.9427 59.8
      vertex 4.59851 -14.911 59.8
    endloop
  endfacet
  facet normal 0 0 1
    outer loop
      vertex 0.9 -17.95 59.8
      vertex 4.05 -14.05 59.8
      vertex 0.9 -10.3 59.8
    endloop
  endfacet
  facet normal 0 0 1
    outer loop
      vertex 4.05 -14.05 59.8
      vertex 0.9 -17.95 59.8
      vertex 4.05361 -14.1328 59.8
    endloop
  endfacet
  facet normal 0 0 1
    outer loop
      vertex 4.05361 -14.1328 59.8
      vertex 0.9 -17.95 59.8
      vertex 4.06443 -14.215 59.8
    endloop
  endfacet
  facet normal 0 0 1
    outer loop
      vertex 4.06443 -14.215 59.8
      vertex 0.9 -17.95 59.8
      vertex 4.08237 -14.2959 59.8
    endloop
  endfacet
  facet normal 0 0 1
    outer loop
      vertex 4.08237 -14.2959 59.8
      vertex 0.9 -17.95 59.8
      vertex 4.10729 -14.3749 59.8
    endloop
  endfacet
  facet normal 0 0 1
    outer loop
      vertex 4.10729 -14.3749 59.8
      vertex 0.9 -17.95 59.8
      vertex 4.13901 -14.4515 59.8
    endloop
  endfacet
  facet normal 0 0 1
    outer loop
      vertex 4.13901 -14.4515 59.8
      vertex 0.9 -17.95 59.8
      vertex 4.17728 -14.525 59.8
    endloop
  endfacet
  facet normal 0 0 1
    outer loop
      vertex 4.17728 -14.525 59.8
      vertex 0.9 -17.95 59.8
      vertex 4.2218 -14.5949 59.8
    endloop
  endfacet
  facet normal 0 0 1
    outer loop
      vertex 4.2218 -14.5949 59.8
      vertex 0.9 -17.95 59.8
      vertex 4.27226 -14.6606 59.8
    endloop
  endfacet
  facet normal 0 0 1
    outer loop
      vertex 0.9 -17.95 59.8
      vertex 4.32825 -14.7218 59.8
      vertex 4.27226 -14.6606 59.8
    endloop
  endfacet
  facet normal 0 0 1
    outer loop
      vertex 0.9 -17.95 59.8
      vertex 4.38935 -14.7777 59.8
      vertex 4.32825 -14.7218 59.8
    endloop
  endfacet
  facet normal 0 0 1
    outer loop
      vertex 0.9 -17.95 59.8
      vertex 4.4551 -14.8282 59.8
      vertex 4.38935 -14.7777 59.8
    endloop
  endfacet
  facet normal 0 0 1
    outer loop
      vertex 0.9 -17.95 59.8
      vertex 4.525 -14.8727 59.8
      vertex 4.4551 -14.8282 59.8
    endloop
  endfacet
  facet normal 0 0 1
    outer loop
      vertex 0.9 -17.95 59.8
      vertex 4.59851 -14.911 59.8
      vertex 4.525 -14.8727 59.8
    endloop
  endfacet
  facet normal 0 0 1
    outer loop
      vertex 5.24588 -14.9676 59.8
      vertex 0.9 -17.95 59.8
      vertex 16.5 -21.05 59.8
    endloop
  endfacet
  facet normal -0 0 1
    outer loop
      vertex -0.9 -17.95 59.8
      vertex 16.5 -21.05 59.8
      vertex 0.9 -17.95 59.8
    endloop
  endfacet
  facet normal -0 0 1
    outer loop
      vertex -4.05361 -14.1328 59.8
      vertex -0.9 -17.95 59.8
      vertex -4.05 -14.05 59.8
    endloop
  endfacet
  facet normal -0 0 1
    outer loop
      vertex -4.06443 -14.215 59.8
      vertex -0.9 -17.95 59.8
      vertex -4.05361 -14.1328 59.8
    endloop
  endfacet
  facet normal -0 0 1
    outer loop
      vertex -4.08237 -14.2959 59.8
      vertex -0.9 -17.95 59.8
      vertex -4.06443 -14.215 59.8
    endloop
  endfacet
  facet normal -0 0 1
    outer loop
      vertex -4.10729 -14.3749 59.8
      vertex -0.9 -17.95 59.8
      vertex -4.08237 -14.2959 59.8
    endloop
  endfacet
  facet normal -0 0 1
    outer loop
      vertex -4.13901 -14.4515 59.8
      vertex -0.9 -17.95 59.8
      vertex -4.10729 -14.3749 59.8
    endloop
  endfacet
  facet normal -0 0 1
    outer loop
      vertex -4.17728 -14.525 59.8
      vertex -0.9 -17.95 59.8
      vertex -4.13901 -14.4515 59.8
    endloop
  endfacet
  facet normal -0 0 1
    outer loop
      vertex -4.2218 -14.5949 59.8
      vertex -0.9 -17.95 59.8
      vertex -4.17728 -14.525 59.8
    endloop
  endfacet
  facet normal -0 0 1
    outer loop
      vertex -4.27226 -14.6606 59.8
      vertex -0.9 -17.95 59.8
      vertex -4.2218 -14.5949 59.8
    endloop
  endfacet
  facet normal -0 0 1
    outer loop
      vertex -4.32825 -14.7218 59.8
      vertex -0.9 -17.95 59.8
      vertex -4.27226 -14.6606 59.8
    endloop
  endfacet
  facet normal -0 0 1
    outer loop
      vertex -4.38935 -14.7777 59.8
      vertex -0.9 -17.95 59.8
      vertex -4.32825 -14.7218 59.8
    endloop
  endfacet
  facet normal -0 0 1
    outer loop
      vertex -4.4551 -14.8282 59.8
      vertex -0.9 -17.95 59.8
      vertex -4.38935 -14.7777 59.8
    endloop
  endfacet
  facet normal -0 0 1
    outer loop
      vertex -4.525 -14.8727 59.8
      vertex -0.9 -17.95 59.8
      vertex -4.4551 -14.8282 59.8
    endloop
  endfacet
  facet normal -0 0 1
    outer loop
      vertex -4.59851 -14.911 59.8
      vertex -0.9 -17.95 59.8
      vertex -4.525 -14.8727 59.8
    endloop
  endfacet
  facet normal -0 0 1
    outer loop
      vertex -4.67508 -14.9427 59.8
      vertex -0.9 -17.95 59.8
      vertex -4.59851 -14.911 59.8
    endloop
  endfacet
  facet normal -0 0 1
    outer loop
      vertex -4.75412 -14.9676 59.8
      vertex -0.9 -17.95 59.8
      vertex -4.67508 -14.9427 59.8
    endloop
  endfacet
  facet normal -0 0 1
    outer loop
      vertex -4.83503 -14.9856 59.8
      vertex -0.9 -17.95 59.8
      vertex -4.75412 -14.9676 59.8
    endloop
  endfacet
  facet normal -0 0 1
    outer loop
      vertex -4.9172 -14.9964 59.8
      vertex -0.9 -17.95 59.8
      vertex -4.83503 -14.9856 59.8
    endloop
  endfacet
  facet normal -0 0 1
    outer loop
      vertex -5 -15 59.8
      vertex -0.9 -17.95 59.8
      vertex -4.9172 -14.9964 59.8
    endloop
  endfacet
  facet normal 0 0 1
    outer loop
      vertex -5.0828 -14.9964 59.8
      vertex -0.9 -17.95 59.8
      vertex -5 -15 59.8
    endloop
  endfacet
  facet normal 0 0 1
    outer loop
      vertex -5.16497 -14.9856 59.8
      vertex -0.9 -17.95 59.8
      vertex -5.0828 -14.9964 59.8
    endloop
  endfacet
  facet normal 0 0 1
    outer loop
      vertex -5.24588 -14.9676 59.8
      vertex -0.9 -17.95 59.8
      vertex -5.16497 -14.9856 59.8
    endloop
  endfacet
  facet normal 0 0 1
    outer loop
      vertex -5.32492 -14.9427 59.8
      vertex -0.9 -17.95 59.8
      vertex -5.24588 -14.9676 59.8
    endloop
  endfacet
  facet normal 0 0 1
    outer loop
      vertex -16.5 -21.05 59.8
      vertex -5.32492 -14.9427 59.8
      vertex -5.40149 -14.911 59.8
    endloop
  endfacet
  facet normal 0 0 1
    outer loop
      vertex -16.5 -21.05 59.8
      vertex -5.40149 -14.911 59.8
      vertex -5.475 -14.8727 59.8
    endloop
  endfacet
  facet normal 0 0 1
    outer loop
      vertex -16.5 -21.05 59.8
      vertex -5.475 -14.8727 59.8
      vertex -5.5449 -14.8282 59.8
    endloop
  endfacet
  facet normal 0 0 1
    outer loop
      vertex -11.45 -10.3 59.8
      vertex -5.94638 -14.1328 59.8
      vertex -5.95 -14.05 59.8
    endloop
  endfacet
  facet normal 0 0 1
    outer loop
      vertex -11.45 -10.3 59.8
      vertex -5.93557 -14.215 59.8
      vertex -5.94638 -14.1328 59.8
    endloop
  endfacet
  facet normal 0 0 1
    outer loop
      vertex -11.45 -10.3 59.8
      vertex -5.91763 -14.2959 59.8
      vertex -5.93557 -14.215 59.8
    endloop
  endfacet
  facet normal 0 0 1
    outer loop
      vertex -11.45 -10.3 59.8
      vertex -5.89271 -14.3749 59.8
      vertex -5.91763 -14.2959 59.8
    endloop
  endfacet
  facet normal 0 0 1
    outer loop
      vertex -16.5 -21.05 59.8
      vertex -5.89271 -14.3749 59.8
      vertex -11.45 -10.3 59.8
    endloop
  endfacet
  facet normal 0 0 1
    outer loop
      vertex -5.89271 -14.3749 59.8
      vertex -16.5 -21.05 59.8
      vertex -5.86099 -14.4515 59.8
    endloop
  endfacet
  facet normal 0 0 1
    outer loop
      vertex -5.86099 -14.4515 59.8
      vertex -16.5 -21.05 59.8
      vertex -5.82272 -14.525 59.8
    endloop
  endfacet
  facet normal 0 0 1
    outer loop
      vertex -5.82272 -14.525 59.8
      vertex -16.5 -21.05 59.8
      vertex -5.77819 -14.5949 59.8
    endloop
  endfacet
  facet normal 0 0 1
    outer loop
      vertex -5.77819 -14.5949 59.8
      vertex -16.5 -21.05 59.8
      vertex -5.72774 -14.6606 59.8
    endloop
  endfacet
  facet normal 0 0 1
    outer loop
      vertex -5.72774 -14.6606 59.8
      vertex -16.5 -21.05 59.8
      vertex -5.67175 -14.7218 59.8
    endloop
  endfacet
  facet normal 0 0 1
    outer loop
      vertex -5.67175 -14.7218 59.8
      vertex -16.5 -21.05 59.8
      vertex -5.61065 -14.7777 59.8
    endloop
  endfacet
  facet normal 0 0 1
    outer loop
      vertex -16.5 -21.05 59.8
      vertex -11.45 -10.3 59.8
      vertex -16.5 -7.05 59.8
    endloop
  endfacet
  facet normal 0 0 1
    outer loop
      vertex -0.9 -17.95 59.8
      vertex -16.5 -21.05 59.8
      vertex 16.5 -21.05 59.8
    endloop
  endfacet
  facet normal 0 0 1
    outer loop
      vertex -5.32492 -14.9427 59.8
      vertex -16.5 -21.05 59.8
      vertex -0.9 -17.95 59.8
    endloop
  endfacet
  facet normal 0 0 1
    outer loop
      vertex -5.61065 -14.7777 59.8
      vertex -16.5 -21.05 59.8
      vertex -5.5449 -14.8282 59.8
    endloop
  endfacet
  facet normal 1 0 0
    outer loop
      vertex 16.5 -7.05 59.8
      vertex 16.5 -21.05 59.8
      vertex 16.5 -7.05 57.8
    endloop
  endfacet
  facet normal 1 0 0
    outer loop
      vertex 16.5 27.05 57.8
      vertex 16.5 41.05 59.8
      vertex 16.5 27.05 59.8
    endloop
  endfacet
  facet normal 1 0 0
    outer loop
      vertex 16.5 41.05 59.8
      vertex 16.5 27.05 57.8
      vertex 16.5 41.05 52.8
    endloop
  endfacet
  facet normal 1 -0 0
    outer loop
      vertex 16.5 -7.05 57.8
      vertex 16.5 41.05 52.8
      vertex 16.5 27.05 57.8
    endloop
  endfacet
  facet normal 1 0 0
    outer loop
      vertex 16.5 -7.05 57.8
      vertex 16.5 -21.05 52.8
      vertex 16.5 41.05 52.8
    endloop
  endfacet
  facet normal 1 0 0
    outer loop
      vertex 16.5 -21.05 52.8
      vertex 16.5 -7.05 57.8
      vertex 16.5 -21.05 59.8
    endloop
  endfacet
  facet normal 0 1 -0
    outer loop
      vertex 16.5 -7.05 57.8
      vertex 11.45 -7.05 59.8
      vertex 16.5 -7.05 59.8
    endloop
  endfacet
  facet normal 0 1 0
    outer loop
      vertex 11.45 -7.05 59.8
      vertex 16.5 -7.05 57.8
      vertex 11.45 -7.05 57.8
    endloop
  endfacet
  facet normal 0 1 -0
    outer loop
      vertex -11.45 -7.05 57.8
      vertex -16.5 -7.05 59.8
      vertex -11.45 -7.05 59.8
    endloop
  endfacet
  facet normal 0 1 0
    outer loop
      vertex -16.5 -7.05 59.8
      vertex -11.45 -7.05 57.8
      vertex -16.5 -7.05 57.8
    endloop
  endfacet
  facet normal 0 0 -1
    outer loop
      vertex -16.2 13.45 52.8
      vertex -11.45 -10.3 52.8
      vertex -16.2 -13.45 52.8
    endloop
  endfacet
  facet normal 0 0 -1
    outer loop
      vertex -11.45 -10.3 52.8
      vertex -16.2 13.45 52.8
      vertex -11.7 13.45 52.8
    endloop
  endfacet
  facet normal 0 0 -1
    outer loop
      vertex 11.45 30.3 52.8
      vertex 5.94638 33.9672 52.8
      vertex 5.95 34.05 52.8
    endloop
  endfacet
  facet normal 0 0 -1
    outer loop
      vertex 11.45 30.3 52.8
      vertex 5.93557 33.885 52.8
      vertex 5.94638 33.9672 52.8
    endloop
  endfacet
  facet normal 0 0 -1
    outer loop
      vertex 11.45 30.3 52.8
      vertex 5.91763 33.8041 52.8
      vertex 5.93557 33.885 52.8
    endloop
  endfacet
  facet normal 0 0 -1
    outer loop
      vertex 11.45 30.3 52.8
      vertex 5.89271 33.7251 52.8
      vertex 5.91763 33.8041 52.8
    endloop
  endfacet
  facet normal 0 0 -1
    outer loop
      vertex 11.45 30.3 52.8
      vertex 5.86099 33.6485 52.8
      vertex 5.89271 33.7251 52.8
    endloop
  endfacet
  facet normal 0 0 -1
    outer loop
      vertex 11.45 30.3 52.8
      vertex 5.82272 33.575 52.8
      vertex 5.86099 33.6485 52.8
    endloop
  endfacet
  facet normal 0 0 -1
    outer loop
      vertex 11.45 30.3 52.8
      vertex 5.77819 33.5051 52.8
      vertex 5.82272 33.575 52.8
    endloop
  endfacet
  facet normal 0 0 -1
    outer loop
      vertex 11.45 30.3 52.8
      vertex 5.72774 33.4394 52.8
      vertex 5.77819 33.5051 52.8
    endloop
  endfacet
  facet normal 0 0 -1
    outer loop
      vertex 11.45 30.3 52.8
      vertex 5.67175 33.3783 52.8
      vertex 5.72774 33.4394 52.8
    endloop
  endfacet
  facet normal 0 0 -1
    outer loop
      vertex 11.45 30.3 52.8
      vertex 5.61065 33.3223 52.8
      vertex 5.67175 33.3783 52.8
    endloop
  endfacet
  facet normal 0 0 -1
    outer loop
      vertex 11.45 30.3 52.8
      vertex 5.5449 33.2718 52.8
      vertex 5.61065 33.3223 52.8
    endloop
  endfacet
  facet normal 0 0 -1
    outer loop
      vertex 11.45 30.3 52.8
      vertex 5.475 33.2273 52.8
      vertex 5.5449 33.2718 52.8
    endloop
  endfacet
  facet normal 0 0 -1
    outer loop
      vertex 11.45 30.3 52.8
      vertex 5.40149 33.189 52.8
      vertex 5.475 33.2273 52.8
    endloop
  endfacet
  facet normal 0 0 -1
    outer loop
      vertex 11.45 30.3 52.8
      vertex 5.32492 33.1573 52.8
      vertex 5.40149 33.189 52.8
    endloop
  endfacet
  facet normal 0 0 -1
    outer loop
      vertex 11.45 30.3 52.8
      vertex 5.24588 33.1324 52.8
      vertex 5.32492 33.1573 52.8
    endloop
  endfacet
  facet normal 0 0 -1
    outer loop
      vertex 11.45 30.3 52.8
      vertex 5.16497 33.1144 52.8
      vertex 5.24588 33.1324 52.8
    endloop
  endfacet
  facet normal 0 0 -1
    outer loop
      vertex 11.45 30.3 52.8
      vertex 5.0828 33.1036 52.8
      vertex 5.16497 33.1144 52.8
    endloop
  endfacet
  facet normal 0 0 -1
    outer loop
      vertex 11.45 30.3 52.8
      vertex 5 33.1 52.8
      vertex 5.0828 33.1036 52.8
    endloop
  endfacet
  facet normal 0 0 -1
    outer loop
      vertex 11.45 30.3 52.8
      vertex 4.9172 33.1036 52.8
      vertex 5 33.1 52.8
    endloop
  endfacet
  facet normal 0 0 -1
    outer loop
      vertex 11.45 30.3 52.8
      vertex 4.83503 33.1144 52.8
      vertex 4.9172 33.1036 52.8
    endloop
  endfacet
  facet normal 0 0 -1
    outer loop
      vertex 11.45 30.3 52.8
      vertex 4.75412 33.1324 52.8
      vertex 4.83503 33.1144 52.8
    endloop
  endfacet
  facet normal 0 0 -1
    outer loop
      vertex -4.75412 33.1324 52.8
      vertex 4.75412 33.1324 52.8
      vertex 11.45 30.3 52.8
    endloop
  endfacet
  facet normal 0 0 -1
    outer loop
      vertex 4.75412 33.1324 52.8
      vertex -4.75412 33.1324 52.8
      vertex 4.67508 33.1573 52.8
    endloop
  endfacet
  facet normal 0 0 -1
    outer loop
      vertex 4.05361 33.9672 52.8
      vertex -4.05 34.05 52.8
      vertex 4.05 34.05 52.8
    endloop
  endfacet
  facet normal 0 0 -1
    outer loop
      vertex -4.05361 33.9672 52.8
      vertex 4.05361 33.9672 52.8
      vertex 4.06443 33.885 52.8
    endloop
  endfacet
  facet normal 0 0 -1
    outer loop
      vertex -4.06443 33.885 52.8
      vertex 4.06443 33.885 52.8
      vertex 4.08237 33.8041 52.8
    endloop
  endfacet
  facet normal 0 0 -1
    outer loop
      vertex -4.08237 33.8041 52.8
      vertex 4.08237 33.8041 52.8
      vertex 4.10729 33.7251 52.8
    endloop
  endfacet
  facet normal 0 0 -1
    outer loop
      vertex -4.10729 33.7251 52.8
      vertex 4.10729 33.7251 52.8
      vertex 4.13901 33.6485 52.8
    endloop
  endfacet
  facet normal 0 0 -1
    outer loop
      vertex -4.13901 33.6485 52.8
      vertex 4.13901 33.6485 52.8
      vertex 4.17728 33.575 52.8
    endloop
  endfacet
  facet normal 0 0 -1
    outer loop
      vertex -4.17728 33.575 52.8
      vertex 4.17728 33.575 52.8
      vertex 4.2218 33.5051 52.8
    endloop
  endfacet
  facet normal 0 0 -1
    outer loop
      vertex -4.2218 33.5051 52.8
      vertex 4.2218 33.5051 52.8
      vertex 4.27226 33.4394 52.8
    endloop
  endfacet
  facet normal 0 0 -1
    outer loop
      vertex -4.27226 33.4394 52.8
      vertex 4.27226 33.4394 52.8
      vertex 4.32825 33.3783 52.8
    endloop
  endfacet
  facet normal 0 0 -1
    outer loop
      vertex -4.32825 33.3783 52.8
      vertex 4.32825 33.3783 52.8
      vertex 4.38935 33.3223 52.8
    endloop
  endfacet
  facet normal 0 0 -1
    outer loop
      vertex -4.38935 33.3223 52.8
      vertex 4.38935 33.3223 52.8
      vertex 4.4551 33.2718 52.8
    endloop
  endfacet
  facet normal 0 0 -1
    outer loop
      vertex -4.4551 33.2718 52.8
      vertex 4.4551 33.2718 52.8
      vertex 4.525 33.2273 52.8
    endloop
  endfacet
  facet normal 0 0 -1
    outer loop
      vertex -4.525 33.2273 52.8
      vertex 4.525 33.2273 52.8
      vertex 4.59851 33.189 52.8
    endloop
  endfacet
  facet normal 0 -0 -1
    outer loop
      vertex -4.67508 33.1573 52.8
      vertex 4.67508 33.1573 52.8
      vertex -4.75412 33.1324 52.8
    endloop
  endfacet
  facet normal 0 0 -1
    outer loop
      vertex 4.05361 33.9672 52.8
      vertex -4.05361 33.9672 52.8
      vertex -4.05 34.05 52.8
    endloop
  endfacet
  facet normal 0 0 -1
    outer loop
      vertex 4.06443 33.885 52.8
      vertex -4.06443 33.885 52.8
      vertex -4.05361 33.9672 52.8
    endloop
  endfacet
  facet normal 0 0 -1
    outer loop
      vertex 4.08237 33.8041 52.8
      vertex -4.08237 33.8041 52.8
      vertex -4.06443 33.885 52.8
    endloop
  endfacet
  facet normal 0 0 -1
    outer loop
      vertex 4.10729 33.7251 52.8
      vertex -4.10729 33.7251 52.8
      vertex -4.08237 33.8041 52.8
    endloop
  endfacet
  facet normal 0 0 -1
    outer loop
      vertex 4.13901 33.6485 52.8
      vertex -4.13901 33.6485 52.8
      vertex -4.10729 33.7251 52.8
    endloop
  endfacet
  facet normal 0 0 -1
    outer loop
      vertex 4.17728 33.575 52.8
      vertex -4.17728 33.575 52.8
      vertex -4.13901 33.6485 52.8
    endloop
  endfacet
  facet normal 0 0 -1
    outer loop
      vertex 4.2218 33.5051 52.8
      vertex -4.2218 33.5051 52.8
      vertex -4.17728 33.575 52.8
    endloop
  endfacet
  facet normal 0 0 -1
    outer loop
      vertex 4.27226 33.4394 52.8
      vertex -4.27226 33.4394 52.8
      vertex -4.2218 33.5051 52.8
    endloop
  endfacet
  facet normal 0 0 -1
    outer loop
      vertex 4.32825 33.3783 52.8
      vertex -4.32825 33.3783 52.8
      vertex -4.27226 33.4394 52.8
    endloop
  endfacet
  facet normal 0 0 -1
    outer loop
      vertex 4.38935 33.3223 52.8
      vertex -4.38935 33.3223 52.8
      vertex -4.32825 33.3783 52.8
    endloop
  endfacet
  facet normal 0 0 -1
    outer loop
      vertex 4.4551 33.2718 52.8
      vertex -4.4551 33.2718 52.8
      vertex -4.38935 33.3223 52.8
    endloop
  endfacet
  facet normal 0 0 -1
    outer loop
      vertex 4.525 33.2273 52.8
      vertex -4.525 33.2273 52.8
      vertex -4.4551 33.2718 52.8
    endloop
  endfacet
  facet normal 0 0 -1
    outer loop
      vertex 4.59851 33.189 52.8
      vertex -4.59851 33.189 52.8
      vertex -4.525 33.2273 52.8
    endloop
  endfacet
  facet normal -0 0 -1
    outer loop
      vertex 4.59851 33.189 52.8
      vertex -4.67508 33.1573 52.8
      vertex -4.59851 33.189 52.8
    endloop
  endfacet
  facet normal 0 0 -1
    outer loop
      vertex 4.67508 33.1573 52.8
      vertex -4.67508 33.1573 52.8
      vertex 4.59851 33.189 52.8
    endloop
  endfacet
  facet normal 0 0 -1
    outer loop
      vertex -11.45 30.3 52.8
      vertex -4.75412 33.1324 52.8
      vertex 11.45 30.3 52.8
    endloop
  endfacet
  facet normal 0 0 -1
    outer loop
      vertex -4.75412 33.1324 52.8
      vertex -11.45 30.3 52.8
      vertex -4.83503 33.1144 52.8
    endloop
  endfacet
  facet normal 0 0 -1
    outer loop
      vertex -4.83503 33.1144 52.8
      vertex -11.45 30.3 52.8
      vertex -4.9172 33.1036 52.8
    endloop
  endfacet
  facet normal 0 0 -1
    outer loop
      vertex -4.9172 33.1036 52.8
      vertex -11.45 30.3 52.8
      vertex -5 33.1 52.8
    endloop
  endfacet
  facet normal -0 0 -1
    outer loop
      vertex -5 33.1 52.8
      vertex -11.45 30.3 52.8
      vertex -5.0828 33.1036 52.8
    endloop
  endfacet
  facet normal -0 0 -1
    outer loop
      vertex -5.94638 33.9672 52.8
      vertex -11.45 30.3 52.8
      vertex -5.95 34.05 52.8
    endloop
  endfacet
  facet normal -0 0 -1
    outer loop
      vertex -5.93557 33.885 52.8
      vertex -11.45 30.3 52.8
      vertex -5.94638 33.9672 52.8
    endloop
  endfacet
  facet normal -0 0 -1
    outer loop
      vertex -5.91763 33.8041 52.8
      vertex -11.45 30.3 52.8
      vertex -5.93557 33.885 52.8
    endloop
  endfacet
  facet normal -0 0 -1
    outer loop
      vertex -5.89271 33.7251 52.8
      vertex -11.45 30.3 52.8
      vertex -5.91763 33.8041 52.8
    endloop
  endfacet
  facet normal -0 0 -1
    outer loop
      vertex -5.86099 33.6485 52.8
      vertex -11.45 30.3 52.8
      vertex -5.89271 33.7251 52.8
    endloop
  endfacet
  facet normal -0 0 -1
    outer loop
      vertex -5.82272 33.575 52.8
      vertex -11.45 30.3 52.8
      vertex -5.86099 33.6485 52.8
    endloop
  endfacet
  facet normal -0 0 -1
    outer loop
      vertex -5.77819 33.5051 52.8
      vertex -11.45 30.3 52.8
      vertex -5.82272 33.575 52.8
    endloop
  endfacet
  facet normal -0 0 -1
    outer loop
      vertex -5.72774 33.4394 52.8
      vertex -11.45 30.3 52.8
      vertex -5.77819 33.5051 52.8
    endloop
  endfacet
  facet normal -0 0 -1
    outer loop
      vertex -5.67175 33.3783 52.8
      vertex -11.45 30.3 52.8
      vertex -5.72774 33.4394 52.8
    endloop
  endfacet
  facet normal -0 0 -1
    outer loop
      vertex -5.61065 33.3223 52.8
      vertex -11.45 30.3 52.8
      vertex -5.67175 33.3783 52.8
    endloop
  endfacet
  facet normal -0 0 -1
    outer loop
      vertex -5.5449 33.2718 52.8
      vertex -11.45 30.3 52.8
      vertex -5.61065 33.3223 52.8
    endloop
  endfacet
  facet normal -0 0 -1
    outer loop
      vertex -5.475 33.2273 52.8
      vertex -11.45 30.3 52.8
      vertex -5.5449 33.2718 52.8
    endloop
  endfacet
  facet normal -0 0 -1
    outer loop
      vertex -5.40149 33.189 52.8
      vertex -11.45 30.3 52.8
      vertex -5.475 33.2273 52.8
    endloop
  endfacet
  facet normal -0 0 -1
    outer loop
      vertex -5.32492 33.1573 52.8
      vertex -11.45 30.3 52.8
      vertex -5.40149 33.189 52.8
    endloop
  endfacet
  facet normal -0 0 -1
    outer loop
      vertex -5.24588 33.1324 52.8
      vertex -11.45 30.3 52.8
      vertex -5.32492 33.1573 52.8
    endloop
  endfacet
  facet normal -0 0 -1
    outer loop
      vertex -5.16497 33.1144 52.8
      vertex -11.45 30.3 52.8
      vertex -5.24588 33.1324 52.8
    endloop
  endfacet
  facet normal -0 0 -1
    outer loop
      vertex -5.0828 33.1036 52.8
      vertex -11.45 30.3 52.8
      vertex -5.16497 33.1144 52.8
    endloop
  endfacet
  facet normal 0 0 -1
    outer loop
      vertex 11.45 -10.3 52.8
      vertex 16.2 -13.45 52.8
      vertex 11.7 -13.45 52.8
    endloop
  endfacet
  facet normal 0 0 -1
    outer loop
      vertex 16.2 -13.45 52.8
      vertex 11.45 -10.3 52.8
      vertex 16.2 13.45 52.8
    endloop
  endfacet
  facet normal 0 0 -1
    outer loop
      vertex 16.2 -13.45 52.8
      vertex 16.5 -21.05 52.8
      vertex 16.2 -17.95 52.8
    endloop
  endfacet
  facet normal 0 0 -1
    outer loop
      vertex 16.5 -21.05 52.8
      vertex 11.7 -17.95 52.8
      vertex 16.2 -17.95 52.8
    endloop
  endfacet
  facet normal 0 0 -1
    outer loop
      vertex 5.89271 -14.3749 52.8
      vertex 11.7 -13.45 52.8
      vertex 11.7 -17.95 52.8
    endloop
  endfacet
  facet normal -0 0 -1
    outer loop
      vertex 16.2 13.45 52.8
      vertex 11.45 -10.3 52.8
      vertex 11.7 13.45 52.8
    endloop
  endfacet
  facet normal -0 0 -1
    outer loop
      vertex 11.7 13.45 52.8
      vertex 11.45 -10.3 52.8
      vertex 11.7 17.95 52.8
    endloop
  endfacet
  facet normal 0 0 -1
    outer loop
      vertex 5.94638 -13.9672 52.8
      vertex 11.7 -13.45 52.8
      vertex 5.95 -14.05 52.8
    endloop
  endfacet
  facet normal 0 0 -1
    outer loop
      vertex 11.7 -13.45 52.8
      vertex 5.94638 -14.1328 52.8
      vertex 5.95 -14.05 52.8
    endloop
  endfacet
  facet normal 0 0 -1
    outer loop
      vertex 11.7 -13.45 52.8
      vertex 5.93557 -14.215 52.8
      vertex 5.94638 -14.1328 52.8
    endloop
  endfacet
  facet normal 0 0 -1
    outer loop
      vertex 11.7 -13.45 52.8
      vertex 5.91763 -14.2959 52.8
      vertex 5.93557 -14.215 52.8
    endloop
  endfacet
  facet normal 0 0 -1
    outer loop
      vertex -11.7 -17.95 52.8
      vertex 11.7 -17.95 52.8
      vertex 16.5 -21.05 52.8
    endloop
  endfacet
  facet normal 0 0 -1
    outer loop
      vertex 11.7 -13.45 52.8
      vertex 5.89271 -14.3749 52.8
      vertex 5.91763 -14.2959 52.8
    endloop
  endfacet
  facet normal 0 0 -1
    outer loop
      vertex 11.7 -17.95 52.8
      vertex 5.86099 -14.4515 52.8
      vertex 5.89271 -14.3749 52.8
    endloop
  endfacet
  facet normal 0 0 -1
    outer loop
      vertex 11.7 -17.95 52.8
      vertex 5.82272 -14.525 52.8
      vertex 5.86099 -14.4515 52.8
    endloop
  endfacet
  facet normal 0 0 -1
    outer loop
      vertex 11.7 -17.95 52.8
      vertex 5.77819 -14.5949 52.8
      vertex 5.82272 -14.525 52.8
    endloop
  endfacet
  facet normal 0 0 -1
    outer loop
      vertex 11.7 -17.95 52.8
      vertex 5.72774 -14.6606 52.8
      vertex 5.77819 -14.5949 52.8
    endloop
  endfacet
  facet normal 0 0 -1
    outer loop
      vertex 11.7 -17.95 52.8
      vertex 5.67175 -14.7218 52.8
      vertex 5.72774 -14.6606 52.8
    endloop
  endfacet
  facet normal 0 0 -1
    outer loop
      vertex 11.7 -17.95 52.8
      vertex 5.61065 -14.7777 52.8
      vertex 5.67175 -14.7218 52.8
    endloop
  endfacet
  facet normal 0 0 -1
    outer loop
      vertex 11.7 -17.95 52.8
      vertex 5.5449 -14.8282 52.8
      vertex 5.61065 -14.7777 52.8
    endloop
  endfacet
  facet normal 0 0 -1
    outer loop
      vertex 11.7 -17.95 52.8
      vertex 5.475 -14.8727 52.8
      vertex 5.5449 -14.8282 52.8
    endloop
  endfacet
  facet normal 0 0 -1
    outer loop
      vertex 11.7 -17.95 52.8
      vertex 5.40149 -14.911 52.8
      vertex 5.475 -14.8727 52.8
    endloop
  endfacet
  facet normal 0 0 -1
    outer loop
      vertex 11.7 -17.95 52.8
      vertex 5.32492 -14.9427 52.8
      vertex 5.40149 -14.911 52.8
    endloop
  endfacet
  facet normal 0 0 -1
    outer loop
      vertex 11.7 -17.95 52.8
      vertex 5.24588 -14.9676 52.8
      vertex 5.32492 -14.9427 52.8
    endloop
  endfacet
  facet normal 0 0 -1
    outer loop
      vertex 11.7 -17.95 52.8
      vertex 5.16497 -14.9856 52.8
      vertex 5.24588 -14.9676 52.8
    endloop
  endfacet
  facet normal 0 0 -1
    outer loop
      vertex 11.7 -17.95 52.8
      vertex 5.0828 -14.9964 52.8
      vertex 5.16497 -14.9856 52.8
    endloop
  endfacet
  facet normal 0 0 -1
    outer loop
      vertex 11.7 -17.95 52.8
      vertex 5 -15 52.8
      vertex 5.0828 -14.9964 52.8
    endloop
  endfacet
  facet normal 0 0 -1
    outer loop
      vertex 11.7 -17.95 52.8
      vertex 4.9172 -14.9964 52.8
      vertex 5 -15 52.8
    endloop
  endfacet
  facet normal 0 0 -1
    outer loop
      vertex 11.7 -17.95 52.8
      vertex 4.83503 -14.9856 52.8
      vertex 4.9172 -14.9964 52.8
    endloop
  endfacet
  facet normal 0 -0 -1
    outer loop
      vertex 4.75412 -14.9676 52.8
      vertex 11.7 -17.95 52.8
      vertex -11.7 -17.95 52.8
    endloop
  endfacet
  facet normal 0 0 -1
    outer loop
      vertex 11.7 -17.95 52.8
      vertex 4.75412 -14.9676 52.8
      vertex 4.83503 -14.9856 52.8
    endloop
  endfacet
  facet normal 0 -0 -1
    outer loop
      vertex -4.75412 -14.9676 52.8
      vertex 4.75412 -14.9676 52.8
      vertex -11.7 -17.95 52.8
    endloop
  endfacet
  facet normal 0 0 -1
    outer loop
      vertex 4.05361 -14.1328 52.8
      vertex -4.05 -14.05 52.8
      vertex 4.05 -14.05 52.8
    endloop
  endfacet
  facet normal 0 0 -1
    outer loop
      vertex -4.05361 -14.1328 52.8
      vertex 4.05361 -14.1328 52.8
      vertex 4.06443 -14.215 52.8
    endloop
  endfacet
  facet normal 0 0 -1
    outer loop
      vertex -4.06443 -14.215 52.8
      vertex 4.06443 -14.215 52.8
      vertex 4.08237 -14.2959 52.8
    endloop
  endfacet
  facet normal 0 0 -1
    outer loop
      vertex -4.08237 -14.2959 52.8
      vertex 4.08237 -14.2959 52.8
      vertex 4.10729 -14.3749 52.8
    endloop
  endfacet
  facet normal 0 0 -1
    outer loop
      vertex -4.10729 -14.3749 52.8
      vertex 4.10729 -14.3749 52.8
      vertex 4.13901 -14.4515 52.8
    endloop
  endfacet
  facet normal 0 0 -1
    outer loop
      vertex -4.13901 -14.4515 52.8
      vertex 4.13901 -14.4515 52.8
      vertex 4.17728 -14.525 52.8
    endloop
  endfacet
  facet normal 0 0 -1
    outer loop
      vertex -4.17728 -14.525 52.8
      vertex 4.17728 -14.525 52.8
      vertex 4.2218 -14.5949 52.8
    endloop
  endfacet
  facet normal 0 0 -1
    outer loop
      vertex -4.2218 -14.5949 52.8
      vertex 4.2218 -14.5949 52.8
      vertex 4.27226 -14.6606 52.8
    endloop
  endfacet
  facet normal 0 0 -1
    outer loop
      vertex -4.27226 -14.6606 52.8
      vertex 4.27226 -14.6606 52.8
      vertex 4.32825 -14.7218 52.8
    endloop
  endfacet
  facet normal 0 0 -1
    outer loop
      vertex -4.32825 -14.7218 52.8
      vertex 4.32825 -14.7218 52.8
      vertex 4.38935 -14.7777 52.8
    endloop
  endfacet
  facet normal 0 0 -1
    outer loop
      vertex -4.38935 -14.7777 52.8
      vertex 4.38935 -14.7777 52.8
      vertex 4.4551 -14.8282 52.8
    endloop
  endfacet
  facet normal 0 0 -1
    outer loop
      vertex -4.4551 -14.8282 52.8
      vertex 4.4551 -14.8282 52.8
      vertex 4.525 -14.8727 52.8
    endloop
  endfacet
  facet normal 0 0 -1
    outer loop
      vertex -4.525 -14.8727 52.8
      vertex 4.525 -14.8727 52.8
      vertex 4.59851 -14.911 52.8
    endloop
  endfacet
  facet normal 0 0 -1
    outer loop
      vertex 4.75412 -14.9676 52.8
      vertex -4.75412 -14.9676 52.8
      vertex 4.67508 -14.9427 52.8
    endloop
  endfacet
  facet normal 0 0 -1
    outer loop
      vertex 4.05361 -14.1328 52.8
      vertex -4.05361 -14.1328 52.8
      vertex -4.05 -14.05 52.8
    endloop
  endfacet
  facet normal 0 0 -1
    outer loop
      vertex 4.06443 -14.215 52.8
      vertex -4.06443 -14.215 52.8
      vertex -4.05361 -14.1328 52.8
    endloop
  endfacet
  facet normal 0 0 -1
    outer loop
      vertex 4.08237 -14.2959 52.8
      vertex -4.08237 -14.2959 52.8
      vertex -4.06443 -14.215 52.8
    endloop
  endfacet
  facet normal 0 0 -1
    outer loop
      vertex 4.10729 -14.3749 52.8
      vertex -4.10729 -14.3749 52.8
      vertex -4.08237 -14.2959 52.8
    endloop
  endfacet
  facet normal 0 0 -1
    outer loop
      vertex 4.13901 -14.4515 52.8
      vertex -4.13901 -14.4515 52.8
      vertex -4.10729 -14.3749 52.8
    endloop
  endfacet
  facet normal 0 0 -1
    outer loop
      vertex 4.17728 -14.525 52.8
      vertex -4.17728 -14.525 52.8
      vertex -4.13901 -14.4515 52.8
    endloop
  endfacet
  facet normal 0 0 -1
    outer loop
      vertex 4.2218 -14.5949 52.8
      vertex -4.2218 -14.5949 52.8
      vertex -4.17728 -14.525 52.8
    endloop
  endfacet
  facet normal 0 0 -1
    outer loop
      vertex 4.27226 -14.6606 52.8
      vertex -4.27226 -14.6606 52.8
      vertex -4.2218 -14.5949 52.8
    endloop
  endfacet
  facet normal 0 0 -1
    outer loop
      vertex 4.32825 -14.7218 52.8
      vertex -4.32825 -14.7218 52.8
      vertex -4.27226 -14.6606 52.8
    endloop
  endfacet
  facet normal 0 0 -1
    outer loop
      vertex 4.38935 -14.7777 52.8
      vertex -4.38935 -14.7777 52.8
      vertex -4.32825 -14.7218 52.8
    endloop
  endfacet
  facet normal 0 0 -1
    outer loop
      vertex 4.4551 -14.8282 52.8
      vertex -4.4551 -14.8282 52.8
      vertex -4.38935 -14.7777 52.8
    endloop
  endfacet
  facet normal 0 0 -1
    outer loop
      vertex 4.525 -14.8727 52.8
      vertex -4.525 -14.8727 52.8
      vertex -4.4551 -14.8282 52.8
    endloop
  endfacet
  facet normal 0 0 -1
    outer loop
      vertex 4.59851 -14.911 52.8
      vertex -4.59851 -14.911 52.8
      vertex -4.525 -14.8727 52.8
    endloop
  endfacet
  facet normal -0 0 -1
    outer loop
      vertex 4.59851 -14.911 52.8
      vertex -4.67508 -14.9427 52.8
      vertex -4.59851 -14.911 52.8
    endloop
  endfacet
  facet normal 0 0 -1
    outer loop
      vertex 4.67508 -14.9427 52.8
      vertex -4.67508 -14.9427 52.8
      vertex 4.59851 -14.911 52.8
    endloop
  endfacet
  facet normal 0 -0 -1
    outer loop
      vertex -4.67508 -14.9427 52.8
      vertex 4.67508 -14.9427 52.8
      vertex -4.75412 -14.9676 52.8
    endloop
  endfacet
  facet normal 0 0 -1
    outer loop
      vertex -4.75412 -14.9676 52.8
      vertex -11.7 -17.95 52.8
      vertex -4.83503 -14.9856 52.8
    endloop
  endfacet
  facet normal 0 0 -1
    outer loop
      vertex -4.83503 -14.9856 52.8
      vertex -11.7 -17.95 52.8
      vertex -4.9172 -14.9964 52.8
    endloop
  endfacet
  facet normal 0 0 -1
    outer loop
      vertex -4.9172 -14.9964 52.8
      vertex -11.7 -17.95 52.8
      vertex -5 -15 52.8
    endloop
  endfacet
  facet normal -0 0 -1
    outer loop
      vertex -5 -15 52.8
      vertex -11.7 -17.95 52.8
      vertex -5.0828 -14.9964 52.8
    endloop
  endfacet
  facet normal -0 0 -1
    outer loop
      vertex -5.0828 -14.9964 52.8
      vertex -11.7 -17.95 52.8
      vertex -5.16497 -14.9856 52.8
    endloop
  endfacet
  facet normal 0 0 -1
    outer loop
      vertex -11.7 -13.45 52.8
      vertex -5.95 -14.05 52.8
      vertex -5.94638 -14.1328 52.8
    endloop
  endfacet
  facet normal 0 0 -1
    outer loop
      vertex -11.7 -13.45 52.8
      vertex -5.94638 -14.1328 52.8
      vertex -5.93557 -14.215 52.8
    endloop
  endfacet
  facet normal 0 0 -1
    outer loop
      vertex -11.7 -13.45 52.8
      vertex -5.93557 -14.215 52.8
      vertex -5.91763 -14.2959 52.8
    endloop
  endfacet
  facet normal 0 0 -1
    outer loop
      vertex -11.7 -13.45 52.8
      vertex -5.91763 -14.2959 52.8
      vertex -5.89271 -14.3749 52.8
    endloop
  endfacet
  facet normal 0 0 -1
    outer loop
      vertex -11.7 -17.95 52.8
      vertex -5.89271 -14.3749 52.8
      vertex -5.86099 -14.4515 52.8
    endloop
  endfacet
  facet normal 0 0 -1
    outer loop
      vertex -11.7 -17.95 52.8
      vertex -5.86099 -14.4515 52.8
      vertex -5.82272 -14.525 52.8
    endloop
  endfacet
  facet normal 0 0 -1
    outer loop
      vertex -11.7 -17.95 52.8
      vertex -5.82272 -14.525 52.8
      vertex -5.77819 -14.5949 52.8
    endloop
  endfacet
  facet normal 0 0 -1
    outer loop
      vertex -11.7 -17.95 52.8
      vertex -5.77819 -14.5949 52.8
      vertex -5.72774 -14.6606 52.8
    endloop
  endfacet
  facet normal 0 0 -1
    outer loop
      vertex -11.7 -17.95 52.8
      vertex -5.72774 -14.6606 52.8
      vertex -5.67175 -14.7218 52.8
    endloop
  endfacet
  facet normal 0 0 -1
    outer loop
      vertex -11.7 -17.95 52.8
      vertex -5.67175 -14.7218 52.8
      vertex -5.61065 -14.7777 52.8
    endloop
  endfacet
  facet normal 0 0 -1
    outer loop
      vertex -11.7 -17.95 52.8
      vertex -5.61065 -14.7777 52.8
      vertex -5.5449 -14.8282 52.8
    endloop
  endfacet
  facet normal 0 0 -1
    outer loop
      vertex -5.95 -14.05 52.8
      vertex -11.7 -13.45 52.8
      vertex -11.45 -10.3 52.8
    endloop
  endfacet
  facet normal -0 0 -1
    outer loop
      vertex -5.89271 -14.3749 52.8
      vertex -11.7 -17.95 52.8
      vertex -11.7 -13.45 52.8
    endloop
  endfacet
  facet normal -0 0 -1
    outer loop
      vertex -5.475 -14.8727 52.8
      vertex -11.7 -17.95 52.8
      vertex -5.5449 -14.8282 52.8
    endloop
  endfacet
  facet normal -0 0 -1
    outer loop
      vertex -5.40149 -14.911 52.8
      vertex -11.7 -17.95 52.8
      vertex -5.475 -14.8727 52.8
    endloop
  endfacet
  facet normal -0 0 -1
    outer loop
      vertex -5.32492 -14.9427 52.8
      vertex -11.7 -17.95 52.8
      vertex -5.40149 -14.911 52.8
    endloop
  endfacet
  facet normal -0 0 -1
    outer loop
      vertex -5.24588 -14.9676 52.8
      vertex -11.7 -17.95 52.8
      vertex -5.32492 -14.9427 52.8
    endloop
  endfacet
  facet normal -0 0 -1
    outer loop
      vertex -5.16497 -14.9856 52.8
      vertex -11.7 -17.95 52.8
      vertex -5.24588 -14.9676 52.8
    endloop
  endfacet
  facet normal 0 0 -1
    outer loop
      vertex -16.5 -21.05 52.8
      vertex -11.7 -17.95 52.8
      vertex 16.5 -21.05 52.8
    endloop
  endfacet
  facet normal 0 0 -1
    outer loop
      vertex -16.5 -21.05 52.8
      vertex -16.2 -13.45 52.8
      vertex -16.2 -17.95 52.8
    endloop
  endfacet
  facet normal -0 0 -1
    outer loop
      vertex -16.2 -13.45 52.8
      vertex -16.5 -21.05 52.8
      vertex -16.2 13.45 52.8
    endloop
  endfacet
  facet normal -0 0 -1
    outer loop
      vertex -16.2 13.45 52.8
      vertex -16.5 -21.05 52.8
      vertex -16.2 17.95 52.8
    endloop
  endfacet
  facet normal -0 0 -1
    outer loop
      vertex -11.7 -17.95 52.8
      vertex -16.5 -21.05 52.8
      vertex -16.2 -17.95 52.8
    endloop
  endfacet
  facet normal 0 0 -1
    outer loop
      vertex 16.2 13.45 52.8
      vertex 16.5 -21.05 52.8
      vertex 16.2 -13.45 52.8
    endloop
  endfacet
  facet normal 0 0 -1
    outer loop
      vertex 16.5 -21.05 52.8
      vertex 16.2 13.45 52.8
      vertex 16.5 41.05 52.8
    endloop
  endfacet
  facet normal 0 0 -1
    outer loop
      vertex 16.2 17.95 52.8
      vertex 16.5 41.05 52.8
      vertex 16.2 13.45 52.8
    endloop
  endfacet
  facet normal 0 0 -1
    outer loop
      vertex 11.45 30.3 52.8
      vertex 16.2 17.95 52.8
      vertex 11.7 17.95 52.8
    endloop
  endfacet
  facet normal 0 0 -1
    outer loop
      vertex 11.45 30.3 52.8
      vertex 11.7 17.95 52.8
      vertex 11.45 -10.3 52.8
    endloop
  endfacet
  facet normal 0 0 -1
    outer loop
      vertex 16.2 17.95 52.8
      vertex 11.45 30.3 52.8
      vertex 16.5 41.05 52.8
    endloop
  endfacet
  facet normal 0 0 -1
    outer loop
      vertex 5.94638 34.1328 52.8
      vertex 11.45 30.3 52.8
      vertex 5.95 34.05 52.8
    endloop
  endfacet
  facet normal 0 0 -1
    outer loop
      vertex 5.93557 34.215 52.8
      vertex 11.45 30.3 52.8
      vertex 5.94638 34.1328 52.8
    endloop
  endfacet
  facet normal 0 0 -1
    outer loop
      vertex 5.91763 34.2959 52.8
      vertex 11.45 30.3 52.8
      vertex 5.93557 34.215 52.8
    endloop
  endfacet
  facet normal 0 0 -1
    outer loop
      vertex 5.89271 34.3749 52.8
      vertex 11.45 30.3 52.8
      vertex 5.91763 34.2959 52.8
    endloop
  endfacet
  facet normal 0 0 -1
    outer loop
      vertex 11.45 30.3 52.8
      vertex 5.89271 34.3749 52.8
      vertex 16.5 41.05 52.8
    endloop
  endfacet
  facet normal 0 0 -1
    outer loop
      vertex 5.86099 34.4515 52.8
      vertex 16.5 41.05 52.8
      vertex 5.89271 34.3749 52.8
    endloop
  endfacet
  facet normal 0 0 -1
    outer loop
      vertex 5.82272 34.525 52.8
      vertex 16.5 41.05 52.8
      vertex 5.86099 34.4515 52.8
    endloop
  endfacet
  facet normal 0 0 -1
    outer loop
      vertex 5.77819 34.5949 52.8
      vertex 16.5 41.05 52.8
      vertex 5.82272 34.525 52.8
    endloop
  endfacet
  facet normal 0 0 -1
    outer loop
      vertex 5.72774 34.6606 52.8
      vertex 16.5 41.05 52.8
      vertex 5.77819 34.5949 52.8
    endloop
  endfacet
  facet normal 0 0 -1
    outer loop
      vertex 5.67175 34.7218 52.8
      vertex 16.5 41.05 52.8
      vertex 5.72774 34.6606 52.8
    endloop
  endfacet
  facet normal 0 0 -1
    outer loop
      vertex 5.61065 34.7777 52.8
      vertex 16.5 41.05 52.8
      vertex 5.67175 34.7218 52.8
    endloop
  endfacet
  facet normal 0 0 -1
    outer loop
      vertex 5.5449 34.8282 52.8
      vertex 16.5 41.05 52.8
      vertex 5.61065 34.7777 52.8
    endloop
  endfacet
  facet normal 0 0 -1
    outer loop
      vertex 5.475 34.8727 52.8
      vertex 16.5 41.05 52.8
      vertex 5.5449 34.8282 52.8
    endloop
  endfacet
  facet normal 0 0 -1
    outer loop
      vertex 5.40149 34.911 52.8
      vertex 16.5 41.05 52.8
      vertex 5.475 34.8727 52.8
    endloop
  endfacet
  facet normal 0 0 -1
    outer loop
      vertex 5.32492 34.9427 52.8
      vertex 16.5 41.05 52.8
      vertex 5.40149 34.911 52.8
    endloop
  endfacet
  facet normal 0 0 -1
    outer loop
      vertex 5.24588 34.9676 52.8
      vertex 16.5 41.05 52.8
      vertex 5.32492 34.9427 52.8
    endloop
  endfacet
  facet normal 0 0 -1
    outer loop
      vertex 5.16497 34.9856 52.8
      vertex 16.5 41.05 52.8
      vertex 5.24588 34.9676 52.8
    endloop
  endfacet
  facet normal 0 0 -1
    outer loop
      vertex 5.0828 34.9964 52.8
      vertex 16.5 41.05 52.8
      vertex 5.16497 34.9856 52.8
    endloop
  endfacet
  facet normal 0 0 -1
    outer loop
      vertex 5 35 52.8
      vertex 16.5 41.05 52.8
      vertex 5.0828 34.9964 52.8
    endloop
  endfacet
  facet normal 0 0 -1
    outer loop
      vertex 4.9172 34.9964 52.8
      vertex 16.5 41.05 52.8
      vertex 5 35 52.8
    endloop
  endfacet
  facet normal 0 0 -1
    outer loop
      vertex 4.83503 34.9856 52.8
      vertex 16.5 41.05 52.8
      vertex 4.9172 34.9964 52.8
    endloop
  endfacet
  facet normal 0 0 -1
    outer loop
      vertex -4.83503 34.9856 52.8
      vertex 4.83503 34.9856 52.8
      vertex 4.75412 34.9676 52.8
    endloop
  endfacet
  facet normal 0 0 -1
    outer loop
      vertex -4.75412 34.9676 52.8
      vertex 4.75412 34.9676 52.8
      vertex 4.67508 34.9427 52.8
    endloop
  endfacet
  facet normal 0 0 -1
    outer loop
      vertex -4.67508 34.9427 52.8
      vertex 4.67508 34.9427 52.8
      vertex 4.59851 34.911 52.8
    endloop
  endfacet
  facet normal 0 0 -1
    outer loop
      vertex -4.05 34.05 52.8
      vertex 4.05361 34.1328 52.8
      vertex 4.05 34.05 52.8
    endloop
  endfacet
  facet normal 0 0 -1
    outer loop
      vertex -4.05361 34.1328 52.8
      vertex 4.05361 34.1328 52.8
      vertex -4.05 34.05 52.8
    endloop
  endfacet
  facet normal 0 0 -1
    outer loop
      vertex 4.05361 34.1328 52.8
      vertex -4.05361 34.1328 52.8
      vertex 4.06443 34.215 52.8
    endloop
  endfacet
  facet normal 0 0 -1
    outer loop
      vertex -4.06443 34.215 52.8
      vertex 4.06443 34.215 52.8
      vertex -4.05361 34.1328 52.8
    endloop
  endfacet
  facet normal 0 0 -1
    outer loop
      vertex 4.06443 34.215 52.8
      vertex -4.06443 34.215 52.8
      vertex 4.08237 34.2959 52.8
    endloop
  endfacet
  facet normal 0 0 -1
    outer loop
      vertex -4.08237 34.2959 52.8
      vertex 4.08237 34.2959 52.8
      vertex -4.06443 34.215 52.8
    endloop
  endfacet
  facet normal 0 0 -1
    outer loop
      vertex 4.08237 34.2959 52.8
      vertex -4.08237 34.2959 52.8
      vertex 4.10729 34.3749 52.8
    endloop
  endfacet
  facet normal 0 0 -1
    outer loop
      vertex -4.10729 34.3749 52.8
      vertex 4.10729 34.3749 52.8
      vertex -4.08237 34.2959 52.8
    endloop
  endfacet
  facet normal 0 0 -1
    outer loop
      vertex 4.10729 34.3749 52.8
      vertex -4.10729 34.3749 52.8
      vertex 4.13901 34.4515 52.8
    endloop
  endfacet
  facet normal 0 0 -1
    outer loop
      vertex -4.13901 34.4515 52.8
      vertex 4.13901 34.4515 52.8
      vertex -4.10729 34.3749 52.8
    endloop
  endfacet
  facet normal 0 0 -1
    outer loop
      vertex 4.13901 34.4515 52.8
      vertex -4.13901 34.4515 52.8
      vertex 4.17728 34.525 52.8
    endloop
  endfacet
  facet normal 0 0 -1
    outer loop
      vertex -4.17728 34.525 52.8
      vertex 4.17728 34.525 52.8
      vertex -4.13901 34.4515 52.8
    endloop
  endfacet
  facet normal 0 0 -1
    outer loop
      vertex 4.17728 34.525 52.8
      vertex -4.17728 34.525 52.8
      vertex 4.2218 34.5949 52.8
    endloop
  endfacet
  facet normal 0 0 -1
    outer loop
      vertex -4.2218 34.5949 52.8
      vertex 4.2218 34.5949 52.8
      vertex -4.17728 34.525 52.8
    endloop
  endfacet
  facet normal 0 0 -1
    outer loop
      vertex 4.2218 34.5949 52.8
      vertex -4.2218 34.5949 52.8
      vertex 4.27226 34.6606 52.8
    endloop
  endfacet
  facet normal 0 0 -1
    outer loop
      vertex -4.27226 34.6606 52.8
      vertex 4.27226 34.6606 52.8
      vertex -4.2218 34.5949 52.8
    endloop
  endfacet
  facet normal 0 0 -1
    outer loop
      vertex 4.27226 34.6606 52.8
      vertex -4.27226 34.6606 52.8
      vertex 4.32825 34.7218 52.8
    endloop
  endfacet
  facet normal 0 0 -1
    outer loop
      vertex -4.32825 34.7218 52.8
      vertex 4.32825 34.7218 52.8
      vertex -4.27226 34.6606 52.8
    endloop
  endfacet
  facet normal 0 0 -1
    outer loop
      vertex 4.32825 34.7218 52.8
      vertex -4.32825 34.7218 52.8
      vertex 4.38935 34.7777 52.8
    endloop
  endfacet
  facet normal 0 0 -1
    outer loop
      vertex -4.38935 34.7777 52.8
      vertex 4.38935 34.7777 52.8
      vertex -4.32825 34.7218 52.8
    endloop
  endfacet
  facet normal 0 0 -1
    outer loop
      vertex 4.38935 34.7777 52.8
      vertex -4.38935 34.7777 52.8
      vertex 4.4551 34.8282 52.8
    endloop
  endfacet
  facet normal 0 0 -1
    outer loop
      vertex -4.4551 34.8282 52.8
      vertex 4.4551 34.8282 52.8
      vertex -4.38935 34.7777 52.8
    endloop
  endfacet
  facet normal 0 0 -1
    outer loop
      vertex 4.4551 34.8282 52.8
      vertex -4.4551 34.8282 52.8
      vertex 4.525 34.8727 52.8
    endloop
  endfacet
  facet normal 0 0 -1
    outer loop
      vertex -4.525 34.8727 52.8
      vertex 4.525 34.8727 52.8
      vertex -4.4551 34.8282 52.8
    endloop
  endfacet
  facet normal 0 0 -1
    outer loop
      vertex 4.525 34.8727 52.8
      vertex -4.525 34.8727 52.8
      vertex 4.59851 34.911 52.8
    endloop
  endfacet
  facet normal 0 0 -1
    outer loop
      vertex -4.59851 34.911 52.8
      vertex 4.59851 34.911 52.8
      vertex -4.525 34.8727 52.8
    endloop
  endfacet
  facet normal 0 0 -1
    outer loop
      vertex -4.67508 34.9427 52.8
      vertex 4.59851 34.911 52.8
      vertex -4.59851 34.911 52.8
    endloop
  endfacet
  facet normal 0 0 -1
    outer loop
      vertex 4.67508 34.9427 52.8
      vertex -4.67508 34.9427 52.8
      vertex -4.75412 34.9676 52.8
    endloop
  endfacet
  facet normal 0 0 -1
    outer loop
      vertex 4.75412 34.9676 52.8
      vertex -4.75412 34.9676 52.8
      vertex -4.83503 34.9856 52.8
    endloop
  endfacet
  facet normal 0 0 -1
    outer loop
      vertex 4.83503 34.9856 52.8
      vertex -4.83503 34.9856 52.8
      vertex 16.5 41.05 52.8
    endloop
  endfacet
  facet normal 0 0 -1
    outer loop
      vertex -16.5 41.05 52.8
      vertex -4.83503 34.9856 52.8
      vertex -4.9172 34.9964 52.8
    endloop
  endfacet
  facet normal 0 0 -1
    outer loop
      vertex -16.5 41.05 52.8
      vertex -4.9172 34.9964 52.8
      vertex -5 35 52.8
    endloop
  endfacet
  facet normal 0 0 -1
    outer loop
      vertex -16.5 41.05 52.8
      vertex -5 35 52.8
      vertex -5.0828 34.9964 52.8
    endloop
  endfacet
  facet normal 0 0 -1
    outer loop
      vertex -16.5 41.05 52.8
      vertex -5.0828 34.9964 52.8
      vertex -5.16497 34.9856 52.8
    endloop
  endfacet
  facet normal 0 0 -1
    outer loop
      vertex -16.5 41.05 52.8
      vertex -5.16497 34.9856 52.8
      vertex -5.24588 34.9676 52.8
    endloop
  endfacet
  facet normal 0 0 -1
    outer loop
      vertex -11.45 30.3 52.8
      vertex -5.94638 34.1328 52.8
      vertex -5.95 34.05 52.8
    endloop
  endfacet
  facet normal 0 0 -1
    outer loop
      vertex -11.45 30.3 52.8
      vertex -5.93557 34.215 52.8
      vertex -5.94638 34.1328 52.8
    endloop
  endfacet
  facet normal 0 0 -1
    outer loop
      vertex -11.45 30.3 52.8
      vertex -5.91763 34.2959 52.8
      vertex -5.93557 34.215 52.8
    endloop
  endfacet
  facet normal 0 0 -1
    outer loop
      vertex -11.45 30.3 52.8
      vertex -5.89271 34.3749 52.8
      vertex -5.91763 34.2959 52.8
    endloop
  endfacet
  facet normal 0 0 -1
    outer loop
      vertex -16.5 41.05 52.8
      vertex -5.89271 34.3749 52.8
      vertex -11.45 30.3 52.8
    endloop
  endfacet
  facet normal 0 0 -1
    outer loop
      vertex -5.89271 34.3749 52.8
      vertex -16.5 41.05 52.8
      vertex -5.86099 34.4515 52.8
    endloop
  endfacet
  facet normal 0 0 -1
    outer loop
      vertex -5.86099 34.4515 52.8
      vertex -16.5 41.05 52.8
      vertex -5.82272 34.525 52.8
    endloop
  endfacet
  facet normal 0 0 -1
    outer loop
      vertex -5.82272 34.525 52.8
      vertex -16.5 41.05 52.8
      vertex -5.77819 34.5949 52.8
    endloop
  endfacet
  facet normal 0 0 -1
    outer loop
      vertex -5.77819 34.5949 52.8
      vertex -16.5 41.05 52.8
      vertex -5.72774 34.6606 52.8
    endloop
  endfacet
  facet normal 0 0 -1
    outer loop
      vertex -5.72774 34.6606 52.8
      vertex -16.5 41.05 52.8
      vertex -5.67175 34.7218 52.8
    endloop
  endfacet
  facet normal 0 0 -1
    outer loop
      vertex -5.67175 34.7218 52.8
      vertex -16.5 41.05 52.8
      vertex -5.61065 34.7777 52.8
    endloop
  endfacet
  facet normal 0 0 -1
    outer loop
      vertex -16.2 -13.45 52.8
      vertex -11.45 -10.3 52.8
      vertex -11.7 -13.45 52.8
    endloop
  endfacet
  facet normal 0 0 -1
    outer loop
      vertex -11.45 -10.3 52.8
      vertex -11.7 13.45 52.8
      vertex -11.45 30.3 52.8
    endloop
  endfacet
  facet normal 0 0 -1
    outer loop
      vertex -11.7 17.95 52.8
      vertex -11.45 30.3 52.8
      vertex -11.7 13.45 52.8
    endloop
  endfacet
  facet normal 0 0 -1
    outer loop
      vertex -16.2 17.95 52.8
      vertex -11.45 30.3 52.8
      vertex -11.7 17.95 52.8
    endloop
  endfacet
  facet normal 0 0 -1
    outer loop
      vertex -4.83503 34.9856 52.8
      vertex -16.5 41.05 52.8
      vertex 16.5 41.05 52.8
    endloop
  endfacet
  facet normal 0 0 -1
    outer loop
      vertex -5.32492 34.9427 52.8
      vertex -16.5 41.05 52.8
      vertex -5.24588 34.9676 52.8
    endloop
  endfacet
  facet normal 0 0 -1
    outer loop
      vertex -5.40149 34.911 52.8
      vertex -16.5 41.05 52.8
      vertex -5.32492 34.9427 52.8
    endloop
  endfacet
  facet normal 0 0 -1
    outer loop
      vertex -5.475 34.8727 52.8
      vertex -16.5 41.05 52.8
      vertex -5.40149 34.911 52.8
    endloop
  endfacet
  facet normal 0 0 -1
    outer loop
      vertex -5.5449 34.8282 52.8
      vertex -16.5 41.05 52.8
      vertex -5.475 34.8727 52.8
    endloop
  endfacet
  facet normal 0 0 -1
    outer loop
      vertex -5.61065 34.7777 52.8
      vertex -16.5 41.05 52.8
      vertex -5.5449 34.8282 52.8
    endloop
  endfacet
  facet normal 0 0 -1
    outer loop
      vertex -16.2 17.95 52.8
      vertex -16.5 41.05 52.8
      vertex -11.45 30.3 52.8
    endloop
  endfacet
  facet normal 0 0 -1
    outer loop
      vertex -16.5 41.05 52.8
      vertex -16.2 17.95 52.8
      vertex -16.5 -21.05 52.8
    endloop
  endfacet
  facet normal 0 0 -1
    outer loop
      vertex 5.93557 -13.885 52.8
      vertex 11.7 -13.45 52.8
      vertex 5.94638 -13.9672 52.8
    endloop
  endfacet
  facet normal 0 0 -1
    outer loop
      vertex 5.91763 -13.8041 52.8
      vertex 11.7 -13.45 52.8
      vertex 5.93557 -13.885 52.8
    endloop
  endfacet
  facet normal 0 0 -1
    outer loop
      vertex 5.89271 -13.7251 52.8
      vertex 11.7 -13.45 52.8
      vertex 5.91763 -13.8041 52.8
    endloop
  endfacet
  facet normal 0 0 -1
    outer loop
      vertex 5.86099 -13.6485 52.8
      vertex 11.7 -13.45 52.8
      vertex 5.89271 -13.7251 52.8
    endloop
  endfacet
  facet normal -0 0 -1
    outer loop
      vertex 11.7 -13.45 52.8
      vertex 5.86099 -13.6485 52.8
      vertex 11.45 -10.3 52.8
    endloop
  endfacet
  facet normal 0 0 -1
    outer loop
      vertex 5.82272 -13.575 52.8
      vertex 11.45 -10.3 52.8
      vertex 5.86099 -13.6485 52.8
    endloop
  endfacet
  facet normal 0 0 -1
    outer loop
      vertex 5.77819 -13.5051 52.8
      vertex 11.45 -10.3 52.8
      vertex 5.82272 -13.575 52.8
    endloop
  endfacet
  facet normal 0 0 -1
    outer loop
      vertex 5.72774 -13.4394 52.8
      vertex 11.45 -10.3 52.8
      vertex 5.77819 -13.5051 52.8
    endloop
  endfacet
  facet normal 0 0 -1
    outer loop
      vertex 5.67175 -13.3782 52.8
      vertex 11.45 -10.3 52.8
      vertex 5.72774 -13.4394 52.8
    endloop
  endfacet
  facet normal 0 0 -1
    outer loop
      vertex 5.61065 -13.3223 52.8
      vertex 11.45 -10.3 52.8
      vertex 5.67175 -13.3782 52.8
    endloop
  endfacet
  facet normal 0 0 -1
    outer loop
      vertex 5.5449 -13.2718 52.8
      vertex 11.45 -10.3 52.8
      vertex 5.61065 -13.3223 52.8
    endloop
  endfacet
  facet normal 0 0 -1
    outer loop
      vertex 5.475 -13.2273 52.8
      vertex 11.45 -10.3 52.8
      vertex 5.5449 -13.2718 52.8
    endloop
  endfacet
  facet normal 0 0 -1
    outer loop
      vertex 5.40149 -13.189 52.8
      vertex 11.45 -10.3 52.8
      vertex 5.475 -13.2273 52.8
    endloop
  endfacet
  facet normal 0 0 -1
    outer loop
      vertex 5.32492 -13.1573 52.8
      vertex 11.45 -10.3 52.8
      vertex 5.40149 -13.189 52.8
    endloop
  endfacet
  facet normal 0 0 -1
    outer loop
      vertex 5.24588 -13.1324 52.8
      vertex 11.45 -10.3 52.8
      vertex 5.32492 -13.1573 52.8
    endloop
  endfacet
  facet normal 0 0 -1
    outer loop
      vertex 5.16497 -13.1144 52.8
      vertex 11.45 -10.3 52.8
      vertex 5.24588 -13.1324 52.8
    endloop
  endfacet
  facet normal 0 0 -1
    outer loop
      vertex 5.0828 -13.1036 52.8
      vertex 11.45 -10.3 52.8
      vertex 5.16497 -13.1144 52.8
    endloop
  endfacet
  facet normal 0 0 -1
    outer loop
      vertex 5 -13.1 52.8
      vertex 11.45 -10.3 52.8
      vertex 5.0828 -13.1036 52.8
    endloop
  endfacet
  facet normal 0 0 -1
    outer loop
      vertex 4.9172 -13.1036 52.8
      vertex 11.45 -10.3 52.8
      vertex 5 -13.1 52.8
    endloop
  endfacet
  facet normal 0 0 -1
    outer loop
      vertex 4.83503 -13.1144 52.8
      vertex 11.45 -10.3 52.8
      vertex 4.9172 -13.1036 52.8
    endloop
  endfacet
  facet normal 0 0 -1
    outer loop
      vertex 4.75412 -13.1324 52.8
      vertex 11.45 -10.3 52.8
      vertex 4.83503 -13.1144 52.8
    endloop
  endfacet
  facet normal 0 0 -1
    outer loop
      vertex -4.75412 -13.1324 52.8
      vertex 4.75412 -13.1324 52.8
      vertex 4.67508 -13.1573 52.8
    endloop
  endfacet
  facet normal 0 0 -1
    outer loop
      vertex -4.67508 -13.1573 52.8
      vertex 4.67508 -13.1573 52.8
      vertex 4.59851 -13.189 52.8
    endloop
  endfacet
  facet normal 0 0 -1
    outer loop
      vertex -4.05 -14.05 52.8
      vertex 4.05361 -13.9672 52.8
      vertex 4.05 -14.05 52.8
    endloop
  endfacet
  facet normal 0 0 -1
    outer loop
      vertex -4.05361 -13.9672 52.8
      vertex 4.05361 -13.9672 52.8
      vertex -4.05 -14.05 52.8
    endloop
  endfacet
  facet normal 0 0 -1
    outer loop
      vertex 4.05361 -13.9672 52.8
      vertex -4.05361 -13.9672 52.8
      vertex 4.06443 -13.885 52.8
    endloop
  endfacet
  facet normal 0 0 -1
    outer loop
      vertex -4.06443 -13.885 52.8
      vertex 4.06443 -13.885 52.8
      vertex -4.05361 -13.9672 52.8
    endloop
  endfacet
  facet normal 0 0 -1
    outer loop
      vertex 4.06443 -13.885 52.8
      vertex -4.06443 -13.885 52.8
      vertex 4.08237 -13.8041 52.8
    endloop
  endfacet
  facet normal 0 0 -1
    outer loop
      vertex -4.08237 -13.8041 52.8
      vertex 4.08237 -13.8041 52.8
      vertex -4.06443 -13.885 52.8
    endloop
  endfacet
  facet normal 0 0 -1
    outer loop
      vertex 4.08237 -13.8041 52.8
      vertex -4.08237 -13.8041 52.8
      vertex 4.10729 -13.7251 52.8
    endloop
  endfacet
  facet normal 0 0 -1
    outer loop
      vertex -4.10729 -13.7251 52.8
      vertex 4.10729 -13.7251 52.8
      vertex -4.08237 -13.8041 52.8
    endloop
  endfacet
  facet normal 0 0 -1
    outer loop
      vertex 4.10729 -13.7251 52.8
      vertex -4.10729 -13.7251 52.8
      vertex 4.13901 -13.6485 52.8
    endloop
  endfacet
  facet normal 0 0 -1
    outer loop
      vertex -4.13901 -13.6485 52.8
      vertex 4.13901 -13.6485 52.8
      vertex -4.10729 -13.7251 52.8
    endloop
  endfacet
  facet normal 0 0 -1
    outer loop
      vertex 4.13901 -13.6485 52.8
      vertex -4.13901 -13.6485 52.8
      vertex 4.17728 -13.575 52.8
    endloop
  endfacet
  facet normal 0 0 -1
    outer loop
      vertex -4.17728 -13.575 52.8
      vertex 4.17728 -13.575 52.8
      vertex -4.13901 -13.6485 52.8
    endloop
  endfacet
  facet normal 0 0 -1
    outer loop
      vertex 4.17728 -13.575 52.8
      vertex -4.17728 -13.575 52.8
      vertex 4.2218 -13.5051 52.8
    endloop
  endfacet
  facet normal 0 0 -1
    outer loop
      vertex -4.2218 -13.5051 52.8
      vertex 4.2218 -13.5051 52.8
      vertex -4.17728 -13.575 52.8
    endloop
  endfacet
  facet normal 0 0 -1
    outer loop
      vertex 4.2218 -13.5051 52.8
      vertex -4.2218 -13.5051 52.8
      vertex 4.27226 -13.4394 52.8
    endloop
  endfacet
  facet normal 0 0 -1
    outer loop
      vertex -4.27226 -13.4394 52.8
      vertex 4.27226 -13.4394 52.8
      vertex -4.2218 -13.5051 52.8
    endloop
  endfacet
  facet normal 0 0 -1
    outer loop
      vertex 4.27226 -13.4394 52.8
      vertex -4.27226 -13.4394 52.8
      vertex 4.32825 -13.3782 52.8
    endloop
  endfacet
  facet normal 0 0 -1
    outer loop
      vertex -4.32825 -13.3782 52.8
      vertex 4.32825 -13.3782 52.8
      vertex -4.27226 -13.4394 52.8
    endloop
  endfacet
  facet normal 0 0 -1
    outer loop
      vertex 4.32825 -13.3782 52.8
      vertex -4.32825 -13.3782 52.8
      vertex 4.38935 -13.3223 52.8
    endloop
  endfacet
  facet normal 0 0 -1
    outer loop
      vertex -4.38935 -13.3223 52.8
      vertex 4.38935 -13.3223 52.8
      vertex -4.32825 -13.3782 52.8
    endloop
  endfacet
  facet normal 0 0 -1
    outer loop
      vertex 4.38935 -13.3223 52.8
      vertex -4.38935 -13.3223 52.8
      vertex 4.4551 -13.2718 52.8
    endloop
  endfacet
  facet normal 0 0 -1
    outer loop
      vertex -4.4551 -13.2718 52.8
      vertex 4.4551 -13.2718 52.8
      vertex -4.38935 -13.3223 52.8
    endloop
  endfacet
  facet normal 0 0 -1
    outer loop
      vertex 4.4551 -13.2718 52.8
      vertex -4.4551 -13.2718 52.8
      vertex 4.525 -13.2273 52.8
    endloop
  endfacet
  facet normal 0 0 -1
    outer loop
      vertex -4.525 -13.2273 52.8
      vertex 4.525 -13.2273 52.8
      vertex -4.4551 -13.2718 52.8
    endloop
  endfacet
  facet normal 0 0 -1
    outer loop
      vertex 4.525 -13.2273 52.8
      vertex -4.525 -13.2273 52.8
      vertex 4.59851 -13.189 52.8
    endloop
  endfacet
  facet normal 0 0 -1
    outer loop
      vertex -4.59851 -13.189 52.8
      vertex 4.59851 -13.189 52.8
      vertex -4.525 -13.2273 52.8
    endloop
  endfacet
  facet normal 0 0 -1
    outer loop
      vertex -4.67508 -13.1573 52.8
      vertex 4.59851 -13.189 52.8
      vertex -4.59851 -13.189 52.8
    endloop
  endfacet
  facet normal 0 0 -1
    outer loop
      vertex 4.67508 -13.1573 52.8
      vertex -4.67508 -13.1573 52.8
      vertex -4.75412 -13.1324 52.8
    endloop
  endfacet
  facet normal 0 0 -1
    outer loop
      vertex 4.75412 -13.1324 52.8
      vertex -4.75412 -13.1324 52.8
      vertex 11.45 -10.3 52.8
    endloop
  endfacet
  facet normal 0 0 -1
    outer loop
      vertex -11.45 -10.3 52.8
      vertex -4.75412 -13.1324 52.8
      vertex -4.83503 -13.1144 52.8
    endloop
  endfacet
  facet normal 0 0 -1
    outer loop
      vertex -11.45 -10.3 52.8
      vertex -4.83503 -13.1144 52.8
      vertex -4.9172 -13.1036 52.8
    endloop
  endfacet
  facet normal 0 0 -1
    outer loop
      vertex -11.45 -10.3 52.8
      vertex -4.9172 -13.1036 52.8
      vertex -5 -13.1 52.8
    endloop
  endfacet
  facet normal 0 0 -1
    outer loop
      vertex -11.45 -10.3 52.8
      vertex -5 -13.1 52.8
      vertex -5.0828 -13.1036 52.8
    endloop
  endfacet
  facet normal 0 0 -1
    outer loop
      vertex -11.45 -10.3 52.8
      vertex -5.0828 -13.1036 52.8
      vertex -5.16497 -13.1144 52.8
    endloop
  endfacet
  facet normal 0 0 -1
    outer loop
      vertex -4.75412 -13.1324 52.8
      vertex -11.45 -10.3 52.8
      vertex 11.45 -10.3 52.8
    endloop
  endfacet
  facet normal 0 0 -1
    outer loop
      vertex -5.24588 -13.1324 52.8
      vertex -11.45 -10.3 52.8
      vertex -5.16497 -13.1144 52.8
    endloop
  endfacet
  facet normal 0 0 -1
    outer loop
      vertex -5.32492 -13.1573 52.8
      vertex -11.45 -10.3 52.8
      vertex -5.24588 -13.1324 52.8
    endloop
  endfacet
  facet normal 0 0 -1
    outer loop
      vertex -5.40149 -13.189 52.8
      vertex -11.45 -10.3 52.8
      vertex -5.32492 -13.1573 52.8
    endloop
  endfacet
  facet normal 0 0 -1
    outer loop
      vertex -5.475 -13.2273 52.8
      vertex -11.45 -10.3 52.8
      vertex -5.40149 -13.189 52.8
    endloop
  endfacet
  facet normal 0 0 -1
    outer loop
      vertex -5.5449 -13.2718 52.8
      vertex -11.45 -10.3 52.8
      vertex -5.475 -13.2273 52.8
    endloop
  endfacet
  facet normal 0 0 -1
    outer loop
      vertex -5.61065 -13.3223 52.8
      vertex -11.45 -10.3 52.8
      vertex -5.5449 -13.2718 52.8
    endloop
  endfacet
  facet normal 0 0 -1
    outer loop
      vertex -5.67175 -13.3782 52.8
      vertex -11.45 -10.3 52.8
      vertex -5.61065 -13.3223 52.8
    endloop
  endfacet
  facet normal 0 0 -1
    outer loop
      vertex -5.72774 -13.4394 52.8
      vertex -11.45 -10.3 52.8
      vertex -5.67175 -13.3782 52.8
    endloop
  endfacet
  facet normal 0 0 -1
    outer loop
      vertex -5.77819 -13.5051 52.8
      vertex -11.45 -10.3 52.8
      vertex -5.72774 -13.4394 52.8
    endloop
  endfacet
  facet normal 0 0 -1
    outer loop
      vertex -5.82272 -13.575 52.8
      vertex -11.45 -10.3 52.8
      vertex -5.77819 -13.5051 52.8
    endloop
  endfacet
  facet normal 0 0 -1
    outer loop
      vertex -5.86099 -13.6485 52.8
      vertex -11.45 -10.3 52.8
      vertex -5.82272 -13.575 52.8
    endloop
  endfacet
  facet normal 0 0 -1
    outer loop
      vertex -5.89271 -13.7251 52.8
      vertex -11.45 -10.3 52.8
      vertex -5.86099 -13.6485 52.8
    endloop
  endfacet
  facet normal 0 0 -1
    outer loop
      vertex -5.91763 -13.8041 52.8
      vertex -11.45 -10.3 52.8
      vertex -5.89271 -13.7251 52.8
    endloop
  endfacet
  facet normal 0 0 -1
    outer loop
      vertex -5.93557 -13.885 52.8
      vertex -11.45 -10.3 52.8
      vertex -5.91763 -13.8041 52.8
    endloop
  endfacet
  facet normal 0 0 -1
    outer loop
      vertex -5.94638 -13.9672 52.8
      vertex -11.45 -10.3 52.8
      vertex -5.93557 -13.885 52.8
    endloop
  endfacet
  facet normal 0 0 -1
    outer loop
      vertex -11.45 -10.3 52.8
      vertex -5.94638 -13.9672 52.8
      vertex -5.95 -14.05 52.8
    endloop
  endfacet
  facet normal 0 -1 0
    outer loop
      vertex -16.5 -21.05 52.8
      vertex 16.5 -21.05 59.8
      vertex -16.5 -21.05 59.8
    endloop
  endfacet
  facet normal 0 -1 -0
    outer loop
      vertex 16.5 -21.05 59.8
      vertex -16.5 -21.05 52.8
      vertex 16.5 -21.05 52.8
    endloop
  endfacet
  facet normal 0 0 1
    outer loop
      vertex 16.5 41.05 59.8
      vertex 11.45 30.3 59.8
      vertex 16.5 27.05 59.8
    endloop
  endfacet
  facet normal -0 0 1
    outer loop
      vertex 5.89271 34.3749 59.8
      vertex 11.45 30.3 59.8
      vertex 16.5 41.05 59.8
    endloop
  endfacet
  facet normal 0 0 1
    outer loop
      vertex 11.45 30.3 59.8
      vertex 5.94638 34.1328 59.8
      vertex 5.95 34.05 59.8
    endloop
  endfacet
  facet normal 0 0 1
    outer loop
      vertex 11.45 30.3 59.8
      vertex 5.93557 34.215 59.8
      vertex 5.94638 34.1328 59.8
    endloop
  endfacet
  facet normal 0 0 1
    outer loop
      vertex 11.45 30.3 59.8
      vertex 5.91763 34.2959 59.8
      vertex 5.93557 34.215 59.8
    endloop
  endfacet
  facet normal 0 0 1
    outer loop
      vertex 11.45 30.3 59.8
      vertex 5.89271 34.3749 59.8
      vertex 5.91763 34.2959 59.8
    endloop
  endfacet
  facet normal 0 0 1
    outer loop
      vertex 16.5 41.05 59.8
      vertex 5.86099 34.4515 59.8
      vertex 5.89271 34.3749 59.8
    endloop
  endfacet
  facet normal 0 0 1
    outer loop
      vertex 16.5 41.05 59.8
      vertex 5.82272 34.525 59.8
      vertex 5.86099 34.4515 59.8
    endloop
  endfacet
  facet normal 0 0 1
    outer loop
      vertex 16.5 41.05 59.8
      vertex 5.77819 34.5949 59.8
      vertex 5.82272 34.525 59.8
    endloop
  endfacet
  facet normal 0 0 1
    outer loop
      vertex 16.5 41.05 59.8
      vertex 5.72774 34.6606 59.8
      vertex 5.77819 34.5949 59.8
    endloop
  endfacet
  facet normal 0 0 1
    outer loop
      vertex 16.5 41.05 59.8
      vertex 5.67175 34.7218 59.8
      vertex 5.72774 34.6606 59.8
    endloop
  endfacet
  facet normal 0 0 1
    outer loop
      vertex 16.5 41.05 59.8
      vertex 5.61065 34.7777 59.8
      vertex 5.67175 34.7218 59.8
    endloop
  endfacet
  facet normal 0 0 1
    outer loop
      vertex 16.5 41.05 59.8
      vertex 5.5449 34.8282 59.8
      vertex 5.61065 34.7777 59.8
    endloop
  endfacet
  facet normal 0 0 1
    outer loop
      vertex 16.5 41.05 59.8
      vertex 5.475 34.8727 59.8
      vertex 5.5449 34.8282 59.8
    endloop
  endfacet
  facet normal 0 0 1
    outer loop
      vertex 16.5 41.05 59.8
      vertex 5.40149 34.911 59.8
      vertex 5.475 34.8727 59.8
    endloop
  endfacet
  facet normal 0 0 1
    outer loop
      vertex 16.5 41.05 59.8
      vertex 5.32492 34.9427 59.8
      vertex 5.40149 34.911 59.8
    endloop
  endfacet
  facet normal 0 0 1
    outer loop
      vertex 16.5 41.05 59.8
      vertex 5.24588 34.9676 59.8
      vertex 5.32492 34.9427 59.8
    endloop
  endfacet
  facet normal -0 0 1
    outer loop
      vertex 0.9 37.95 59.8
      vertex 5.24588 34.9676 59.8
      vertex 16.5 41.05 59.8
    endloop
  endfacet
  facet normal 0 0 1
    outer loop
      vertex 5.24588 34.9676 59.8
      vertex 0.9 37.95 59.8
      vertex 5.16497 34.9856 59.8
    endloop
  endfacet
  facet normal 0 0 1
    outer loop
      vertex 5.16497 34.9856 59.8
      vertex 0.9 37.95 59.8
      vertex 5.0828 34.9964 59.8
    endloop
  endfacet
  facet normal 0 0 1
    outer loop
      vertex 5.0828 34.9964 59.8
      vertex 0.9 37.95 59.8
      vertex 5 35 59.8
    endloop
  endfacet
  facet normal 0 0 1
    outer loop
      vertex 5 35 59.8
      vertex 0.9 37.95 59.8
      vertex 4.9172 34.9964 59.8
    endloop
  endfacet
  facet normal 0 0 1
    outer loop
      vertex 4.9172 34.9964 59.8
      vertex 0.9 37.95 59.8
      vertex 4.83503 34.9856 59.8
    endloop
  endfacet
  facet normal 0 0 1
    outer loop
      vertex 4.83503 34.9856 59.8
      vertex 0.9 37.95 59.8
      vertex 4.75412 34.9676 59.8
    endloop
  endfacet
  facet normal 0 0 1
    outer loop
      vertex 4.75412 34.9676 59.8
      vertex 0.9 37.95 59.8
      vertex 4.67508 34.9427 59.8
    endloop
  endfacet
  facet normal 0 0 1
    outer loop
      vertex 4.05361 34.1328 59.8
      vertex 0.9 37.95 59.8
      vertex 4.05 34.05 59.8
    endloop
  endfacet
  facet normal 0 0 1
    outer loop
      vertex 4.06443 34.215 59.8
      vertex 0.9 37.95 59.8
      vertex 4.05361 34.1328 59.8
    endloop
  endfacet
  facet normal 0 0 1
    outer loop
      vertex 4.08237 34.2959 59.8
      vertex 0.9 37.95 59.8
      vertex 4.06443 34.215 59.8
    endloop
  endfacet
  facet normal 0 0 1
    outer loop
      vertex 4.10729 34.3749 59.8
      vertex 0.9 37.95 59.8
      vertex 4.08237 34.2959 59.8
    endloop
  endfacet
  facet normal 0 0 1
    outer loop
      vertex 4.13901 34.4515 59.8
      vertex 0.9 37.95 59.8
      vertex 4.10729 34.3749 59.8
    endloop
  endfacet
  facet normal 0 0 1
    outer loop
      vertex 4.17728 34.525 59.8
      vertex 0.9 37.95 59.8
      vertex 4.13901 34.4515 59.8
    endloop
  endfacet
  facet normal 0 0 1
    outer loop
      vertex 4.2218 34.5949 59.8
      vertex 0.9 37.95 59.8
      vertex 4.17728 34.525 59.8
    endloop
  endfacet
  facet normal 0 0 1
    outer loop
      vertex 4.27226 34.6606 59.8
      vertex 0.9 37.95 59.8
      vertex 4.2218 34.5949 59.8
    endloop
  endfacet
  facet normal 0 0 1
    outer loop
      vertex 4.32825 34.7218 59.8
      vertex 0.9 37.95 59.8
      vertex 4.27226 34.6606 59.8
    endloop
  endfacet
  facet normal 0 0 1
    outer loop
      vertex 4.38935 34.7777 59.8
      vertex 0.9 37.95 59.8
      vertex 4.32825 34.7218 59.8
    endloop
  endfacet
  facet normal 0 0 1
    outer loop
      vertex 4.4551 34.8282 59.8
      vertex 0.9 37.95 59.8
      vertex 4.38935 34.7777 59.8
    endloop
  endfacet
  facet normal 0 0 1
    outer loop
      vertex 4.525 34.8727 59.8
      vertex 0.9 37.95 59.8
      vertex 4.4551 34.8282 59.8
    endloop
  endfacet
  facet normal 0 0 1
    outer loop
      vertex 4.59851 34.911 59.8
      vertex 0.9 37.95 59.8
      vertex 4.525 34.8727 59.8
    endloop
  endfacet
  facet normal 0 0 1
    outer loop
      vertex 4.67508 34.9427 59.8
      vertex 0.9 37.95 59.8
      vertex 4.59851 34.911 59.8
    endloop
  endfacet
  facet normal 0 0 1
    outer loop
      vertex 16.5 41.05 59.8
      vertex -0.9 37.95 59.8
      vertex 0.9 37.95 59.8
    endloop
  endfacet
  facet normal 0 0 1
    outer loop
      vertex -0.9 37.95 59.8
      vertex -4.05 34.05 59.8
      vertex -0.9 30.3 59.8
    endloop
  endfacet
  facet normal 0 0 1
    outer loop
      vertex -0.9 37.95 59.8
      vertex -4.05361 34.1328 59.8
      vertex -4.05 34.05 59.8
    endloop
  endfacet
  facet normal 0 0 1
    outer loop
      vertex -0.9 37.95 59.8
      vertex -4.06443 34.215 59.8
      vertex -4.05361 34.1328 59.8
    endloop
  endfacet
  facet normal 0 0 1
    outer loop
      vertex -0.9 37.95 59.8
      vertex -4.08237 34.2959 59.8
      vertex -4.06443 34.215 59.8
    endloop
  endfacet
  facet normal 0 0 1
    outer loop
      vertex -0.9 37.95 59.8
      vertex -4.10729 34.3749 59.8
      vertex -4.08237 34.2959 59.8
    endloop
  endfacet
  facet normal 0 0 1
    outer loop
      vertex -0.9 37.95 59.8
      vertex -4.13901 34.4515 59.8
      vertex -4.10729 34.3749 59.8
    endloop
  endfacet
  facet normal 0 0 1
    outer loop
      vertex -0.9 37.95 59.8
      vertex -4.17728 34.525 59.8
      vertex -4.13901 34.4515 59.8
    endloop
  endfacet
  facet normal 0 0 1
    outer loop
      vertex -0.9 37.95 59.8
      vertex -4.2218 34.5949 59.8
      vertex -4.17728 34.525 59.8
    endloop
  endfacet
  facet normal 0 0 1
    outer loop
      vertex -0.9 37.95 59.8
      vertex -4.27226 34.6606 59.8
      vertex -4.2218 34.5949 59.8
    endloop
  endfacet
  facet normal 0 0 1
    outer loop
      vertex -0.9 37.95 59.8
      vertex -4.32825 34.7218 59.8
      vertex -4.27226 34.6606 59.8
    endloop
  endfacet
  facet normal 0 0 1
    outer loop
      vertex -0.9 37.95 59.8
      vertex -4.38935 34.7777 59.8
      vertex -4.32825 34.7218 59.8
    endloop
  endfacet
  facet normal 0 0 1
    outer loop
      vertex -0.9 37.95 59.8
      vertex -4.4551 34.8282 59.8
      vertex -4.38935 34.7777 59.8
    endloop
  endfacet
  facet normal 0 0 1
    outer loop
      vertex -0.9 37.95 59.8
      vertex -4.525 34.8727 59.8
      vertex -4.4551 34.8282 59.8
    endloop
  endfacet
  facet normal 0 0 1
    outer loop
      vertex -0.9 37.95 59.8
      vertex -4.59851 34.911 59.8
      vertex -4.525 34.8727 59.8
    endloop
  endfacet
  facet normal 0 0 1
    outer loop
      vertex -0.9 37.95 59.8
      vertex -4.67508 34.9427 59.8
      vertex -4.59851 34.911 59.8
    endloop
  endfacet
  facet normal 0 0 1
    outer loop
      vertex -0.9 37.95 59.8
      vertex -4.75412 34.9676 59.8
      vertex -4.67508 34.9427 59.8
    endloop
  endfacet
  facet normal 0 0 1
    outer loop
      vertex -0.9 37.95 59.8
      vertex -4.83503 34.9856 59.8
      vertex -4.75412 34.9676 59.8
    endloop
  endfacet
  facet normal 0 0 1
    outer loop
      vertex -0.9 37.95 59.8
      vertex -4.9172 34.9964 59.8
      vertex -4.83503 34.9856 59.8
    endloop
  endfacet
  facet normal 0 0 1
    outer loop
      vertex -0.9 37.95 59.8
      vertex -5 35 59.8
      vertex -4.9172 34.9964 59.8
    endloop
  endfacet
  facet normal 0 0 1
    outer loop
      vertex -0.9 37.95 59.8
      vertex -5.0828 34.9964 59.8
      vertex -5 35 59.8
    endloop
  endfacet
  facet normal 0 0 1
    outer loop
      vertex -0.9 37.95 59.8
      vertex -5.16497 34.9856 59.8
      vertex -5.0828 34.9964 59.8
    endloop
  endfacet
  facet normal 0 0 1
    outer loop
      vertex -0.9 37.95 59.8
      vertex -5.24588 34.9676 59.8
      vertex -5.16497 34.9856 59.8
    endloop
  endfacet
  facet normal 0 0 1
    outer loop
      vertex -0.9 37.95 59.8
      vertex -5.32492 34.9427 59.8
      vertex -5.24588 34.9676 59.8
    endloop
  endfacet
  facet normal 0 0 1
    outer loop
      vertex -16.5 41.05 59.8
      vertex -5.32492 34.9427 59.8
      vertex -0.9 37.95 59.8
    endloop
  endfacet
  facet normal 0 0 1
    outer loop
      vertex -5.32492 34.9427 59.8
      vertex -16.5 41.05 59.8
      vertex -5.40149 34.911 59.8
    endloop
  endfacet
  facet normal 0 0 1
    outer loop
      vertex -5.40149 34.911 59.8
      vertex -16.5 41.05 59.8
      vertex -5.475 34.8727 59.8
    endloop
  endfacet
  facet normal 0 0 1
    outer loop
      vertex -5.94638 34.1328 59.8
      vertex -11.45 30.3 59.8
      vertex -5.95 34.05 59.8
    endloop
  endfacet
  facet normal 0 0 1
    outer loop
      vertex -5.93557 34.215 59.8
      vertex -11.45 30.3 59.8
      vertex -5.94638 34.1328 59.8
    endloop
  endfacet
  facet normal 0 0 1
    outer loop
      vertex -5.91763 34.2959 59.8
      vertex -11.45 30.3 59.8
      vertex -5.93557 34.215 59.8
    endloop
  endfacet
  facet normal 0 0 1
    outer loop
      vertex -5.89271 34.3749 59.8
      vertex -11.45 30.3 59.8
      vertex -5.91763 34.2959 59.8
    endloop
  endfacet
  facet normal 0 0 1
    outer loop
      vertex -16.5 41.05 59.8
      vertex -5.89271 34.3749 59.8
      vertex -5.86099 34.4515 59.8
    endloop
  endfacet
  facet normal 0 0 1
    outer loop
      vertex -16.5 41.05 59.8
      vertex -5.86099 34.4515 59.8
      vertex -5.82272 34.525 59.8
    endloop
  endfacet
  facet normal 0 0 1
    outer loop
      vertex -16.5 41.05 59.8
      vertex -5.82272 34.525 59.8
      vertex -5.77819 34.5949 59.8
    endloop
  endfacet
  facet normal 0 0 1
    outer loop
      vertex -16.5 41.05 59.8
      vertex -5.77819 34.5949 59.8
      vertex -5.72774 34.6606 59.8
    endloop
  endfacet
  facet normal 0 0 1
    outer loop
      vertex -16.5 41.05 59.8
      vertex -5.72774 34.6606 59.8
      vertex -5.67175 34.7218 59.8
    endloop
  endfacet
  facet normal 0 0 1
    outer loop
      vertex -16.5 41.05 59.8
      vertex -5.67175 34.7218 59.8
      vertex -5.61065 34.7777 59.8
    endloop
  endfacet
  facet normal 0 0 1
    outer loop
      vertex -16.5 41.05 59.8
      vertex -5.61065 34.7777 59.8
      vertex -5.5449 34.8282 59.8
    endloop
  endfacet
  facet normal -0 0 1
    outer loop
      vertex -16.5 41.05 59.8
      vertex -0.9 37.95 59.8
      vertex 16.5 41.05 59.8
    endloop
  endfacet
  facet normal 0 0 1
    outer loop
      vertex -5.475 34.8727 59.8
      vertex -16.5 41.05 59.8
      vertex -5.5449 34.8282 59.8
    endloop
  endfacet
  facet normal 0 0 1
    outer loop
      vertex -5.89271 34.3749 59.8
      vertex -16.5 41.05 59.8
      vertex -11.45 30.3 59.8
    endloop
  endfacet
  facet normal 0 0 1
    outer loop
      vertex -16.5 27.05 59.8
      vertex -11.45 30.3 59.8
      vertex -16.5 41.05 59.8
    endloop
  endfacet
  facet normal 0 0 1
    outer loop
      vertex -11.45 30.3 59.8
      vertex -16.5 27.05 59.8
      vertex -11.45 27.05 59.8
    endloop
  endfacet
  facet normal 0 0 1
    outer loop
      vertex 16.5 27.05 59.8
      vertex 11.45 30.3 59.8
      vertex 11.45 27.05 59.8
    endloop
  endfacet
  facet normal -0 0 1
    outer loop
      vertex 5.94638 33.9672 59.8
      vertex 11.45 30.3 59.8
      vertex 5.95 34.05 59.8
    endloop
  endfacet
  facet normal -0 0 1
    outer loop
      vertex 5.93557 33.885 59.8
      vertex 11.45 30.3 59.8
      vertex 5.94638 33.9672 59.8
    endloop
  endfacet
  facet normal -0 0 1
    outer loop
      vertex 5.91763 33.8041 59.8
      vertex 11.45 30.3 59.8
      vertex 5.93557 33.885 59.8
    endloop
  endfacet
  facet normal -0 0 1
    outer loop
      vertex 5.89271 33.7251 59.8
      vertex 11.45 30.3 59.8
      vertex 5.91763 33.8041 59.8
    endloop
  endfacet
  facet normal -0 0 1
    outer loop
      vertex 5.86099 33.6485 59.8
      vertex 11.45 30.3 59.8
      vertex 5.89271 33.7251 59.8
    endloop
  endfacet
  facet normal -0 0 1
    outer loop
      vertex 5.82272 33.575 59.8
      vertex 11.45 30.3 59.8
      vertex 5.86099 33.6485 59.8
    endloop
  endfacet
  facet normal -0 0 1
    outer loop
      vertex 5.77819 33.5051 59.8
      vertex 11.45 30.3 59.8
      vertex 5.82272 33.575 59.8
    endloop
  endfacet
  facet normal -0 0 1
    outer loop
      vertex 5.72774 33.4394 59.8
      vertex 11.45 30.3 59.8
      vertex 5.77819 33.5051 59.8
    endloop
  endfacet
  facet normal -0 0 1
    outer loop
      vertex 5.67175 33.3783 59.8
      vertex 11.45 30.3 59.8
      vertex 5.72774 33.4394 59.8
    endloop
  endfacet
  facet normal -0 0 1
    outer loop
      vertex 5.61065 33.3223 59.8
      vertex 11.45 30.3 59.8
      vertex 5.67175 33.3783 59.8
    endloop
  endfacet
  facet normal -0 0 1
    outer loop
      vertex 5.5449 33.2718 59.8
      vertex 11.45 30.3 59.8
      vertex 5.61065 33.3223 59.8
    endloop
  endfacet
  facet normal -0 0 1
    outer loop
      vertex 5.475 33.2273 59.8
      vertex 11.45 30.3 59.8
      vertex 5.5449 33.2718 59.8
    endloop
  endfacet
  facet normal -0 0 1
    outer loop
      vertex 5.40149 33.189 59.8
      vertex 11.45 30.3 59.8
      vertex 5.475 33.2273 59.8
    endloop
  endfacet
  facet normal -0 0 1
    outer loop
      vertex 5.32492 33.1573 59.8
      vertex 11.45 30.3 59.8
      vertex 5.40149 33.189 59.8
    endloop
  endfacet
  facet normal -0 0 1
    outer loop
      vertex 5.24588 33.1324 59.8
      vertex 11.45 30.3 59.8
      vertex 5.32492 33.1573 59.8
    endloop
  endfacet
  facet normal -0 0 1
    outer loop
      vertex 5.16497 33.1144 59.8
      vertex 11.45 30.3 59.8
      vertex 5.24588 33.1324 59.8
    endloop
  endfacet
  facet normal 0 0 1
    outer loop
      vertex 0.9 30.3 59.8
      vertex 5.16497 33.1144 59.8
      vertex 5.0828 33.1036 59.8
    endloop
  endfacet
  facet normal 0 0 1
    outer loop
      vertex 0.9 30.3 59.8
      vertex 5.0828 33.1036 59.8
      vertex 5 33.1 59.8
    endloop
  endfacet
  facet normal 0 0 1
    outer loop
      vertex 0.9 30.3 59.8
      vertex 5 33.1 59.8
      vertex 4.9172 33.1036 59.8
    endloop
  endfacet
  facet normal 0 0 1
    outer loop
      vertex 0.9 30.3 59.8
      vertex 4.9172 33.1036 59.8
      vertex 4.83503 33.1144 59.8
    endloop
  endfacet
  facet normal 0 0 1
    outer loop
      vertex 0.9 30.3 59.8
      vertex 4.83503 33.1144 59.8
      vertex 4.75412 33.1324 59.8
    endloop
  endfacet
  facet normal 0 0 1
    outer loop
      vertex 0.9 30.3 59.8
      vertex 4.75412 33.1324 59.8
      vertex 4.67508 33.1573 59.8
    endloop
  endfacet
  facet normal 0 0 1
    outer loop
      vertex 0.9 30.3 59.8
      vertex 4.67508 33.1573 59.8
      vertex 4.59851 33.189 59.8
    endloop
  endfacet
  facet normal 0 0 1
    outer loop
      vertex 0.9 30.3 59.8
      vertex 4.05 34.05 59.8
      vertex 0.9 37.95 59.8
    endloop
  endfacet
  facet normal 0 0 1
    outer loop
      vertex 4.05 34.05 59.8
      vertex 0.9 30.3 59.8
      vertex 4.05361 33.9672 59.8
    endloop
  endfacet
  facet normal 0 0 1
    outer loop
      vertex 4.05361 33.9672 59.8
      vertex 0.9 30.3 59.8
      vertex 4.06443 33.885 59.8
    endloop
  endfacet
  facet normal 0 0 1
    outer loop
      vertex 4.06443 33.885 59.8
      vertex 0.9 30.3 59.8
      vertex 4.08237 33.8041 59.8
    endloop
  endfacet
  facet normal 0 0 1
    outer loop
      vertex 4.08237 33.8041 59.8
      vertex 0.9 30.3 59.8
      vertex 4.10729 33.7251 59.8
    endloop
  endfacet
  facet normal 0 0 1
    outer loop
      vertex 4.10729 33.7251 59.8
      vertex 0.9 30.3 59.8
      vertex 4.13901 33.6485 59.8
    endloop
  endfacet
  facet normal 0 0 1
    outer loop
      vertex 4.13901 33.6485 59.8
      vertex 0.9 30.3 59.8
      vertex 4.17728 33.575 59.8
    endloop
  endfacet
  facet normal 0 0 1
    outer loop
      vertex 5.16497 33.1144 59.8
      vertex 0.9 30.3 59.8
      vertex 11.45 30.3 59.8
    endloop
  endfacet
  facet normal 0 0 1
    outer loop
      vertex 4.525 33.2273 59.8
      vertex 0.9 30.3 59.8
      vertex 4.59851 33.189 59.8
    endloop
  endfacet
  facet normal 0 0 1
    outer loop
      vertex 4.4551 33.2718 59.8
      vertex 0.9 30.3 59.8
      vertex 4.525 33.2273 59.8
    endloop
  endfacet
  facet normal 0 0 1
    outer loop
      vertex 4.38935 33.3223 59.8
      vertex 0.9 30.3 59.8
      vertex 4.4551 33.2718 59.8
    endloop
  endfacet
  facet normal 0 0 1
    outer loop
      vertex 4.32825 33.3783 59.8
      vertex 0.9 30.3 59.8
      vertex 4.38935 33.3223 59.8
    endloop
  endfacet
  facet normal 0 0 1
    outer loop
      vertex 4.27226 33.4394 59.8
      vertex 0.9 30.3 59.8
      vertex 4.32825 33.3783 59.8
    endloop
  endfacet
  facet normal 0 0 1
    outer loop
      vertex 4.2218 33.5051 59.8
      vertex 0.9 30.3 59.8
      vertex 4.27226 33.4394 59.8
    endloop
  endfacet
  facet normal 0 0 1
    outer loop
      vertex 4.17728 33.575 59.8
      vertex 0.9 30.3 59.8
      vertex 4.2218 33.5051 59.8
    endloop
  endfacet
  facet normal -0 0 1
    outer loop
      vertex -4.05361 33.9672 59.8
      vertex -0.9 30.3 59.8
      vertex -4.05 34.05 59.8
    endloop
  endfacet
  facet normal -0 0 1
    outer loop
      vertex -4.06443 33.885 59.8
      vertex -0.9 30.3 59.8
      vertex -4.05361 33.9672 59.8
    endloop
  endfacet
  facet normal -0 0 1
    outer loop
      vertex -4.08237 33.8041 59.8
      vertex -0.9 30.3 59.8
      vertex -4.06443 33.885 59.8
    endloop
  endfacet
  facet normal -0 0 1
    outer loop
      vertex -4.10729 33.7251 59.8
      vertex -0.9 30.3 59.8
      vertex -4.08237 33.8041 59.8
    endloop
  endfacet
  facet normal -0 0 1
    outer loop
      vertex -4.13901 33.6485 59.8
      vertex -0.9 30.3 59.8
      vertex -4.10729 33.7251 59.8
    endloop
  endfacet
  facet normal -0 0 1
    outer loop
      vertex -4.17728 33.575 59.8
      vertex -0.9 30.3 59.8
      vertex -4.13901 33.6485 59.8
    endloop
  endfacet
  facet normal -0 0 1
    outer loop
      vertex -4.2218 33.5051 59.8
      vertex -0.9 30.3 59.8
      vertex -4.17728 33.575 59.8
    endloop
  endfacet
  facet normal -0 0 1
    outer loop
      vertex -4.27226 33.4394 59.8
      vertex -0.9 30.3 59.8
      vertex -4.2218 33.5051 59.8
    endloop
  endfacet
  facet normal -0 0 1
    outer loop
      vertex -4.32825 33.3783 59.8
      vertex -0.9 30.3 59.8
      vertex -4.27226 33.4394 59.8
    endloop
  endfacet
  facet normal -0 0 1
    outer loop
      vertex -4.38935 33.3223 59.8
      vertex -0.9 30.3 59.8
      vertex -4.32825 33.3783 59.8
    endloop
  endfacet
  facet normal -0 0 1
    outer loop
      vertex -4.4551 33.2718 59.8
      vertex -0.9 30.3 59.8
      vertex -4.38935 33.3223 59.8
    endloop
  endfacet
  facet normal -0 0 1
    outer loop
      vertex -4.525 33.2273 59.8
      vertex -0.9 30.3 59.8
      vertex -4.4551 33.2718 59.8
    endloop
  endfacet
  facet normal -0 0 1
    outer loop
      vertex -4.59851 33.189 59.8
      vertex -0.9 30.3 59.8
      vertex -4.525 33.2273 59.8
    endloop
  endfacet
  facet normal -0 0 1
    outer loop
      vertex -4.67508 33.1573 59.8
      vertex -0.9 30.3 59.8
      vertex -4.59851 33.189 59.8
    endloop
  endfacet
  facet normal -0 0 1
    outer loop
      vertex -4.75412 33.1324 59.8
      vertex -0.9 30.3 59.8
      vertex -4.67508 33.1573 59.8
    endloop
  endfacet
  facet normal -0 0 1
    outer loop
      vertex -4.83503 33.1144 59.8
      vertex -0.9 30.3 59.8
      vertex -4.75412 33.1324 59.8
    endloop
  endfacet
  facet normal -0 0 1
    outer loop
      vertex -4.9172 33.1036 59.8
      vertex -0.9 30.3 59.8
      vertex -4.83503 33.1144 59.8
    endloop
  endfacet
  facet normal -0 0 1
    outer loop
      vertex -5 33.1 59.8
      vertex -0.9 30.3 59.8
      vertex -4.9172 33.1036 59.8
    endloop
  endfacet
  facet normal 0 0 1
    outer loop
      vertex -5.0828 33.1036 59.8
      vertex -0.9 30.3 59.8
      vertex -5 33.1 59.8
    endloop
  endfacet
  facet normal 0 0 1
    outer loop
      vertex -5.16497 33.1144 59.8
      vertex -0.9 30.3 59.8
      vertex -5.0828 33.1036 59.8
    endloop
  endfacet
  facet normal 0 0 1
    outer loop
      vertex -11.45 30.3 59.8
      vertex -5.16497 33.1144 59.8
      vertex -5.24588 33.1324 59.8
    endloop
  endfacet
  facet normal 0 0 1
    outer loop
      vertex -11.45 30.3 59.8
      vertex -5.24588 33.1324 59.8
      vertex -5.32492 33.1573 59.8
    endloop
  endfacet
  facet normal 0 0 1
    outer loop
      vertex -11.45 30.3 59.8
      vertex -5.32492 33.1573 59.8
      vertex -5.40149 33.189 59.8
    endloop
  endfacet
  facet normal 0 0 1
    outer loop
      vertex -11.45 30.3 59.8
      vertex -5.40149 33.189 59.8
      vertex -5.475 33.2273 59.8
    endloop
  endfacet
  facet normal 0 0 1
    outer loop
      vertex -11.45 30.3 59.8
      vertex -5.475 33.2273 59.8
      vertex -5.5449 33.2718 59.8
    endloop
  endfacet
  facet normal 0 0 1
    outer loop
      vertex -5.16497 33.1144 59.8
      vertex -11.45 30.3 59.8
      vertex -0.9 30.3 59.8
    endloop
  endfacet
  facet normal 0 0 1
    outer loop
      vertex -5.61065 33.3223 59.8
      vertex -11.45 30.3 59.8
      vertex -5.5449 33.2718 59.8
    endloop
  endfacet
  facet normal 0 0 1
    outer loop
      vertex -5.67175 33.3783 59.8
      vertex -11.45 30.3 59.8
      vertex -5.61065 33.3223 59.8
    endloop
  endfacet
  facet normal 0 0 1
    outer loop
      vertex -5.72774 33.4394 59.8
      vertex -11.45 30.3 59.8
      vertex -5.67175 33.3783 59.8
    endloop
  endfacet
  facet normal 0 0 1
    outer loop
      vertex -5.77819 33.5051 59.8
      vertex -11.45 30.3 59.8
      vertex -5.72774 33.4394 59.8
    endloop
  endfacet
  facet normal 0 0 1
    outer loop
      vertex -5.82272 33.575 59.8
      vertex -11.45 30.3 59.8
      vertex -5.77819 33.5051 59.8
    endloop
  endfacet
  facet normal 0 0 1
    outer loop
      vertex -5.86099 33.6485 59.8
      vertex -11.45 30.3 59.8
      vertex -5.82272 33.575 59.8
    endloop
  endfacet
  facet normal 0 0 1
    outer loop
      vertex -5.89271 33.7251 59.8
      vertex -11.45 30.3 59.8
      vertex -5.86099 33.6485 59.8
    endloop
  endfacet
  facet normal 0 0 1
    outer loop
      vertex -5.91763 33.8041 59.8
      vertex -11.45 30.3 59.8
      vertex -5.89271 33.7251 59.8
    endloop
  endfacet
  facet normal 0 0 1
    outer loop
      vertex -5.93557 33.885 59.8
      vertex -11.45 30.3 59.8
      vertex -5.91763 33.8041 59.8
    endloop
  endfacet
  facet normal 0 0 1
    outer loop
      vertex -5.94638 33.9672 59.8
      vertex -11.45 30.3 59.8
      vertex -5.93557 33.885 59.8
    endloop
  endfacet
  facet normal 0 0 1
    outer loop
      vertex -11.45 30.3 59.8
      vertex -5.94638 33.9672 59.8
      vertex -5.95 34.05 59.8
    endloop
  endfacet
  facet normal 0 -1 0
    outer loop
      vertex 11.45 27.05 57.8
      vertex 16.5 27.05 59.8
      vertex 11.45 27.05 59.8
    endloop
  endfacet
  facet normal 0 -1 -0
    outer loop
      vertex 16.5 27.05 59.8
      vertex 11.45 27.05 57.8
      vertex 16.5 27.05 57.8
    endloop
  endfacet
  facet normal 0 -1 0
    outer loop
      vertex -16.5 27.05 57.8
      vertex -11.45 27.05 59.8
      vertex -16.5 27.05 59.8
    endloop
  endfacet
  facet normal 0 -1 -0
    outer loop
      vertex -11.45 27.05 59.8
      vertex -16.5 27.05 57.8
      vertex -11.45 27.05 57.8
    endloop
  endfacet
  facet normal 0 1 -0
    outer loop
      vertex 16.5 41.05 52.8
      vertex -16.5 41.05 59.8
      vertex 16.5 41.05 59.8
    endloop
  endfacet
  facet normal 0 1 0
    outer loop
      vertex -16.5 41.05 59.8
      vertex 16.5 41.05 52.8
      vertex -16.5 41.05 52.8
    endloop
  endfacet
  facet normal -0 0 1
    outer loop
      vertex -16.5 27.05 57.8
      vertex -11.45 -7.05 57.8
      vertex -11.45 27.05 57.8
    endloop
  endfacet
  facet normal 0 0 1
    outer loop
      vertex -11.45 -7.05 57.8
      vertex -16.5 27.05 57.8
      vertex -16.5 -7.05 57.8
    endloop
  endfacet
  facet normal -0 0 1
    outer loop
      vertex 11.45 27.05 57.8
      vertex 16.5 -7.05 57.8
      vertex 16.5 27.05 57.8
    endloop
  endfacet
  facet normal 0 0 1
    outer loop
      vertex 16.5 -7.05 57.8
      vertex 11.45 27.05 57.8
      vertex 11.45 -7.05 57.8
    endloop
  endfacet
  facet normal -1 0 0
    outer loop
      vertex -16.2 -17.95 39.3
      vertex -16.2 -13.45 52.8
      vertex -16.2 -13.45 39.3
    endloop
  endfacet
  facet normal -1 -0 0
    outer loop
      vertex -16.2 -13.45 52.8
      vertex -16.2 -17.95 39.3
      vertex -16.2 -17.95 52.8
    endloop
  endfacet
  facet normal 1 -0 0
    outer loop
      vertex -11.7 -17.95 52.8
      vertex -11.7 -13.45 39.3
      vertex -11.7 -13.45 52.8
    endloop
  endfacet
  facet normal 1 0 0
    outer loop
      vertex -11.7 -13.45 39.3
      vertex -11.7 -17.95 52.8
      vertex -11.7 -17.95 39.3
    endloop
  endfacet
  facet normal 0 1 -0
    outer loop
      vertex -11.7 -13.45 39.3
      vertex -16.2 -13.45 52.8
      vertex -11.7 -13.45 52.8
    endloop
  endfacet
  facet normal 0 1 0
    outer loop
      vertex -16.2 -13.45 52.8
      vertex -11.7 -13.45 39.3
      vertex -16.2 -13.45 39.3
    endloop
  endfacet
  facet normal 0 -1 0
    outer loop
      vertex -16.2 -17.95 39.3
      vertex -11.7 -17.95 52.8
      vertex -16.2 -17.95 52.8
    endloop
  endfacet
  facet normal 0 -1 -0
    outer loop
      vertex -11.7 -17.95 52.8
      vertex -16.2 -17.95 39.3
      vertex -11.7 -17.95 39.3
    endloop
  endfacet
  facet normal -1 0 0
    outer loop
      vertex -16.2 13.45 39.3
      vertex -16.2 17.95 52.8
      vertex -16.2 17.95 39.3
    endloop
  endfacet
  facet normal -1 -0 0
    outer loop
      vertex -16.2 17.95 52.8
      vertex -16.2 13.45 39.3
      vertex -16.2 13.45 52.8
    endloop
  endfacet
  facet normal 1 -0 0
    outer loop
      vertex -11.7 13.45 52.8
      vertex -11.7 17.95 39.3
      vertex -11.7 17.95 52.8
    endloop
  endfacet
  facet normal 1 0 0
    outer loop
      vertex -11.7 17.95 39.3
      vertex -11.7 13.45 52.8
      vertex -11.7 13.45 39.3
    endloop
  endfacet
  facet normal 0 1 -0
    outer loop
      vertex -11.7 17.95 39.3
      vertex -16.2 17.95 52.8
      vertex -11.7 17.95 52.8
    endloop
  endfacet
  facet normal 0 1 0
    outer loop
      vertex -16.2 17.95 52.8
      vertex -11.7 17.95 39.3
      vertex -16.2 17.95 39.3
    endloop
  endfacet
  facet normal 0 -1 0
    outer loop
      vertex -16.2 13.45 39.3
      vertex -11.7 13.45 52.8
      vertex -16.2 13.45 52.8
    endloop
  endfacet
  facet normal 0 -1 -0
    outer loop
      vertex -11.7 13.45 52.8
      vertex -16.2 13.45 39.3
      vertex -11.7 13.45 39.3
    endloop
  endfacet
  facet normal -1 0 0
    outer loop
      vertex 11.7 -17.95 39.3
      vertex 11.7 -13.45 52.8
      vertex 11.7 -13.45 39.3
    endloop
  endfacet
  facet normal -1 -0 0
    outer loop
      vertex 11.7 -13.45 52.8
      vertex 11.7 -17.95 39.3
      vertex 11.7 -17.95 52.8
    endloop
  endfacet
  facet normal 1 -0 0
    outer loop
      vertex 16.2 -17.95 52.8
      vertex 16.2 -13.45 39.3
      vertex 16.2 -13.45 52.8
    endloop
  endfacet
  facet normal 1 0 0
    outer loop
      vertex 16.2 -13.45 39.3
      vertex 16.2 -17.95 52.8
      vertex 16.2 -17.95 39.3
    endloop
  endfacet
  facet normal 0 1 -0
    outer loop
      vertex 16.2 -13.45 39.3
      vertex 11.7 -13.45 52.8
      vertex 16.2 -13.45 52.8
    endloop
  endfacet
  facet normal 0 1 0
    outer loop
      vertex 11.7 -13.45 52.8
      vertex 16.2 -13.45 39.3
      vertex 11.7 -13.45 39.3
    endloop
  endfacet
  facet normal 0 -1 0
    outer loop
      vertex 11.7 -17.95 39.3
      vertex 16.2 -17.95 52.8
      vertex 11.7 -17.95 52.8
    endloop
  endfacet
  facet normal 0 -1 -0
    outer loop
      vertex 16.2 -17.95 52.8
      vertex 11.7 -17.95 39.3
      vertex 16.2 -17.95 39.3
    endloop
  endfacet
  facet normal -1 0 0
    outer loop
      vertex 11.7 13.45 39.3
      vertex 11.7 17.95 52.8
      vertex 11.7 17.95 39.3
    endloop
  endfacet
  facet normal -1 -0 0
    outer loop
      vertex 11.7 17.95 52.8
      vertex 11.7 13.45 39.3
      vertex 11.7 13.45 52.8
    endloop
  endfacet
  facet normal 1 -0 0
    outer loop
      vertex 16.2 13.45 52.8
      vertex 16.2 17.95 39.3
      vertex 16.2 17.95 52.8
    endloop
  endfacet
  facet normal 1 0 0
    outer loop
      vertex 16.2 17.95 39.3
      vertex 16.2 13.45 52.8
      vertex 16.2 13.45 39.3
    endloop
  endfacet
  facet normal 0 1 -0
    outer loop
      vertex 16.2 17.95 39.3
      vertex 11.7 17.95 52.8
      vertex 16.2 17.95 52.8
    endloop
  endfacet
  facet normal 0 1 0
    outer loop
      vertex 11.7 17.95 52.8
      vertex 16.2 17.95 39.3
      vertex 11.7 17.95 39.3
    endloop
  endfacet
  facet normal 0 -1 0
    outer loop
      vertex 11.7 13.45 39.3
      vertex 16.2 13.45 52.8
      vertex 11.7 13.45 52.8
    endloop
  endfacet
  facet normal 0 -1 -0
    outer loop
      vertex 16.2 13.45 52.8
      vertex 11.7 13.45 39.3
      vertex 16.2 13.45 39.3
    endloop
  endfacet
  facet normal 1 -0 0
    outer loop
      vertex -0.9 -17.95 59.8
      vertex -0.9 -10.3 56.5
      vertex -0.9 -10.3 59.8
    endloop
  endfacet
  facet normal 1 0 0
    outer loop
      vertex -0.9 -10.3 56.5
      vertex -0.9 -17.95 59.8
      vertex -0.9 -17.95 56.5
    endloop
  endfacet
  facet normal -1 0 0
    outer loop
      vertex 0.9 -17.95 56.5
      vertex 0.9 -10.3 59.8
      vertex 0.9 -10.3 56.5
    endloop
  endfacet
  facet normal -1 -0 0
    outer loop
      vertex 0.9 -10.3 59.8
      vertex 0.9 -17.95 56.5
      vertex 0.9 -17.95 59.8
    endloop
  endfacet
  facet normal -0 0 1
    outer loop
      vertex -0.9 -10.3 56.5
      vertex 0.9 -17.95 56.5
      vertex 0.9 -10.3 56.5
    endloop
  endfacet
  facet normal 0 0 1
    outer loop
      vertex 0.9 -17.95 56.5
      vertex -0.9 -10.3 56.5
      vertex -0.9 -17.95 56.5
    endloop
  endfacet
  facet normal 0 1 -0
    outer loop
      vertex 0.9 -17.95 56.5
      vertex -0.9 -17.95 59.8
      vertex 0.9 -17.95 59.8
    endloop
  endfacet
  facet normal 0 1 0
    outer loop
      vertex -0.9 -17.95 59.8
      vertex 0.9 -17.95 56.5
      vertex -0.9 -17.95 56.5
    endloop
  endfacet
  facet normal 1 -0 0
    outer loop
      vertex -0.9 30.3 59.8
      vertex -0.9 37.95 56.5
      vertex -0.9 37.95 59.8
    endloop
  endfacet
  facet normal 1 0 0
    outer loop
      vertex -0.9 37.95 56.5
      vertex -0.9 30.3 59.8
      vertex -0.9 30.3 56.5
    endloop
  endfacet
  facet normal -1 0 0
    outer loop
      vertex 0.9 30.3 56.5
      vertex 0.9 37.95 59.8
      vertex 0.9 37.95 56.5
    endloop
  endfacet
  facet normal -1 -0 0
    outer loop
      vertex 0.9 37.95 59.8
      vertex 0.9 30.3 56.5
      vertex 0.9 30.3 59.8
    endloop
  endfacet
  facet normal 0 -1 0
    outer loop
      vertex -0.9 37.95 56.5
      vertex 0.9 37.95 59.8
      vertex -0.9 37.95 59.8
    endloop
  endfacet
  facet normal 0 -1 -0
    outer loop
      vertex 0.9 37.95 59.8
      vertex -0.9 37.95 56.5
      vertex 0.9 37.95 56.5
    endloop
  endfacet
  facet normal -0 0 1
    outer loop
      vertex -0.9 37.95 56.5
      vertex 0.9 30.3 56.5
      vertex 0.9 37.95 56.5
    endloop
  endfacet
  facet normal 0 0 1
    outer loop
      vertex 0.9 30.3 56.5
      vertex -0.9 37.95 56.5
      vertex -0.9 30.3 56.5
    endloop
  endfacet
  facet normal -0.609128 -0.793072 0
    outer loop
      vertex -4.4551 -13.2718 52.8
      vertex -4.38935 -13.3223 59.8
      vertex -4.4551 -13.2718 59.8
    endloop
  endfacet
  facet normal -0.609128 -0.793072 -0
    outer loop
      vertex -4.38935 -13.3223 59.8
      vertex -4.4551 -13.2718 52.8
      vertex -4.38935 -13.3223 52.8
    endloop
  endfacet
  facet normal 0.382515 -0.923949 0
    outer loop
      vertex -5.40149 -13.189 52.8
      vertex -5.32492 -13.1573 59.8
      vertex -5.40149 -13.189 59.8
    endloop
  endfacet
  facet normal 0.382515 -0.923949 0
    outer loop
      vertex -5.32492 -13.1573 59.8
      vertex -5.40149 -13.189 52.8
      vertex -5.32492 -13.1573 52.8
    endloop
  endfacet
  facet normal 0.923917 -0.382593 0
    outer loop
      vertex -5.89271 -13.7251 59.8
      vertex -5.86099 -13.6485 52.8
      vertex -5.86099 -13.6485 59.8
    endloop
  endfacet
  facet normal 0.923917 -0.382593 0
    outer loop
      vertex -5.86099 -13.6485 52.8
      vertex -5.89271 -13.7251 59.8
      vertex -5.89271 -13.7251 52.8
    endloop
  endfacet
  facet normal -0.923917 0.382593 0
    outer loop
      vertex -4.13901 -14.4515 52.8
      vertex -4.10729 -14.3749 59.8
      vertex -4.10729 -14.3749 52.8
    endloop
  endfacet
  facet normal -0.923917 0.382593 0
    outer loop
      vertex -4.10729 -14.3749 59.8
      vertex -4.13901 -14.4515 52.8
      vertex -4.13901 -14.4515 59.8
    endloop
  endfacet
  facet normal 0.462063 0.886847 -0
    outer loop
      vertex -5.40149 -14.911 52.8
      vertex -5.475 -14.8727 59.8
      vertex -5.40149 -14.911 59.8
    endloop
  endfacet
  facet normal 0.462063 0.886847 0
    outer loop
      vertex -5.475 -14.8727 59.8
      vertex -5.40149 -14.911 52.8
      vertex -5.475 -14.8727 52.8
    endloop
  endfacet
  facet normal -0.923917 -0.382593 0
    outer loop
      vertex -4.10729 -13.7251 52.8
      vertex -4.13901 -13.6485 59.8
      vertex -4.13901 -13.6485 52.8
    endloop
  endfacet
  facet normal -0.923917 -0.382593 0
    outer loop
      vertex -4.13901 -13.6485 59.8
      vertex -4.10729 -13.7251 52.8
      vertex -4.10729 -13.7251 59.8
    endloop
  endfacet
  facet normal -0.88697 -0.461828 0
    outer loop
      vertex -4.13901 -13.6485 52.8
      vertex -4.17728 -13.575 59.8
      vertex -4.17728 -13.575 52.8
    endloop
  endfacet
  facet normal -0.88697 -0.461828 0
    outer loop
      vertex -4.17728 -13.575 59.8
      vertex -4.13901 -13.6485 52.8
      vertex -4.13901 -13.6485 59.8
    endloop
  endfacet
  facet normal -0.382515 -0.923949 0
    outer loop
      vertex -4.67508 -13.1573 52.8
      vertex -4.59851 -13.189 59.8
      vertex -4.67508 -13.1573 59.8
    endloop
  endfacet
  facet normal -0.382515 -0.923949 -0
    outer loop
      vertex -4.59851 -13.189 59.8
      vertex -4.67508 -13.1573 52.8
      vertex -4.59851 -13.189 52.8
    endloop
  endfacet
  facet normal 0.991463 -0.130386 0
    outer loop
      vertex -5.94638 -13.9672 59.8
      vertex -5.93557 -13.885 52.8
      vertex -5.93557 -13.885 59.8
    endloop
  endfacet
  facet normal 0.991463 -0.130386 0
    outer loop
      vertex -5.93557 -13.885 52.8
      vertex -5.94638 -13.9672 59.8
      vertex -5.94638 -13.9672 52.8
    endloop
  endfacet
  facet normal 0.737814 -0.675004 0
    outer loop
      vertex -5.72774 -13.4394 59.8
      vertex -5.67175 -13.3782 52.8
      vertex -5.67175 -13.3782 59.8
    endloop
  endfacet
  facet normal 0.737814 -0.675004 0
    outer loop
      vertex -5.67175 -13.3782 52.8
      vertex -5.72774 -13.4394 59.8
      vertex -5.72774 -13.4394 52.8
    endloop
  endfacet
  facet normal 0.21716 -0.976136 0
    outer loop
      vertex -5.24588 -13.1324 52.8
      vertex -5.16497 -13.1144 59.8
      vertex -5.24588 -13.1324 59.8
    endloop
  endfacet
  facet normal 0.21716 -0.976136 0
    outer loop
      vertex -5.16497 -13.1144 59.8
      vertex -5.24588 -13.1324 52.8
      vertex -5.16497 -13.1144 52.8
    endloop
  endfacet
  facet normal -0.999051 0.0435577 0
    outer loop
      vertex -4.05361 -14.1328 52.8
      vertex -4.05 -14.05 59.8
      vertex -4.05 -14.05 52.8
    endloop
  endfacet
  facet normal -0.999051 0.0435577 0
    outer loop
      vertex -4.05 -14.05 59.8
      vertex -4.05361 -14.1328 52.8
      vertex -4.05361 -14.1328 59.8
    endloop
  endfacet
  facet normal -0.737814 0.675004 0
    outer loop
      vertex -4.32825 -14.7218 52.8
      vertex -4.27226 -14.6606 59.8
      vertex -4.27226 -14.6606 52.8
    endloop
  endfacet
  facet normal -0.737814 0.675004 0
    outer loop
      vertex -4.27226 -14.6606 59.8
      vertex -4.32825 -14.7218 52.8
      vertex -4.32825 -14.7218 59.8
    endloop
  endfacet
  facet normal 0.21716 0.976136 -0
    outer loop
      vertex -5.16497 -14.9856 52.8
      vertex -5.24588 -14.9676 59.8
      vertex -5.16497 -14.9856 59.8
    endloop
  endfacet
  facet normal 0.21716 0.976136 0
    outer loop
      vertex -5.24588 -14.9676 59.8
      vertex -5.16497 -14.9856 52.8
      vertex -5.24588 -14.9676 52.8
    endloop
  endfacet
  facet normal 0.675013 0.737805 -0
    outer loop
      vertex -5.61065 -14.7777 52.8
      vertex -5.67175 -14.7218 59.8
      vertex -5.61065 -14.7777 59.8
    endloop
  endfacet
  facet normal 0.675013 0.737805 0
    outer loop
      vertex -5.67175 -14.7218 59.8
      vertex -5.61065 -14.7777 52.8
      vertex -5.67175 -14.7218 52.8
    endloop
  endfacet
  facet normal -0.991448 -0.130504 0
    outer loop
      vertex -4.05361 -13.9672 52.8
      vertex -4.06443 -13.885 59.8
      vertex -4.06443 -13.885 52.8
    endloop
  endfacet
  facet normal -0.991448 -0.130504 0
    outer loop
      vertex -4.06443 -13.885 59.8
      vertex -4.05361 -13.9672 52.8
      vertex -4.05361 -13.9672 59.8
    endloop
  endfacet
  facet normal -0.976284 -0.216496 0
    outer loop
      vertex -4.06443 -13.885 52.8
      vertex -4.08237 -13.8041 59.8
      vertex -4.08237 -13.8041 52.8
    endloop
  endfacet
  facet normal -0.976284 -0.216496 0
    outer loop
      vertex -4.08237 -13.8041 59.8
      vertex -4.06443 -13.885 52.8
      vertex -4.06443 -13.885 59.8
    endloop
  endfacet
  facet normal -0.953677 -0.300831 0
    outer loop
      vertex -4.08237 -13.8041 52.8
      vertex -4.10729 -13.7251 59.8
      vertex -4.10729 -13.7251 52.8
    endloop
  endfacet
  facet normal -0.953677 -0.300831 0
    outer loop
      vertex -4.10729 -13.7251 59.8
      vertex -4.08237 -13.8041 52.8
      vertex -4.08237 -13.8041 59.8
    endloop
  endfacet
  facet normal -0.737814 -0.675004 0
    outer loop
      vertex -4.27226 -13.4394 52.8
      vertex -4.32825 -13.3782 59.8
      vertex -4.32825 -13.3782 52.8
    endloop
  endfacet
  facet normal -0.737814 -0.675004 0
    outer loop
      vertex -4.32825 -13.3782 59.8
      vertex -4.27226 -13.4394 52.8
      vertex -4.27226 -13.4394 59.8
    endloop
  endfacet
  facet normal -0.793081 -0.609116 0
    outer loop
      vertex -4.2218 -13.5051 52.8
      vertex -4.27226 -13.4394 59.8
      vertex -4.27226 -13.4394 52.8
    endloop
  endfacet
  facet normal -0.793081 -0.609116 0
    outer loop
      vertex -4.27226 -13.4394 59.8
      vertex -4.2218 -13.5051 52.8
      vertex -4.2218 -13.5051 59.8
    endloop
  endfacet
  facet normal -0.675013 -0.737805 0
    outer loop
      vertex -4.38935 -13.3223 52.8
      vertex -4.32825 -13.3782 59.8
      vertex -4.38935 -13.3223 59.8
    endloop
  endfacet
  facet normal -0.675013 -0.737805 -0
    outer loop
      vertex -4.32825 -13.3782 59.8
      vertex -4.38935 -13.3223 52.8
      vertex -4.32825 -13.3782 52.8
    endloop
  endfacet
  facet normal -0.537032 -0.843562 0
    outer loop
      vertex -4.525 -13.2273 52.8
      vertex -4.4551 -13.2718 59.8
      vertex -4.525 -13.2273 59.8
    endloop
  endfacet
  facet normal -0.537032 -0.843562 -0
    outer loop
      vertex -4.4551 -13.2718 59.8
      vertex -4.525 -13.2273 52.8
      vertex -4.4551 -13.2718 52.8
    endloop
  endfacet
  facet normal -0.0434372 -0.999056 0
    outer loop
      vertex -5 -13.1 52.8
      vertex -4.9172 -13.1036 59.8
      vertex -5 -13.1 59.8
    endloop
  endfacet
  facet normal -0.0434372 -0.999056 -0
    outer loop
      vertex -4.9172 -13.1036 59.8
      vertex -5 -13.1 52.8
      vertex -4.9172 -13.1036 52.8
    endloop
  endfacet
  facet normal -0.462063 -0.886847 0
    outer loop
      vertex -4.59851 -13.189 52.8
      vertex -4.525 -13.2273 59.8
      vertex -4.59851 -13.189 59.8
    endloop
  endfacet
  facet normal -0.462063 -0.886847 -0
    outer loop
      vertex -4.525 -13.2273 59.8
      vertex -4.59851 -13.189 52.8
      vertex -4.525 -13.2273 52.8
    endloop
  endfacet
  facet normal -0.300473 -0.95379 0
    outer loop
      vertex -4.75412 -13.1324 52.8
      vertex -4.67508 -13.1573 59.8
      vertex -4.75412 -13.1324 59.8
    endloop
  endfacet
  facet normal -0.300473 -0.95379 -0
    outer loop
      vertex -4.67508 -13.1573 59.8
      vertex -4.75412 -13.1324 52.8
      vertex -4.67508 -13.1573 52.8
    endloop
  endfacet
  facet normal -0.21716 -0.976136 0
    outer loop
      vertex -4.83503 -13.1144 52.8
      vertex -4.75412 -13.1324 59.8
      vertex -4.83503 -13.1144 59.8
    endloop
  endfacet
  facet normal -0.21716 -0.976136 -0
    outer loop
      vertex -4.75412 -13.1324 59.8
      vertex -4.83503 -13.1144 52.8
      vertex -4.75412 -13.1324 52.8
    endloop
  endfacet
  facet normal 0.999046 -0.0436781 0
    outer loop
      vertex -5.95 -14.05 59.8
      vertex -5.94638 -13.9672 52.8
      vertex -5.94638 -13.9672 59.8
    endloop
  endfacet
  facet normal 0.999046 -0.0436781 0
    outer loop
      vertex -5.94638 -13.9672 52.8
      vertex -5.95 -14.05 59.8
      vertex -5.95 -14.05 52.8
    endloop
  endfacet
  facet normal 0.953677 -0.300831 0
    outer loop
      vertex -5.91763 -13.8041 59.8
      vertex -5.89271 -13.7251 52.8
      vertex -5.89271 -13.7251 59.8
    endloop
  endfacet
  facet normal 0.953677 -0.300831 0
    outer loop
      vertex -5.89271 -13.7251 52.8
      vertex -5.91763 -13.8041 59.8
      vertex -5.91763 -13.8041 52.8
    endloop
  endfacet
  facet normal 0.976284 -0.216496 0
    outer loop
      vertex -5.93557 -13.885 59.8
      vertex -5.91763 -13.8041 52.8
      vertex -5.91763 -13.8041 59.8
    endloop
  endfacet
  facet normal 0.976284 -0.216496 0
    outer loop
      vertex -5.91763 -13.8041 52.8
      vertex -5.93557 -13.885 59.8
      vertex -5.93557 -13.885 52.8
    endloop
  endfacet
  facet normal 0.79314 -0.60904 0
    outer loop
      vertex -5.77819 -13.5051 59.8
      vertex -5.72774 -13.4394 52.8
      vertex -5.72774 -13.4394 59.8
    endloop
  endfacet
  facet normal 0.79314 -0.60904 0
    outer loop
      vertex -5.72774 -13.4394 52.8
      vertex -5.77819 -13.5051 59.8
      vertex -5.77819 -13.5051 52.8
    endloop
  endfacet
  facet normal 0.300473 -0.95379 0
    outer loop
      vertex -5.32492 -13.1573 52.8
      vertex -5.24588 -13.1324 59.8
      vertex -5.32492 -13.1573 59.8
    endloop
  endfacet
  facet normal 0.300473 -0.95379 0
    outer loop
      vertex -5.24588 -13.1324 59.8
      vertex -5.32492 -13.1573 52.8
      vertex -5.24588 -13.1324 52.8
    endloop
  endfacet
  facet normal 0.130314 -0.991473 0
    outer loop
      vertex -5.16497 -13.1144 52.8
      vertex -5.0828 -13.1036 59.8
      vertex -5.16497 -13.1144 59.8
    endloop
  endfacet
  facet normal 0.130314 -0.991473 0
    outer loop
      vertex -5.0828 -13.1036 59.8
      vertex -5.16497 -13.1144 52.8
      vertex -5.0828 -13.1036 52.8
    endloop
  endfacet
  facet normal 0.537032 -0.843562 0
    outer loop
      vertex -5.5449 -13.2718 52.8
      vertex -5.475 -13.2273 59.8
      vertex -5.5449 -13.2718 59.8
    endloop
  endfacet
  facet normal 0.537032 -0.843562 0
    outer loop
      vertex -5.475 -13.2273 59.8
      vertex -5.5449 -13.2718 52.8
      vertex -5.475 -13.2273 52.8
    endloop
  endfacet
  facet normal 0.609128 -0.793072 0
    outer loop
      vertex -5.61065 -13.3223 52.8
      vertex -5.5449 -13.2718 59.8
      vertex -5.61065 -13.3223 59.8
    endloop
  endfacet
  facet normal 0.609128 -0.793072 0
    outer loop
      vertex -5.5449 -13.2718 59.8
      vertex -5.61065 -13.3223 52.8
      vertex -5.5449 -13.2718 52.8
    endloop
  endfacet
  facet normal 0.462063 -0.886847 0
    outer loop
      vertex -5.475 -13.2273 52.8
      vertex -5.40149 -13.189 59.8
      vertex -5.475 -13.2273 59.8
    endloop
  endfacet
  facet normal 0.462063 -0.886847 0
    outer loop
      vertex -5.40149 -13.189 59.8
      vertex -5.475 -13.2273 52.8
      vertex -5.40149 -13.189 52.8
    endloop
  endfacet
  facet normal 0.675013 -0.737805 0
    outer loop
      vertex -5.67175 -13.3782 52.8
      vertex -5.61065 -13.3223 59.8
      vertex -5.67175 -13.3782 59.8
    endloop
  endfacet
  facet normal 0.675013 -0.737805 0
    outer loop
      vertex -5.61065 -13.3223 59.8
      vertex -5.67175 -13.3782 52.8
      vertex -5.61065 -13.3223 52.8
    endloop
  endfacet
  facet normal -0.999051 -0.0435577 0
    outer loop
      vertex -4.05 -14.05 52.8
      vertex -4.05361 -13.9672 59.8
      vertex -4.05361 -13.9672 52.8
    endloop
  endfacet
  facet normal -0.999051 -0.0435577 0
    outer loop
      vertex -4.05361 -13.9672 59.8
      vertex -4.05 -14.05 52.8
      vertex -4.05 -14.05 59.8
    endloop
  endfacet
  facet normal -0.0434372 0.999056 0
    outer loop
      vertex -4.9172 -14.9964 52.8
      vertex -5 -15 59.8
      vertex -4.9172 -14.9964 59.8
    endloop
  endfacet
  facet normal -0.0434372 0.999056 0
    outer loop
      vertex -5 -15 59.8
      vertex -4.9172 -14.9964 52.8
      vertex -5 -15 52.8
    endloop
  endfacet
  facet normal -0.953677 0.300831 0
    outer loop
      vertex -4.10729 -14.3749 52.8
      vertex -4.08237 -14.2959 59.8
      vertex -4.08237 -14.2959 52.8
    endloop
  endfacet
  facet normal -0.953677 0.300831 0
    outer loop
      vertex -4.08237 -14.2959 59.8
      vertex -4.10729 -14.3749 52.8
      vertex -4.10729 -14.3749 59.8
    endloop
  endfacet
  facet normal -0.130314 0.991473 0
    outer loop
      vertex -4.83503 -14.9856 52.8
      vertex -4.9172 -14.9964 59.8
      vertex -4.83503 -14.9856 59.8
    endloop
  endfacet
  facet normal -0.130314 0.991473 0
    outer loop
      vertex -4.9172 -14.9964 59.8
      vertex -4.83503 -14.9856 52.8
      vertex -4.9172 -14.9964 52.8
    endloop
  endfacet
  facet normal -0.21716 0.976136 0
    outer loop
      vertex -4.75412 -14.9676 52.8
      vertex -4.83503 -14.9856 59.8
      vertex -4.75412 -14.9676 59.8
    endloop
  endfacet
  facet normal -0.21716 0.976136 0
    outer loop
      vertex -4.83503 -14.9856 59.8
      vertex -4.75412 -14.9676 52.8
      vertex -4.83503 -14.9856 52.8
    endloop
  endfacet
  facet normal -0.382515 0.923949 0
    outer loop
      vertex -4.59851 -14.911 52.8
      vertex -4.67508 -14.9427 59.8
      vertex -4.59851 -14.911 59.8
    endloop
  endfacet
  facet normal -0.382515 0.923949 0
    outer loop
      vertex -4.67508 -14.9427 59.8
      vertex -4.59851 -14.911 52.8
      vertex -4.67508 -14.9427 52.8
    endloop
  endfacet
  facet normal -0.843453 0.537203 0
    outer loop
      vertex -4.2218 -14.5949 52.8
      vertex -4.17728 -14.525 59.8
      vertex -4.17728 -14.525 52.8
    endloop
  endfacet
  facet normal -0.843453 0.537203 0
    outer loop
      vertex -4.17728 -14.525 59.8
      vertex -4.2218 -14.5949 52.8
      vertex -4.2218 -14.5949 59.8
    endloop
  endfacet
  facet normal 0.130314 0.991473 -0
    outer loop
      vertex -5.0828 -14.9964 52.8
      vertex -5.16497 -14.9856 59.8
      vertex -5.0828 -14.9964 59.8
    endloop
  endfacet
  facet normal 0.130314 0.991473 0
    outer loop
      vertex -5.16497 -14.9856 59.8
      vertex -5.0828 -14.9964 52.8
      vertex -5.16497 -14.9856 52.8
    endloop
  endfacet
  facet normal 0.382515 0.923949 -0
    outer loop
      vertex -5.32492 -14.9427 52.8
      vertex -5.40149 -14.911 59.8
      vertex -5.32492 -14.9427 59.8
    endloop
  endfacet
  facet normal 0.382515 0.923949 0
    outer loop
      vertex -5.40149 -14.911 59.8
      vertex -5.32492 -14.9427 52.8
      vertex -5.40149 -14.911 52.8
    endloop
  endfacet
  facet normal 0.537032 0.843562 -0
    outer loop
      vertex -5.475 -14.8727 52.8
      vertex -5.5449 -14.8282 59.8
      vertex -5.475 -14.8727 59.8
    endloop
  endfacet
  facet normal 0.537032 0.843562 0
    outer loop
      vertex -5.5449 -14.8282 59.8
      vertex -5.475 -14.8727 52.8
      vertex -5.5449 -14.8282 52.8
    endloop
  endfacet
  facet normal 0.976284 0.216496 0
    outer loop
      vertex -5.91763 -14.2959 59.8
      vertex -5.93557 -14.215 52.8
      vertex -5.93557 -14.215 59.8
    endloop
  endfacet
  facet normal 0.976284 0.216496 0
    outer loop
      vertex -5.93557 -14.215 52.8
      vertex -5.91763 -14.2959 59.8
      vertex -5.91763 -14.2959 52.8
    endloop
  endfacet
  facet normal 0.999046 0.0436781 0
    outer loop
      vertex -5.94638 -14.1328 59.8
      vertex -5.95 -14.05 52.8
      vertex -5.95 -14.05 59.8
    endloop
  endfacet
  facet normal 0.999046 0.0436781 0
    outer loop
      vertex -5.95 -14.05 52.8
      vertex -5.94638 -14.1328 59.8
      vertex -5.94638 -14.1328 52.8
    endloop
  endfacet
  facet normal 0.79314 0.60904 0
    outer loop
      vertex -5.72774 -14.6606 59.8
      vertex -5.77819 -14.5949 52.8
      vertex -5.77819 -14.5949 59.8
    endloop
  endfacet
  facet normal 0.79314 0.60904 0
    outer loop
      vertex -5.77819 -14.5949 52.8
      vertex -5.72774 -14.6606 59.8
      vertex -5.72774 -14.6606 52.8
    endloop
  endfacet
  facet normal -0.843453 -0.537203 0
    outer loop
      vertex -4.17728 -13.575 52.8
      vertex -4.2218 -13.5051 59.8
      vertex -4.2218 -13.5051 52.8
    endloop
  endfacet
  facet normal -0.843453 -0.537203 0
    outer loop
      vertex -4.2218 -13.5051 59.8
      vertex -4.17728 -13.575 52.8
      vertex -4.17728 -13.575 59.8
    endloop
  endfacet
  facet normal -0.130314 -0.991473 0
    outer loop
      vertex -4.9172 -13.1036 52.8
      vertex -4.83503 -13.1144 59.8
      vertex -4.9172 -13.1036 59.8
    endloop
  endfacet
  facet normal -0.130314 -0.991473 -0
    outer loop
      vertex -4.83503 -13.1144 59.8
      vertex -4.9172 -13.1036 52.8
      vertex -4.83503 -13.1144 52.8
    endloop
  endfacet
  facet normal 0.843398 -0.537289 0
    outer loop
      vertex -5.82272 -13.575 59.8
      vertex -5.77819 -13.5051 52.8
      vertex -5.77819 -13.5051 59.8
    endloop
  endfacet
  facet normal 0.843398 -0.537289 0
    outer loop
      vertex -5.77819 -13.5051 52.8
      vertex -5.82272 -13.575 59.8
      vertex -5.82272 -13.575 52.8
    endloop
  endfacet
  facet normal 0.88697 -0.461828 0
    outer loop
      vertex -5.86099 -13.6485 59.8
      vertex -5.82272 -13.575 52.8
      vertex -5.82272 -13.575 59.8
    endloop
  endfacet
  facet normal 0.88697 -0.461828 0
    outer loop
      vertex -5.82272 -13.575 52.8
      vertex -5.86099 -13.6485 59.8
      vertex -5.86099 -13.6485 52.8
    endloop
  endfacet
  facet normal 0.0434372 -0.999056 0
    outer loop
      vertex -5.0828 -13.1036 52.8
      vertex -5 -13.1 59.8
      vertex -5.0828 -13.1036 59.8
    endloop
  endfacet
  facet normal 0.0434372 -0.999056 0
    outer loop
      vertex -5 -13.1 59.8
      vertex -5.0828 -13.1036 52.8
      vertex -5 -13.1 52.8
    endloop
  endfacet
  facet normal -0.976284 0.216496 0
    outer loop
      vertex -4.08237 -14.2959 52.8
      vertex -4.06443 -14.215 59.8
      vertex -4.06443 -14.215 52.8
    endloop
  endfacet
  facet normal -0.976284 0.216496 0
    outer loop
      vertex -4.06443 -14.215 59.8
      vertex -4.08237 -14.2959 52.8
      vertex -4.08237 -14.2959 59.8
    endloop
  endfacet
  facet normal -0.991448 0.130504 0
    outer loop
      vertex -4.06443 -14.215 52.8
      vertex -4.05361 -14.1328 59.8
      vertex -4.05361 -14.1328 52.8
    endloop
  endfacet
  facet normal -0.991448 0.130504 0
    outer loop
      vertex -4.05361 -14.1328 59.8
      vertex -4.06443 -14.215 52.8
      vertex -4.06443 -14.215 59.8
    endloop
  endfacet
  facet normal -0.300473 0.95379 0
    outer loop
      vertex -4.67508 -14.9427 52.8
      vertex -4.75412 -14.9676 59.8
      vertex -4.67508 -14.9427 59.8
    endloop
  endfacet
  facet normal -0.300473 0.95379 0
    outer loop
      vertex -4.75412 -14.9676 59.8
      vertex -4.67508 -14.9427 52.8
      vertex -4.75412 -14.9676 52.8
    endloop
  endfacet
  facet normal -0.537032 0.843562 0
    outer loop
      vertex -4.4551 -14.8282 52.8
      vertex -4.525 -14.8727 59.8
      vertex -4.4551 -14.8282 59.8
    endloop
  endfacet
  facet normal -0.537032 0.843562 0
    outer loop
      vertex -4.525 -14.8727 59.8
      vertex -4.4551 -14.8282 52.8
      vertex -4.525 -14.8727 52.8
    endloop
  endfacet
  facet normal -0.675013 0.737805 0
    outer loop
      vertex -4.32825 -14.7218 52.8
      vertex -4.38935 -14.7777 59.8
      vertex -4.32825 -14.7218 59.8
    endloop
  endfacet
  facet normal -0.675013 0.737805 0
    outer loop
      vertex -4.38935 -14.7777 59.8
      vertex -4.32825 -14.7218 52.8
      vertex -4.38935 -14.7777 52.8
    endloop
  endfacet
  facet normal -0.462063 0.886847 0
    outer loop
      vertex -4.525 -14.8727 52.8
      vertex -4.59851 -14.911 59.8
      vertex -4.525 -14.8727 59.8
    endloop
  endfacet
  facet normal -0.462063 0.886847 0
    outer loop
      vertex -4.59851 -14.911 59.8
      vertex -4.525 -14.8727 52.8
      vertex -4.59851 -14.911 52.8
    endloop
  endfacet
  facet normal -0.88697 0.461828 0
    outer loop
      vertex -4.17728 -14.525 52.8
      vertex -4.13901 -14.4515 59.8
      vertex -4.13901 -14.4515 52.8
    endloop
  endfacet
  facet normal -0.88697 0.461828 0
    outer loop
      vertex -4.13901 -14.4515 59.8
      vertex -4.17728 -14.525 52.8
      vertex -4.17728 -14.525 59.8
    endloop
  endfacet
  facet normal -0.793081 0.609116 0
    outer loop
      vertex -4.27226 -14.6606 52.8
      vertex -4.2218 -14.5949 59.8
      vertex -4.2218 -14.5949 52.8
    endloop
  endfacet
  facet normal -0.793081 0.609116 0
    outer loop
      vertex -4.2218 -14.5949 59.8
      vertex -4.27226 -14.6606 52.8
      vertex -4.27226 -14.6606 59.8
    endloop
  endfacet
  facet normal 0.0434372 0.999056 -0
    outer loop
      vertex -5 -15 52.8
      vertex -5.0828 -14.9964 59.8
      vertex -5 -15 59.8
    endloop
  endfacet
  facet normal 0.0434372 0.999056 0
    outer loop
      vertex -5.0828 -14.9964 59.8
      vertex -5 -15 52.8
      vertex -5.0828 -14.9964 52.8
    endloop
  endfacet
  facet normal 0.300473 0.95379 -0
    outer loop
      vertex -5.24588 -14.9676 52.8
      vertex -5.32492 -14.9427 59.8
      vertex -5.24588 -14.9676 59.8
    endloop
  endfacet
  facet normal 0.300473 0.95379 0
    outer loop
      vertex -5.32492 -14.9427 59.8
      vertex -5.24588 -14.9676 52.8
      vertex -5.32492 -14.9427 52.8
    endloop
  endfacet
  facet normal 0.609128 0.793072 -0
    outer loop
      vertex -5.5449 -14.8282 52.8
      vertex -5.61065 -14.7777 59.8
      vertex -5.5449 -14.8282 59.8
    endloop
  endfacet
  facet normal 0.609128 0.793072 0
    outer loop
      vertex -5.61065 -14.7777 59.8
      vertex -5.5449 -14.8282 52.8
      vertex -5.61065 -14.7777 52.8
    endloop
  endfacet
  facet normal 0.953677 0.300831 0
    outer loop
      vertex -5.89271 -14.3749 59.8
      vertex -5.91763 -14.2959 52.8
      vertex -5.91763 -14.2959 59.8
    endloop
  endfacet
  facet normal 0.953677 0.300831 0
    outer loop
      vertex -5.91763 -14.2959 52.8
      vertex -5.89271 -14.3749 59.8
      vertex -5.89271 -14.3749 52.8
    endloop
  endfacet
  facet normal 0.991463 0.130386 0
    outer loop
      vertex -5.93557 -14.215 59.8
      vertex -5.94638 -14.1328 52.8
      vertex -5.94638 -14.1328 59.8
    endloop
  endfacet
  facet normal 0.991463 0.130386 0
    outer loop
      vertex -5.94638 -14.1328 52.8
      vertex -5.93557 -14.215 59.8
      vertex -5.93557 -14.215 52.8
    endloop
  endfacet
  facet normal 0.843398 0.537289 0
    outer loop
      vertex -5.77819 -14.5949 59.8
      vertex -5.82272 -14.525 52.8
      vertex -5.82272 -14.525 59.8
    endloop
  endfacet
  facet normal 0.843398 0.537289 0
    outer loop
      vertex -5.82272 -14.525 52.8
      vertex -5.77819 -14.5949 59.8
      vertex -5.77819 -14.5949 52.8
    endloop
  endfacet
  facet normal 0.923917 0.382593 0
    outer loop
      vertex -5.86099 -14.4515 59.8
      vertex -5.89271 -14.3749 52.8
      vertex -5.89271 -14.3749 59.8
    endloop
  endfacet
  facet normal 0.923917 0.382593 0
    outer loop
      vertex -5.89271 -14.3749 52.8
      vertex -5.86099 -14.4515 59.8
      vertex -5.86099 -14.4515 52.8
    endloop
  endfacet
  facet normal 0.737814 0.675004 0
    outer loop
      vertex -5.67175 -14.7218 59.8
      vertex -5.72774 -14.6606 52.8
      vertex -5.72774 -14.6606 59.8
    endloop
  endfacet
  facet normal 0.737814 0.675004 0
    outer loop
      vertex -5.72774 -14.6606 52.8
      vertex -5.67175 -14.7218 59.8
      vertex -5.67175 -14.7218 52.8
    endloop
  endfacet
  facet normal -0.609128 0.793072 0
    outer loop
      vertex -4.38935 -14.7777 52.8
      vertex -4.4551 -14.8282 59.8
      vertex -4.38935 -14.7777 59.8
    endloop
  endfacet
  facet normal -0.609128 0.793072 0
    outer loop
      vertex -4.4551 -14.8282 59.8
      vertex -4.38935 -14.7777 52.8
      vertex -4.4551 -14.8282 52.8
    endloop
  endfacet
  facet normal 0.88697 0.461828 0
    outer loop
      vertex -5.82272 -14.525 59.8
      vertex -5.86099 -14.4515 52.8
      vertex -5.86099 -14.4515 59.8
    endloop
  endfacet
  facet normal 0.88697 0.461828 0
    outer loop
      vertex -5.86099 -14.4515 52.8
      vertex -5.82272 -14.525 59.8
      vertex -5.82272 -14.525 52.8
    endloop
  endfacet
  facet normal -0.976284 -0.216496 0
    outer loop
      vertex 5.93557 -13.885 52.8
      vertex 5.91763 -13.8041 59.8
      vertex 5.91763 -13.8041 52.8
    endloop
  endfacet
  facet normal -0.976284 -0.216496 0
    outer loop
      vertex 5.91763 -13.8041 59.8
      vertex 5.93557 -13.885 52.8
      vertex 5.93557 -13.885 59.8
    endloop
  endfacet
  facet normal -0.999046 -0.0436781 0
    outer loop
      vertex 5.95 -14.05 52.8
      vertex 5.94638 -13.9672 59.8
      vertex 5.94638 -13.9672 52.8
    endloop
  endfacet
  facet normal -0.999046 -0.0436781 0
    outer loop
      vertex 5.94638 -13.9672 59.8
      vertex 5.95 -14.05 52.8
      vertex 5.95 -14.05 59.8
    endloop
  endfacet
  facet normal 0.999051 -0.0435577 0
    outer loop
      vertex 4.05 -14.05 59.8
      vertex 4.05361 -13.9672 52.8
      vertex 4.05361 -13.9672 59.8
    endloop
  endfacet
  facet normal 0.999051 -0.0435577 0
    outer loop
      vertex 4.05361 -13.9672 52.8
      vertex 4.05 -14.05 59.8
      vertex 4.05 -14.05 52.8
    endloop
  endfacet
  facet normal -0.0434372 -0.999056 0
    outer loop
      vertex 5 -13.1 52.8
      vertex 5.0828 -13.1036 59.8
      vertex 5 -13.1 59.8
    endloop
  endfacet
  facet normal -0.0434372 -0.999056 -0
    outer loop
      vertex 5.0828 -13.1036 59.8
      vertex 5 -13.1 52.8
      vertex 5.0828 -13.1036 52.8
    endloop
  endfacet
  facet normal -0.675013 -0.737805 0
    outer loop
      vertex 5.61065 -13.3223 52.8
      vertex 5.67175 -13.3782 59.8
      vertex 5.61065 -13.3223 59.8
    endloop
  endfacet
  facet normal -0.675013 -0.737805 -0
    outer loop
      vertex 5.67175 -13.3782 59.8
      vertex 5.61065 -13.3223 52.8
      vertex 5.67175 -13.3782 52.8
    endloop
  endfacet
  facet normal 0.675013 -0.737805 0
    outer loop
      vertex 4.32825 -13.3782 52.8
      vertex 4.38935 -13.3223 59.8
      vertex 4.32825 -13.3782 59.8
    endloop
  endfacet
  facet normal 0.675013 -0.737805 0
    outer loop
      vertex 4.38935 -13.3223 59.8
      vertex 4.32825 -13.3782 52.8
      vertex 4.38935 -13.3223 52.8
    endloop
  endfacet
  facet normal 0.300473 -0.95379 0
    outer loop
      vertex 4.67508 -13.1573 52.8
      vertex 4.75412 -13.1324 59.8
      vertex 4.67508 -13.1573 59.8
    endloop
  endfacet
  facet normal 0.300473 -0.95379 0
    outer loop
      vertex 4.75412 -13.1324 59.8
      vertex 4.67508 -13.1573 52.8
      vertex 4.75412 -13.1324 52.8
    endloop
  endfacet
  facet normal 0.793081 0.609116 0
    outer loop
      vertex 4.27226 -14.6606 59.8
      vertex 4.2218 -14.5949 52.8
      vertex 4.2218 -14.5949 59.8
    endloop
  endfacet
  facet normal 0.793081 0.609116 0
    outer loop
      vertex 4.2218 -14.5949 52.8
      vertex 4.27226 -14.6606 59.8
      vertex 4.27226 -14.6606 52.8
    endloop
  endfacet
  facet normal -0.953677 -0.300831 0
    outer loop
      vertex 5.91763 -13.8041 52.8
      vertex 5.89271 -13.7251 59.8
      vertex 5.89271 -13.7251 52.8
    endloop
  endfacet
  facet normal -0.953677 -0.300831 0
    outer loop
      vertex 5.89271 -13.7251 59.8
      vertex 5.91763 -13.8041 52.8
      vertex 5.91763 -13.8041 59.8
    endloop
  endfacet
  facet normal -0.382515 -0.923949 0
    outer loop
      vertex 5.32492 -13.1573 52.8
      vertex 5.40149 -13.189 59.8
      vertex 5.32492 -13.1573 59.8
    endloop
  endfacet
  facet normal -0.382515 -0.923949 -0
    outer loop
      vertex 5.40149 -13.189 59.8
      vertex 5.32492 -13.1573 52.8
      vertex 5.40149 -13.189 52.8
    endloop
  endfacet
  facet normal 0.843453 -0.537203 0
    outer loop
      vertex 4.17728 -13.575 59.8
      vertex 4.2218 -13.5051 52.8
      vertex 4.2218 -13.5051 59.8
    endloop
  endfacet
  facet normal 0.843453 -0.537203 0
    outer loop
      vertex 4.2218 -13.5051 52.8
      vertex 4.17728 -13.575 59.8
      vertex 4.17728 -13.575 52.8
    endloop
  endfacet
  facet normal 0.793081 -0.609116 0
    outer loop
      vertex 4.2218 -13.5051 59.8
      vertex 4.27226 -13.4394 52.8
      vertex 4.27226 -13.4394 59.8
    endloop
  endfacet
  facet normal 0.793081 -0.609116 0
    outer loop
      vertex 4.27226 -13.4394 52.8
      vertex 4.2218 -13.5051 59.8
      vertex 4.2218 -13.5051 52.8
    endloop
  endfacet
  facet normal -0.843398 0.537289 0
    outer loop
      vertex 5.77819 -14.5949 52.8
      vertex 5.82272 -14.525 59.8
      vertex 5.82272 -14.525 52.8
    endloop
  endfacet
  facet normal -0.843398 0.537289 0
    outer loop
      vertex 5.82272 -14.525 59.8
      vertex 5.77819 -14.5949 52.8
      vertex 5.77819 -14.5949 59.8
    endloop
  endfacet
  facet normal -0.300473 0.95379 0
    outer loop
      vertex 5.32492 -14.9427 52.8
      vertex 5.24588 -14.9676 59.8
      vertex 5.32492 -14.9427 59.8
    endloop
  endfacet
  facet normal -0.300473 0.95379 0
    outer loop
      vertex 5.24588 -14.9676 59.8
      vertex 5.32492 -14.9427 52.8
      vertex 5.24588 -14.9676 52.8
    endloop
  endfacet
  facet normal -0.675013 0.737805 0
    outer loop
      vertex 5.67175 -14.7218 52.8
      vertex 5.61065 -14.7777 59.8
      vertex 5.67175 -14.7218 59.8
    endloop
  endfacet
  facet normal -0.675013 0.737805 0
    outer loop
      vertex 5.61065 -14.7777 59.8
      vertex 5.67175 -14.7218 52.8
      vertex 5.61065 -14.7777 52.8
    endloop
  endfacet
  facet normal -0.953677 0.300831 0
    outer loop
      vertex 5.89271 -14.3749 52.8
      vertex 5.91763 -14.2959 59.8
      vertex 5.91763 -14.2959 52.8
    endloop
  endfacet
  facet normal -0.953677 0.300831 0
    outer loop
      vertex 5.91763 -14.2959 59.8
      vertex 5.89271 -14.3749 52.8
      vertex 5.89271 -14.3749 59.8
    endloop
  endfacet
  facet normal 0.300473 0.95379 -0
    outer loop
      vertex 4.75412 -14.9676 52.8
      vertex 4.67508 -14.9427 59.8
      vertex 4.75412 -14.9676 59.8
    endloop
  endfacet
  facet normal 0.300473 0.95379 0
    outer loop
      vertex 4.67508 -14.9427 59.8
      vertex 4.75412 -14.9676 52.8
      vertex 4.67508 -14.9427 52.8
    endloop
  endfacet
  facet normal 0.462063 0.886847 -0
    outer loop
      vertex 4.59851 -14.911 52.8
      vertex 4.525 -14.8727 59.8
      vertex 4.59851 -14.911 59.8
    endloop
  endfacet
  facet normal 0.462063 0.886847 0
    outer loop
      vertex 4.525 -14.8727 59.8
      vertex 4.59851 -14.911 52.8
      vertex 4.525 -14.8727 52.8
    endloop
  endfacet
  facet normal -0.923917 -0.382593 0
    outer loop
      vertex 5.89271 -13.7251 52.8
      vertex 5.86099 -13.6485 59.8
      vertex 5.86099 -13.6485 52.8
    endloop
  endfacet
  facet normal -0.923917 -0.382593 0
    outer loop
      vertex 5.86099 -13.6485 59.8
      vertex 5.89271 -13.7251 52.8
      vertex 5.89271 -13.7251 59.8
    endloop
  endfacet
  facet normal -0.843398 -0.537289 0
    outer loop
      vertex 5.82272 -13.575 52.8
      vertex 5.77819 -13.5051 59.8
      vertex 5.77819 -13.5051 52.8
    endloop
  endfacet
  facet normal -0.843398 -0.537289 0
    outer loop
      vertex 5.77819 -13.5051 59.8
      vertex 5.82272 -13.575 52.8
      vertex 5.82272 -13.575 59.8
    endloop
  endfacet
  facet normal -0.79314 -0.60904 0
    outer loop
      vertex 5.77819 -13.5051 52.8
      vertex 5.72774 -13.4394 59.8
      vertex 5.72774 -13.4394 52.8
    endloop
  endfacet
  facet normal -0.79314 -0.60904 0
    outer loop
      vertex 5.72774 -13.4394 59.8
      vertex 5.77819 -13.5051 52.8
      vertex 5.77819 -13.5051 59.8
    endloop
  endfacet
  facet normal -0.21716 -0.976136 0
    outer loop
      vertex 5.16497 -13.1144 52.8
      vertex 5.24588 -13.1324 59.8
      vertex 5.16497 -13.1144 59.8
    endloop
  endfacet
  facet normal -0.21716 -0.976136 -0
    outer loop
      vertex 5.24588 -13.1324 59.8
      vertex 5.16497 -13.1144 52.8
      vertex 5.24588 -13.1324 52.8
    endloop
  endfacet
  facet normal -0.130314 -0.991473 0
    outer loop
      vertex 5.0828 -13.1036 52.8
      vertex 5.16497 -13.1144 59.8
      vertex 5.0828 -13.1036 59.8
    endloop
  endfacet
  facet normal -0.130314 -0.991473 -0
    outer loop
      vertex 5.16497 -13.1144 59.8
      vertex 5.0828 -13.1036 52.8
      vertex 5.16497 -13.1144 52.8
    endloop
  endfacet
  facet normal -0.609128 -0.793072 0
    outer loop
      vertex 5.5449 -13.2718 52.8
      vertex 5.61065 -13.3223 59.8
      vertex 5.5449 -13.2718 59.8
    endloop
  endfacet
  facet normal -0.609128 -0.793072 -0
    outer loop
      vertex 5.61065 -13.3223 59.8
      vertex 5.5449 -13.2718 52.8
      vertex 5.61065 -13.3223 52.8
    endloop
  endfacet
  facet normal -0.537032 -0.843562 0
    outer loop
      vertex 5.475 -13.2273 52.8
      vertex 5.5449 -13.2718 59.8
      vertex 5.475 -13.2273 59.8
    endloop
  endfacet
  facet normal -0.537032 -0.843562 -0
    outer loop
      vertex 5.5449 -13.2718 59.8
      vertex 5.475 -13.2273 52.8
      vertex 5.5449 -13.2718 52.8
    endloop
  endfacet
  facet normal 0.923917 -0.382593 0
    outer loop
      vertex 4.10729 -13.7251 59.8
      vertex 4.13901 -13.6485 52.8
      vertex 4.13901 -13.6485 59.8
    endloop
  endfacet
  facet normal 0.923917 -0.382593 0
    outer loop
      vertex 4.13901 -13.6485 52.8
      vertex 4.10729 -13.7251 59.8
      vertex 4.10729 -13.7251 52.8
    endloop
  endfacet
  facet normal 0.976284 -0.216496 0
    outer loop
      vertex 4.06443 -13.885 59.8
      vertex 4.08237 -13.8041 52.8
      vertex 4.08237 -13.8041 59.8
    endloop
  endfacet
  facet normal 0.976284 -0.216496 0
    outer loop
      vertex 4.08237 -13.8041 52.8
      vertex 4.06443 -13.885 59.8
      vertex 4.06443 -13.885 52.8
    endloop
  endfacet
  facet normal 0.537032 -0.843562 0
    outer loop
      vertex 4.4551 -13.2718 52.8
      vertex 4.525 -13.2273 59.8
      vertex 4.4551 -13.2718 59.8
    endloop
  endfacet
  facet normal 0.537032 -0.843562 0
    outer loop
      vertex 4.525 -13.2273 59.8
      vertex 4.4551 -13.2718 52.8
      vertex 4.525 -13.2273 52.8
    endloop
  endfacet
  facet normal 0.382515 -0.923949 0
    outer loop
      vertex 4.59851 -13.189 52.8
      vertex 4.67508 -13.1573 59.8
      vertex 4.59851 -13.189 59.8
    endloop
  endfacet
  facet normal 0.382515 -0.923949 0
    outer loop
      vertex 4.67508 -13.1573 59.8
      vertex 4.59851 -13.189 52.8
      vertex 4.67508 -13.1573 52.8
    endloop
  endfacet
  facet normal 0.0434372 -0.999056 0
    outer loop
      vertex 4.9172 -13.1036 52.8
      vertex 5 -13.1 59.8
      vertex 4.9172 -13.1036 59.8
    endloop
  endfacet
  facet normal 0.0434372 -0.999056 0
    outer loop
      vertex 5 -13.1 59.8
      vertex 4.9172 -13.1036 52.8
      vertex 5 -13.1 52.8
    endloop
  endfacet
  facet normal 0.130314 -0.991473 0
    outer loop
      vertex 4.83503 -13.1144 52.8
      vertex 4.9172 -13.1036 59.8
      vertex 4.83503 -13.1144 59.8
    endloop
  endfacet
  facet normal 0.130314 -0.991473 0
    outer loop
      vertex 4.9172 -13.1036 59.8
      vertex 4.83503 -13.1144 52.8
      vertex 4.9172 -13.1036 52.8
    endloop
  endfacet
  facet normal -0.21716 0.976136 0
    outer loop
      vertex 5.24588 -14.9676 52.8
      vertex 5.16497 -14.9856 59.8
      vertex 5.24588 -14.9676 59.8
    endloop
  endfacet
  facet normal -0.21716 0.976136 0
    outer loop
      vertex 5.16497 -14.9856 59.8
      vertex 5.24588 -14.9676 52.8
      vertex 5.16497 -14.9856 52.8
    endloop
  endfacet
  facet normal -0.462063 0.886847 0
    outer loop
      vertex 5.475 -14.8727 52.8
      vertex 5.40149 -14.911 59.8
      vertex 5.475 -14.8727 59.8
    endloop
  endfacet
  facet normal -0.462063 0.886847 0
    outer loop
      vertex 5.40149 -14.911 59.8
      vertex 5.475 -14.8727 52.8
      vertex 5.40149 -14.911 52.8
    endloop
  endfacet
  facet normal -0.609128 0.793072 0
    outer loop
      vertex 5.61065 -14.7777 52.8
      vertex 5.5449 -14.8282 59.8
      vertex 5.61065 -14.7777 59.8
    endloop
  endfacet
  facet normal -0.609128 0.793072 0
    outer loop
      vertex 5.5449 -14.8282 59.8
      vertex 5.61065 -14.7777 52.8
      vertex 5.5449 -14.8282 52.8
    endloop
  endfacet
  facet normal -0.537032 0.843562 0
    outer loop
      vertex 5.5449 -14.8282 52.8
      vertex 5.475 -14.8727 59.8
      vertex 5.5449 -14.8282 59.8
    endloop
  endfacet
  facet normal -0.537032 0.843562 0
    outer loop
      vertex 5.475 -14.8727 59.8
      vertex 5.5449 -14.8282 52.8
      vertex 5.475 -14.8727 52.8
    endloop
  endfacet
  facet normal -0.737814 0.675004 0
    outer loop
      vertex 5.67175 -14.7218 52.8
      vertex 5.72774 -14.6606 59.8
      vertex 5.72774 -14.6606 52.8
    endloop
  endfacet
  facet normal -0.737814 0.675004 0
    outer loop
      vertex 5.72774 -14.6606 59.8
      vertex 5.67175 -14.7218 52.8
      vertex 5.67175 -14.7218 59.8
    endloop
  endfacet
  facet normal -0.79314 0.60904 0
    outer loop
      vertex 5.72774 -14.6606 52.8
      vertex 5.77819 -14.5949 59.8
      vertex 5.77819 -14.5949 52.8
    endloop
  endfacet
  facet normal -0.79314 0.60904 0
    outer loop
      vertex 5.77819 -14.5949 59.8
      vertex 5.72774 -14.6606 52.8
      vertex 5.72774 -14.6606 59.8
    endloop
  endfacet
  facet normal 0.130314 0.991473 -0
    outer loop
      vertex 4.9172 -14.9964 52.8
      vertex 4.83503 -14.9856 59.8
      vertex 4.9172 -14.9964 59.8
    endloop
  endfacet
  facet normal 0.130314 0.991473 0
    outer loop
      vertex 4.83503 -14.9856 59.8
      vertex 4.9172 -14.9964 52.8
      vertex 4.83503 -14.9856 52.8
    endloop
  endfacet
  facet normal 0.675013 0.737805 -0
    outer loop
      vertex 4.38935 -14.7777 52.8
      vertex 4.32825 -14.7218 59.8
      vertex 4.38935 -14.7777 59.8
    endloop
  endfacet
  facet normal 0.675013 0.737805 0
    outer loop
      vertex 4.32825 -14.7218 59.8
      vertex 4.38935 -14.7777 52.8
      vertex 4.32825 -14.7218 52.8
    endloop
  endfacet
  facet normal 0.382515 0.923949 -0
    outer loop
      vertex 4.67508 -14.9427 52.8
      vertex 4.59851 -14.911 59.8
      vertex 4.67508 -14.9427 59.8
    endloop
  endfacet
  facet normal 0.382515 0.923949 0
    outer loop
      vertex 4.59851 -14.911 59.8
      vertex 4.67508 -14.9427 52.8
      vertex 4.59851 -14.911 52.8
    endloop
  endfacet
  facet normal 0.0434372 0.999056 -0
    outer loop
      vertex 5 -15 52.8
      vertex 4.9172 -14.9964 59.8
      vertex 5 -15 59.8
    endloop
  endfacet
  facet normal 0.0434372 0.999056 0
    outer loop
      vertex 4.9172 -14.9964 59.8
      vertex 5 -15 52.8
      vertex 4.9172 -14.9964 52.8
    endloop
  endfacet
  facet normal 0.537032 0.843562 -0
    outer loop
      vertex 4.525 -14.8727 52.8
      vertex 4.4551 -14.8282 59.8
      vertex 4.525 -14.8727 59.8
    endloop
  endfacet
  facet normal 0.537032 0.843562 0
    outer loop
      vertex 4.4551 -14.8282 59.8
      vertex 4.525 -14.8727 52.8
      vertex 4.4551 -14.8282 52.8
    endloop
  endfacet
  facet normal 0.737814 0.675004 0
    outer loop
      vertex 4.32825 -14.7218 59.8
      vertex 4.27226 -14.6606 52.8
      vertex 4.27226 -14.6606 59.8
    endloop
  endfacet
  facet normal 0.737814 0.675004 0
    outer loop
      vertex 4.27226 -14.6606 52.8
      vertex 4.32825 -14.7218 59.8
      vertex 4.32825 -14.7218 52.8
    endloop
  endfacet
  facet normal 0.923917 0.382593 0
    outer loop
      vertex 4.13901 -14.4515 59.8
      vertex 4.10729 -14.3749 52.8
      vertex 4.10729 -14.3749 59.8
    endloop
  endfacet
  facet normal 0.923917 0.382593 0
    outer loop
      vertex 4.10729 -14.3749 52.8
      vertex 4.13901 -14.4515 59.8
      vertex 4.13901 -14.4515 52.8
    endloop
  endfacet
  facet normal 0.976284 0.216496 0
    outer loop
      vertex 4.08237 -14.2959 59.8
      vertex 4.06443 -14.215 52.8
      vertex 4.06443 -14.215 59.8
    endloop
  endfacet
  facet normal 0.976284 0.216496 0
    outer loop
      vertex 4.06443 -14.215 52.8
      vertex 4.08237 -14.2959 59.8
      vertex 4.08237 -14.2959 52.8
    endloop
  endfacet
  facet normal 0.999051 0.0435577 0
    outer loop
      vertex 4.05361 -14.1328 59.8
      vertex 4.05 -14.05 52.8
      vertex 4.05 -14.05 59.8
    endloop
  endfacet
  facet normal 0.999051 0.0435577 0
    outer loop
      vertex 4.05 -14.05 52.8
      vertex 4.05361 -14.1328 59.8
      vertex 4.05361 -14.1328 52.8
    endloop
  endfacet
  facet normal -0.991463 -0.130386 0
    outer loop
      vertex 5.94638 -13.9672 52.8
      vertex 5.93557 -13.885 59.8
      vertex 5.93557 -13.885 52.8
    endloop
  endfacet
  facet normal -0.991463 -0.130386 0
    outer loop
      vertex 5.93557 -13.885 59.8
      vertex 5.94638 -13.9672 52.8
      vertex 5.94638 -13.9672 59.8
    endloop
  endfacet
  facet normal -0.737814 -0.675004 0
    outer loop
      vertex 5.72774 -13.4394 52.8
      vertex 5.67175 -13.3782 59.8
      vertex 5.67175 -13.3782 52.8
    endloop
  endfacet
  facet normal -0.737814 -0.675004 0
    outer loop
      vertex 5.67175 -13.3782 59.8
      vertex 5.72774 -13.4394 52.8
      vertex 5.72774 -13.4394 59.8
    endloop
  endfacet
  facet normal -0.88697 -0.461828 0
    outer loop
      vertex 5.86099 -13.6485 52.8
      vertex 5.82272 -13.575 59.8
      vertex 5.82272 -13.575 52.8
    endloop
  endfacet
  facet normal -0.88697 -0.461828 0
    outer loop
      vertex 5.82272 -13.575 59.8
      vertex 5.86099 -13.6485 52.8
      vertex 5.86099 -13.6485 59.8
    endloop
  endfacet
  facet normal -0.300473 -0.95379 0
    outer loop
      vertex 5.24588 -13.1324 52.8
      vertex 5.32492 -13.1573 59.8
      vertex 5.24588 -13.1324 59.8
    endloop
  endfacet
  facet normal -0.300473 -0.95379 -0
    outer loop
      vertex 5.32492 -13.1573 59.8
      vertex 5.24588 -13.1324 52.8
      vertex 5.32492 -13.1573 52.8
    endloop
  endfacet
  facet normal -0.462063 -0.886847 0
    outer loop
      vertex 5.40149 -13.189 52.8
      vertex 5.475 -13.2273 59.8
      vertex 5.40149 -13.189 59.8
    endloop
  endfacet
  facet normal -0.462063 -0.886847 -0
    outer loop
      vertex 5.475 -13.2273 59.8
      vertex 5.40149 -13.189 52.8
      vertex 5.475 -13.2273 52.8
    endloop
  endfacet
  facet normal 0.737814 -0.675004 0
    outer loop
      vertex 4.27226 -13.4394 59.8
      vertex 4.32825 -13.3782 52.8
      vertex 4.32825 -13.3782 59.8
    endloop
  endfacet
  facet normal 0.737814 -0.675004 0
    outer loop
      vertex 4.32825 -13.3782 52.8
      vertex 4.27226 -13.4394 59.8
      vertex 4.27226 -13.4394 52.8
    endloop
  endfacet
  facet normal 0.88697 -0.461828 0
    outer loop
      vertex 4.13901 -13.6485 59.8
      vertex 4.17728 -13.575 52.8
      vertex 4.17728 -13.575 59.8
    endloop
  endfacet
  facet normal 0.88697 -0.461828 0
    outer loop
      vertex 4.17728 -13.575 52.8
      vertex 4.13901 -13.6485 59.8
      vertex 4.13901 -13.6485 52.8
    endloop
  endfacet
  facet normal 0.991448 -0.130504 0
    outer loop
      vertex 4.05361 -13.9672 59.8
      vertex 4.06443 -13.885 52.8
      vertex 4.06443 -13.885 59.8
    endloop
  endfacet
  facet normal 0.991448 -0.130504 0
    outer loop
      vertex 4.06443 -13.885 52.8
      vertex 4.05361 -13.9672 59.8
      vertex 4.05361 -13.9672 52.8
    endloop
  endfacet
  facet normal 0.953677 -0.300831 0
    outer loop
      vertex 4.08237 -13.8041 59.8
      vertex 4.10729 -13.7251 52.8
      vertex 4.10729 -13.7251 59.8
    endloop
  endfacet
  facet normal 0.953677 -0.300831 0
    outer loop
      vertex 4.10729 -13.7251 52.8
      vertex 4.08237 -13.8041 59.8
      vertex 4.08237 -13.8041 52.8
    endloop
  endfacet
  facet normal 0.609128 -0.793072 0
    outer loop
      vertex 4.38935 -13.3223 52.8
      vertex 4.4551 -13.2718 59.8
      vertex 4.38935 -13.3223 59.8
    endloop
  endfacet
  facet normal 0.609128 -0.793072 0
    outer loop
      vertex 4.4551 -13.2718 59.8
      vertex 4.38935 -13.3223 52.8
      vertex 4.4551 -13.2718 52.8
    endloop
  endfacet
  facet normal 0.462063 -0.886847 0
    outer loop
      vertex 4.525 -13.2273 52.8
      vertex 4.59851 -13.189 59.8
      vertex 4.525 -13.2273 59.8
    endloop
  endfacet
  facet normal 0.462063 -0.886847 0
    outer loop
      vertex 4.59851 -13.189 59.8
      vertex 4.525 -13.2273 52.8
      vertex 4.59851 -13.189 52.8
    endloop
  endfacet
  facet normal 0.21716 -0.976136 0
    outer loop
      vertex 4.75412 -13.1324 52.8
      vertex 4.83503 -13.1144 59.8
      vertex 4.75412 -13.1324 59.8
    endloop
  endfacet
  facet normal 0.21716 -0.976136 0
    outer loop
      vertex 4.83503 -13.1144 59.8
      vertex 4.75412 -13.1324 52.8
      vertex 4.83503 -13.1144 52.8
    endloop
  endfacet
  facet normal -0.0434372 0.999056 0
    outer loop
      vertex 5.0828 -14.9964 52.8
      vertex 5 -15 59.8
      vertex 5.0828 -14.9964 59.8
    endloop
  endfacet
  facet normal -0.0434372 0.999056 0
    outer loop
      vertex 5 -15 59.8
      vertex 5.0828 -14.9964 52.8
      vertex 5 -15 52.8
    endloop
  endfacet
  facet normal -0.130314 0.991473 0
    outer loop
      vertex 5.16497 -14.9856 52.8
      vertex 5.0828 -14.9964 59.8
      vertex 5.16497 -14.9856 59.8
    endloop
  endfacet
  facet normal -0.130314 0.991473 0
    outer loop
      vertex 5.0828 -14.9964 59.8
      vertex 5.16497 -14.9856 52.8
      vertex 5.0828 -14.9964 52.8
    endloop
  endfacet
  facet normal -0.382515 0.923949 0
    outer loop
      vertex 5.40149 -14.911 52.8
      vertex 5.32492 -14.9427 59.8
      vertex 5.40149 -14.911 59.8
    endloop
  endfacet
  facet normal -0.382515 0.923949 0
    outer loop
      vertex 5.32492 -14.9427 59.8
      vertex 5.40149 -14.911 52.8
      vertex 5.32492 -14.9427 52.8
    endloop
  endfacet
  facet normal -0.88697 0.461828 0
    outer loop
      vertex 5.82272 -14.525 52.8
      vertex 5.86099 -14.4515 59.8
      vertex 5.86099 -14.4515 52.8
    endloop
  endfacet
  facet normal -0.88697 0.461828 0
    outer loop
      vertex 5.86099 -14.4515 59.8
      vertex 5.82272 -14.525 52.8
      vertex 5.82272 -14.525 59.8
    endloop
  endfacet
  facet normal -0.923917 0.382593 0
    outer loop
      vertex 5.86099 -14.4515 52.8
      vertex 5.89271 -14.3749 59.8
      vertex 5.89271 -14.3749 52.8
    endloop
  endfacet
  facet normal -0.923917 0.382593 0
    outer loop
      vertex 5.89271 -14.3749 59.8
      vertex 5.86099 -14.4515 52.8
      vertex 5.86099 -14.4515 59.8
    endloop
  endfacet
  facet normal 0.21716 0.976136 -0
    outer loop
      vertex 4.83503 -14.9856 52.8
      vertex 4.75412 -14.9676 59.8
      vertex 4.83503 -14.9856 59.8
    endloop
  endfacet
  facet normal 0.21716 0.976136 0
    outer loop
      vertex 4.75412 -14.9676 59.8
      vertex 4.83503 -14.9856 52.8
      vertex 4.75412 -14.9676 52.8
    endloop
  endfacet
  facet normal 0.609128 0.793072 -0
    outer loop
      vertex 4.4551 -14.8282 52.8
      vertex 4.38935 -14.7777 59.8
      vertex 4.4551 -14.8282 59.8
    endloop
  endfacet
  facet normal 0.609128 0.793072 0
    outer loop
      vertex 4.38935 -14.7777 59.8
      vertex 4.4551 -14.8282 52.8
      vertex 4.38935 -14.7777 52.8
    endloop
  endfacet
  facet normal 0.843453 0.537203 0
    outer loop
      vertex 4.2218 -14.5949 59.8
      vertex 4.17728 -14.525 52.8
      vertex 4.17728 -14.525 59.8
    endloop
  endfacet
  facet normal 0.843453 0.537203 0
    outer loop
      vertex 4.17728 -14.525 52.8
      vertex 4.2218 -14.5949 59.8
      vertex 4.2218 -14.5949 52.8
    endloop
  endfacet
  facet normal 0.991448 0.130504 0
    outer loop
      vertex 4.06443 -14.215 59.8
      vertex 4.05361 -14.1328 52.8
      vertex 4.05361 -14.1328 59.8
    endloop
  endfacet
  facet normal 0.991448 0.130504 0
    outer loop
      vertex 4.05361 -14.1328 52.8
      vertex 4.06443 -14.215 59.8
      vertex 4.06443 -14.215 52.8
    endloop
  endfacet
  facet normal 0.953677 0.300831 0
    outer loop
      vertex 4.10729 -14.3749 59.8
      vertex 4.08237 -14.2959 52.8
      vertex 4.08237 -14.2959 59.8
    endloop
  endfacet
  facet normal 0.953677 0.300831 0
    outer loop
      vertex 4.08237 -14.2959 52.8
      vertex 4.10729 -14.3749 59.8
      vertex 4.10729 -14.3749 52.8
    endloop
  endfacet
  facet normal -0.991463 0.130386 0
    outer loop
      vertex 5.93557 -14.215 52.8
      vertex 5.94638 -14.1328 59.8
      vertex 5.94638 -14.1328 52.8
    endloop
  endfacet
  facet normal -0.991463 0.130386 0
    outer loop
      vertex 5.94638 -14.1328 59.8
      vertex 5.93557 -14.215 52.8
      vertex 5.93557 -14.215 59.8
    endloop
  endfacet
  facet normal -0.976284 0.216496 0
    outer loop
      vertex 5.91763 -14.2959 52.8
      vertex 5.93557 -14.215 59.8
      vertex 5.93557 -14.215 52.8
    endloop
  endfacet
  facet normal -0.976284 0.216496 0
    outer loop
      vertex 5.93557 -14.215 59.8
      vertex 5.91763 -14.2959 52.8
      vertex 5.91763 -14.2959 59.8
    endloop
  endfacet
  facet normal -0.999046 0.0436781 0
    outer loop
      vertex 5.94638 -14.1328 52.8
      vertex 5.95 -14.05 59.8
      vertex 5.95 -14.05 52.8
    endloop
  endfacet
  facet normal -0.999046 0.0436781 0
    outer loop
      vertex 5.95 -14.05 59.8
      vertex 5.94638 -14.1328 52.8
      vertex 5.94638 -14.1328 59.8
    endloop
  endfacet
  facet normal 0.88697 0.461828 0
    outer loop
      vertex 4.17728 -14.525 59.8
      vertex 4.13901 -14.4515 52.8
      vertex 4.13901 -14.4515 59.8
    endloop
  endfacet
  facet normal 0.88697 0.461828 0
    outer loop
      vertex 4.13901 -14.4515 52.8
      vertex 4.17728 -14.525 59.8
      vertex 4.17728 -14.525 52.8
    endloop
  endfacet
  facet normal -0.999051 0.0435577 0
    outer loop
      vertex -4.05361 33.9672 52.8
      vertex -4.05 34.05 59.8
      vertex -4.05 34.05 52.8
    endloop
  endfacet
  facet normal -0.999051 0.0435577 0
    outer loop
      vertex -4.05 34.05 59.8
      vertex -4.05361 33.9672 52.8
      vertex -4.05361 33.9672 59.8
    endloop
  endfacet
  facet normal 0.382515 -0.923949 0
    outer loop
      vertex -5.40149 34.911 52.8
      vertex -5.32492 34.9427 59.8
      vertex -5.40149 34.911 59.8
    endloop
  endfacet
  facet normal 0.382515 -0.923949 0
    outer loop
      vertex -5.32492 34.9427 59.8
      vertex -5.40149 34.911 52.8
      vertex -5.32492 34.9427 52.8
    endloop
  endfacet
  facet normal 0.923917 0.382593 0
    outer loop
      vertex -5.86099 33.6485 59.8
      vertex -5.89271 33.7251 52.8
      vertex -5.89271 33.7251 59.8
    endloop
  endfacet
  facet normal 0.923917 0.382593 0
    outer loop
      vertex -5.89271 33.7251 52.8
      vertex -5.86099 33.6485 59.8
      vertex -5.86099 33.6485 52.8
    endloop
  endfacet
  facet normal -0.976284 -0.216496 0
    outer loop
      vertex -4.06443 34.215 52.8
      vertex -4.08237 34.2959 59.8
      vertex -4.08237 34.2959 52.8
    endloop
  endfacet
  facet normal -0.976284 -0.216496 0
    outer loop
      vertex -4.08237 34.2959 59.8
      vertex -4.06443 34.215 52.8
      vertex -4.06443 34.215 59.8
    endloop
  endfacet
  facet normal -0.953677 -0.300831 0
    outer loop
      vertex -4.08237 34.2959 52.8
      vertex -4.10729 34.3749 59.8
      vertex -4.10729 34.3749 52.8
    endloop
  endfacet
  facet normal -0.953677 -0.300831 0
    outer loop
      vertex -4.10729 34.3749 59.8
      vertex -4.08237 34.2959 52.8
      vertex -4.08237 34.2959 59.8
    endloop
  endfacet
  facet normal -0.793081 -0.609116 0
    outer loop
      vertex -4.2218 34.5949 52.8
      vertex -4.27226 34.6606 59.8
      vertex -4.27226 34.6606 52.8
    endloop
  endfacet
  facet normal -0.793081 -0.609116 0
    outer loop
      vertex -4.27226 34.6606 59.8
      vertex -4.2218 34.5949 52.8
      vertex -4.2218 34.5949 59.8
    endloop
  endfacet
  facet normal -0.462063 -0.886847 0
    outer loop
      vertex -4.59851 34.911 52.8
      vertex -4.525 34.8727 59.8
      vertex -4.59851 34.911 59.8
    endloop
  endfacet
  facet normal -0.462063 -0.886847 -0
    outer loop
      vertex -4.525 34.8727 59.8
      vertex -4.59851 34.911 52.8
      vertex -4.525 34.8727 52.8
    endloop
  endfacet
  facet normal 0.88697 -0.461828 0
    outer loop
      vertex -5.86099 34.4515 59.8
      vertex -5.82272 34.525 52.8
      vertex -5.82272 34.525 59.8
    endloop
  endfacet
  facet normal 0.88697 -0.461828 0
    outer loop
      vertex -5.82272 34.525 52.8
      vertex -5.86099 34.4515 59.8
      vertex -5.86099 34.4515 52.8
    endloop
  endfacet
  facet normal 0.609128 -0.793072 0
    outer loop
      vertex -5.61065 34.7777 52.8
      vertex -5.5449 34.8282 59.8
      vertex -5.61065 34.7777 59.8
    endloop
  endfacet
  facet normal 0.609128 -0.793072 0
    outer loop
      vertex -5.5449 34.8282 59.8
      vertex -5.61065 34.7777 52.8
      vertex -5.5449 34.8282 52.8
    endloop
  endfacet
  facet normal -0.793081 0.609116 0
    outer loop
      vertex -4.27226 33.4394 52.8
      vertex -4.2218 33.5051 59.8
      vertex -4.2218 33.5051 52.8
    endloop
  endfacet
  facet normal -0.793081 0.609116 0
    outer loop
      vertex -4.2218 33.5051 59.8
      vertex -4.27226 33.4394 52.8
      vertex -4.27226 33.4394 59.8
    endloop
  endfacet
  facet normal -0.21716 0.976136 0
    outer loop
      vertex -4.75412 33.1324 52.8
      vertex -4.83503 33.1144 59.8
      vertex -4.75412 33.1324 59.8
    endloop
  endfacet
  facet normal -0.21716 0.976136 0
    outer loop
      vertex -4.83503 33.1144 59.8
      vertex -4.75412 33.1324 52.8
      vertex -4.83503 33.1144 52.8
    endloop
  endfacet
  facet normal -0.737264 0.675604 0
    outer loop
      vertex -4.32825 33.3783 52.8
      vertex -4.27226 33.4394 59.8
      vertex -4.27226 33.4394 52.8
    endloop
  endfacet
  facet normal -0.737264 0.675604 0
    outer loop
      vertex -4.27226 33.4394 59.8
      vertex -4.32825 33.3783 52.8
      vertex -4.32825 33.3783 59.8
    endloop
  endfacet
  facet normal 0.130314 0.991473 -0
    outer loop
      vertex -5.0828 33.1036 52.8
      vertex -5.16497 33.1144 59.8
      vertex -5.0828 33.1036 59.8
    endloop
  endfacet
  facet normal 0.130314 0.991473 0
    outer loop
      vertex -5.16497 33.1144 59.8
      vertex -5.0828 33.1036 52.8
      vertex -5.16497 33.1144 52.8
    endloop
  endfacet
  facet normal 0.537032 0.843562 -0
    outer loop
      vertex -5.475 33.2273 52.8
      vertex -5.5449 33.2718 59.8
      vertex -5.475 33.2273 59.8
    endloop
  endfacet
  facet normal 0.537032 0.843562 0
    outer loop
      vertex -5.5449 33.2718 59.8
      vertex -5.475 33.2273 52.8
      vertex -5.5449 33.2718 52.8
    endloop
  endfacet
  facet normal 0.609128 0.793072 -0
    outer loop
      vertex -5.5449 33.2718 52.8
      vertex -5.61065 33.3223 59.8
      vertex -5.5449 33.2718 59.8
    endloop
  endfacet
  facet normal 0.609128 0.793072 0
    outer loop
      vertex -5.61065 33.3223 59.8
      vertex -5.5449 33.2718 52.8
      vertex -5.61065 33.3223 52.8
    endloop
  endfacet
  facet normal -0.991448 -0.130504 0
    outer loop
      vertex -4.05361 34.1328 52.8
      vertex -4.06443 34.215 59.8
      vertex -4.06443 34.215 52.8
    endloop
  endfacet
  facet normal -0.991448 -0.130504 0
    outer loop
      vertex -4.06443 34.215 59.8
      vertex -4.05361 34.1328 52.8
      vertex -4.05361 34.1328 59.8
    endloop
  endfacet
  facet normal -0.923917 -0.382593 0
    outer loop
      vertex -4.10729 34.3749 52.8
      vertex -4.13901 34.4515 59.8
      vertex -4.13901 34.4515 52.8
    endloop
  endfacet
  facet normal -0.923917 -0.382593 0
    outer loop
      vertex -4.13901 34.4515 59.8
      vertex -4.10729 34.3749 52.8
      vertex -4.10729 34.3749 59.8
    endloop
  endfacet
  facet normal -0.88697 -0.461828 0
    outer loop
      vertex -4.13901 34.4515 52.8
      vertex -4.17728 34.525 59.8
      vertex -4.17728 34.525 52.8
    endloop
  endfacet
  facet normal -0.88697 -0.461828 0
    outer loop
      vertex -4.17728 34.525 59.8
      vertex -4.13901 34.4515 52.8
      vertex -4.13901 34.4515 59.8
    endloop
  endfacet
  facet normal -0.843453 -0.537203 0
    outer loop
      vertex -4.17728 34.525 52.8
      vertex -4.2218 34.5949 59.8
      vertex -4.2218 34.5949 52.8
    endloop
  endfacet
  facet normal -0.843453 -0.537203 0
    outer loop
      vertex -4.2218 34.5949 59.8
      vertex -4.17728 34.525 52.8
      vertex -4.17728 34.525 59.8
    endloop
  endfacet
  facet normal -0.737814 -0.675004 0
    outer loop
      vertex -4.27226 34.6606 52.8
      vertex -4.32825 34.7218 59.8
      vertex -4.32825 34.7218 52.8
    endloop
  endfacet
  facet normal -0.737814 -0.675004 0
    outer loop
      vertex -4.32825 34.7218 59.8
      vertex -4.27226 34.6606 52.8
      vertex -4.27226 34.6606 59.8
    endloop
  endfacet
  facet normal -0.0434372 -0.999056 0
    outer loop
      vertex -5 35 52.8
      vertex -4.9172 34.9964 59.8
      vertex -5 35 59.8
    endloop
  endfacet
  facet normal -0.0434372 -0.999056 -0
    outer loop
      vertex -4.9172 34.9964 59.8
      vertex -5 35 52.8
      vertex -4.9172 34.9964 52.8
    endloop
  endfacet
  facet normal -0.609128 -0.793072 0
    outer loop
      vertex -4.4551 34.8282 52.8
      vertex -4.38935 34.7777 59.8
      vertex -4.4551 34.8282 59.8
    endloop
  endfacet
  facet normal -0.609128 -0.793072 -0
    outer loop
      vertex -4.38935 34.7777 59.8
      vertex -4.4551 34.8282 52.8
      vertex -4.38935 34.7777 52.8
    endloop
  endfacet
  facet normal -0.382515 -0.923949 0
    outer loop
      vertex -4.67508 34.9427 52.8
      vertex -4.59851 34.911 59.8
      vertex -4.67508 34.9427 59.8
    endloop
  endfacet
  facet normal -0.382515 -0.923949 -0
    outer loop
      vertex -4.59851 34.911 59.8
      vertex -4.67508 34.9427 52.8
      vertex -4.59851 34.911 52.8
    endloop
  endfacet
  facet normal -0.21716 -0.976136 0
    outer loop
      vertex -4.83503 34.9856 52.8
      vertex -4.75412 34.9676 59.8
      vertex -4.83503 34.9856 59.8
    endloop
  endfacet
  facet normal -0.21716 -0.976136 -0
    outer loop
      vertex -4.75412 34.9676 59.8
      vertex -4.83503 34.9856 52.8
      vertex -4.75412 34.9676 52.8
    endloop
  endfacet
  facet normal 0.999046 -0.0436781 0
    outer loop
      vertex -5.95 34.05 59.8
      vertex -5.94638 34.1328 52.8
      vertex -5.94638 34.1328 59.8
    endloop
  endfacet
  facet normal 0.999046 -0.0436781 0
    outer loop
      vertex -5.94638 34.1328 52.8
      vertex -5.95 34.05 59.8
      vertex -5.95 34.05 52.8
    endloop
  endfacet
  facet normal 0.976284 -0.216496 0
    outer loop
      vertex -5.93557 34.215 59.8
      vertex -5.91763 34.2959 52.8
      vertex -5.91763 34.2959 59.8
    endloop
  endfacet
  facet normal 0.976284 -0.216496 0
    outer loop
      vertex -5.91763 34.2959 52.8
      vertex -5.93557 34.215 59.8
      vertex -5.93557 34.215 52.8
    endloop
  endfacet
  facet normal 0.737814 -0.675004 0
    outer loop
      vertex -5.72774 34.6606 59.8
      vertex -5.67175 34.7218 52.8
      vertex -5.67175 34.7218 59.8
    endloop
  endfacet
  facet normal 0.737814 -0.675004 0
    outer loop
      vertex -5.67175 34.7218 52.8
      vertex -5.72774 34.6606 59.8
      vertex -5.72774 34.6606 52.8
    endloop
  endfacet
  facet normal 0.843398 -0.537289 0
    outer loop
      vertex -5.82272 34.525 59.8
      vertex -5.77819 34.5949 52.8
      vertex -5.77819 34.5949 59.8
    endloop
  endfacet
  facet normal 0.843398 -0.537289 0
    outer loop
      vertex -5.77819 34.5949 52.8
      vertex -5.82272 34.525 59.8
      vertex -5.82272 34.525 52.8
    endloop
  endfacet
  facet normal 0.79314 -0.60904 0
    outer loop
      vertex -5.77819 34.5949 59.8
      vertex -5.72774 34.6606 52.8
      vertex -5.72774 34.6606 59.8
    endloop
  endfacet
  facet normal 0.79314 -0.60904 0
    outer loop
      vertex -5.72774 34.6606 52.8
      vertex -5.77819 34.5949 59.8
      vertex -5.77819 34.5949 52.8
    endloop
  endfacet
  facet normal 0.130314 -0.991473 0
    outer loop
      vertex -5.16497 34.9856 52.8
      vertex -5.0828 34.9964 59.8
      vertex -5.16497 34.9856 59.8
    endloop
  endfacet
  facet normal 0.130314 -0.991473 0
    outer loop
      vertex -5.0828 34.9964 59.8
      vertex -5.16497 34.9856 52.8
      vertex -5.0828 34.9964 52.8
    endloop
  endfacet
  facet normal 0.300473 -0.95379 0
    outer loop
      vertex -5.32492 34.9427 52.8
      vertex -5.24588 34.9676 59.8
      vertex -5.32492 34.9427 59.8
    endloop
  endfacet
  facet normal 0.300473 -0.95379 0
    outer loop
      vertex -5.24588 34.9676 59.8
      vertex -5.32492 34.9427 52.8
      vertex -5.24588 34.9676 52.8
    endloop
  endfacet
  facet normal 0.21716 -0.976136 0
    outer loop
      vertex -5.24588 34.9676 52.8
      vertex -5.16497 34.9856 59.8
      vertex -5.24588 34.9676 59.8
    endloop
  endfacet
  facet normal 0.21716 -0.976136 0
    outer loop
      vertex -5.16497 34.9856 59.8
      vertex -5.24588 34.9676 52.8
      vertex -5.16497 34.9856 52.8
    endloop
  endfacet
  facet normal 0.462063 -0.886847 0
    outer loop
      vertex -5.475 34.8727 52.8
      vertex -5.40149 34.911 59.8
      vertex -5.475 34.8727 59.8
    endloop
  endfacet
  facet normal 0.462063 -0.886847 0
    outer loop
      vertex -5.40149 34.911 59.8
      vertex -5.475 34.8727 52.8
      vertex -5.40149 34.911 52.8
    endloop
  endfacet
  facet normal 0.537032 -0.843562 0
    outer loop
      vertex -5.5449 34.8282 52.8
      vertex -5.475 34.8727 59.8
      vertex -5.5449 34.8282 59.8
    endloop
  endfacet
  facet normal 0.537032 -0.843562 0
    outer loop
      vertex -5.475 34.8727 59.8
      vertex -5.5449 34.8282 52.8
      vertex -5.475 34.8727 52.8
    endloop
  endfacet
  facet normal 0.675013 -0.737805 0
    outer loop
      vertex -5.67175 34.7218 52.8
      vertex -5.61065 34.7777 59.8
      vertex -5.67175 34.7218 59.8
    endloop
  endfacet
  facet normal 0.675013 -0.737805 0
    outer loop
      vertex -5.61065 34.7777 59.8
      vertex -5.67175 34.7218 52.8
      vertex -5.61065 34.7777 52.8
    endloop
  endfacet
  facet normal -0.999051 -0.0435577 0
    outer loop
      vertex -4.05 34.05 52.8
      vertex -4.05361 34.1328 59.8
      vertex -4.05361 34.1328 52.8
    endloop
  endfacet
  facet normal -0.999051 -0.0435577 0
    outer loop
      vertex -4.05361 34.1328 59.8
      vertex -4.05 34.05 52.8
      vertex -4.05 34.05 59.8
    endloop
  endfacet
  facet normal -0.0434372 0.999056 0
    outer loop
      vertex -4.9172 33.1036 52.8
      vertex -5 33.1 59.8
      vertex -4.9172 33.1036 59.8
    endloop
  endfacet
  facet normal -0.0434372 0.999056 0
    outer loop
      vertex -5 33.1 59.8
      vertex -4.9172 33.1036 52.8
      vertex -5 33.1 52.8
    endloop
  endfacet
  facet normal -0.130314 0.991473 0
    outer loop
      vertex -4.83503 33.1144 52.8
      vertex -4.9172 33.1036 59.8
      vertex -4.83503 33.1144 59.8
    endloop
  endfacet
  facet normal -0.130314 0.991473 0
    outer loop
      vertex -4.9172 33.1036 59.8
      vertex -4.83503 33.1144 52.8
      vertex -4.9172 33.1036 52.8
    endloop
  endfacet
  facet normal -0.67567 0.737204 0
    outer loop
      vertex -4.32825 33.3783 52.8
      vertex -4.38935 33.3223 59.8
      vertex -4.32825 33.3783 59.8
    endloop
  endfacet
  facet normal -0.67567 0.737204 0
    outer loop
      vertex -4.38935 33.3223 59.8
      vertex -4.32825 33.3783 52.8
      vertex -4.38935 33.3223 52.8
    endloop
  endfacet
  facet normal 0.300473 0.95379 -0
    outer loop
      vertex -5.24588 33.1324 52.8
      vertex -5.32492 33.1573 59.8
      vertex -5.24588 33.1324 59.8
    endloop
  endfacet
  facet normal 0.300473 0.95379 0
    outer loop
      vertex -5.32492 33.1573 59.8
      vertex -5.24588 33.1324 52.8
      vertex -5.32492 33.1573 52.8
    endloop
  endfacet
  facet normal 0.382515 0.923949 -0
    outer loop
      vertex -5.32492 33.1573 52.8
      vertex -5.40149 33.189 59.8
      vertex -5.32492 33.1573 59.8
    endloop
  endfacet
  facet normal 0.382515 0.923949 0
    outer loop
      vertex -5.40149 33.189 59.8
      vertex -5.32492 33.1573 52.8
      vertex -5.40149 33.189 52.8
    endloop
  endfacet
  facet normal 0.21716 0.976136 -0
    outer loop
      vertex -5.16497 33.1144 52.8
      vertex -5.24588 33.1324 59.8
      vertex -5.16497 33.1144 59.8
    endloop
  endfacet
  facet normal 0.21716 0.976136 0
    outer loop
      vertex -5.24588 33.1324 59.8
      vertex -5.16497 33.1144 52.8
      vertex -5.24588 33.1324 52.8
    endloop
  endfacet
  facet normal 0.462063 0.886847 -0
    outer loop
      vertex -5.40149 33.189 52.8
      vertex -5.475 33.2273 59.8
      vertex -5.40149 33.189 59.8
    endloop
  endfacet
  facet normal 0.462063 0.886847 0
    outer loop
      vertex -5.475 33.2273 59.8
      vertex -5.40149 33.189 52.8
      vertex -5.475 33.2273 52.8
    endloop
  endfacet
  facet normal 0.67567 0.737204 -0
    outer loop
      vertex -5.61065 33.3223 52.8
      vertex -5.67175 33.3783 59.8
      vertex -5.61065 33.3223 59.8
    endloop
  endfacet
  facet normal 0.67567 0.737204 0
    outer loop
      vertex -5.67175 33.3783 59.8
      vertex -5.61065 33.3223 52.8
      vertex -5.67175 33.3783 52.8
    endloop
  endfacet
  facet normal 0.976284 0.216496 0
    outer loop
      vertex -5.91763 33.8041 59.8
      vertex -5.93557 33.885 52.8
      vertex -5.93557 33.885 59.8
    endloop
  endfacet
  facet normal 0.976284 0.216496 0
    outer loop
      vertex -5.93557 33.885 52.8
      vertex -5.91763 33.8041 59.8
      vertex -5.91763 33.8041 52.8
    endloop
  endfacet
  facet normal 0.999046 0.0436781 0
    outer loop
      vertex -5.94638 33.9672 59.8
      vertex -5.95 34.05 52.8
      vertex -5.95 34.05 59.8
    endloop
  endfacet
  facet normal 0.999046 0.0436781 0
    outer loop
      vertex -5.95 34.05 52.8
      vertex -5.94638 33.9672 59.8
      vertex -5.94638 33.9672 52.8
    endloop
  endfacet
  facet normal 0.737264 0.675604 0
    outer loop
      vertex -5.67175 33.3783 59.8
      vertex -5.72774 33.4394 52.8
      vertex -5.72774 33.4394 59.8
    endloop
  endfacet
  facet normal 0.737264 0.675604 0
    outer loop
      vertex -5.72774 33.4394 52.8
      vertex -5.67175 33.3783 59.8
      vertex -5.67175 33.3783 52.8
    endloop
  endfacet
  facet normal 0.79314 0.60904 0
    outer loop
      vertex -5.72774 33.4394 59.8
      vertex -5.77819 33.5051 52.8
      vertex -5.77819 33.5051 59.8
    endloop
  endfacet
  facet normal 0.79314 0.60904 0
    outer loop
      vertex -5.77819 33.5051 52.8
      vertex -5.72774 33.4394 59.8
      vertex -5.72774 33.4394 52.8
    endloop
  endfacet
  facet normal -0.537032 -0.843562 0
    outer loop
      vertex -4.525 34.8727 52.8
      vertex -4.4551 34.8282 59.8
      vertex -4.525 34.8727 59.8
    endloop
  endfacet
  facet normal -0.537032 -0.843562 -0
    outer loop
      vertex -4.4551 34.8282 59.8
      vertex -4.525 34.8727 52.8
      vertex -4.4551 34.8282 52.8
    endloop
  endfacet
  facet normal -0.675013 -0.737805 0
    outer loop
      vertex -4.38935 34.7777 52.8
      vertex -4.32825 34.7218 59.8
      vertex -4.38935 34.7777 59.8
    endloop
  endfacet
  facet normal -0.675013 -0.737805 -0
    outer loop
      vertex -4.32825 34.7218 59.8
      vertex -4.38935 34.7777 52.8
      vertex -4.32825 34.7218 52.8
    endloop
  endfacet
  facet normal -0.130314 -0.991473 0
    outer loop
      vertex -4.9172 34.9964 52.8
      vertex -4.83503 34.9856 59.8
      vertex -4.9172 34.9964 59.8
    endloop
  endfacet
  facet normal -0.130314 -0.991473 -0
    outer loop
      vertex -4.83503 34.9856 59.8
      vertex -4.9172 34.9964 52.8
      vertex -4.83503 34.9856 52.8
    endloop
  endfacet
  facet normal -0.300473 -0.95379 0
    outer loop
      vertex -4.75412 34.9676 52.8
      vertex -4.67508 34.9427 59.8
      vertex -4.75412 34.9676 59.8
    endloop
  endfacet
  facet normal -0.300473 -0.95379 -0
    outer loop
      vertex -4.67508 34.9427 59.8
      vertex -4.75412 34.9676 52.8
      vertex -4.67508 34.9427 52.8
    endloop
  endfacet
  facet normal 0.991463 -0.130386 0
    outer loop
      vertex -5.94638 34.1328 59.8
      vertex -5.93557 34.215 52.8
      vertex -5.93557 34.215 59.8
    endloop
  endfacet
  facet normal 0.991463 -0.130386 0
    outer loop
      vertex -5.93557 34.215 52.8
      vertex -5.94638 34.1328 59.8
      vertex -5.94638 34.1328 52.8
    endloop
  endfacet
  facet normal 0.953677 -0.300831 0
    outer loop
      vertex -5.91763 34.2959 59.8
      vertex -5.89271 34.3749 52.8
      vertex -5.89271 34.3749 59.8
    endloop
  endfacet
  facet normal 0.953677 -0.300831 0
    outer loop
      vertex -5.89271 34.3749 52.8
      vertex -5.91763 34.2959 59.8
      vertex -5.91763 34.2959 52.8
    endloop
  endfacet
  facet normal 0.923917 -0.382593 0
    outer loop
      vertex -5.89271 34.3749 59.8
      vertex -5.86099 34.4515 52.8
      vertex -5.86099 34.4515 59.8
    endloop
  endfacet
  facet normal 0.923917 -0.382593 0
    outer loop
      vertex -5.86099 34.4515 52.8
      vertex -5.89271 34.3749 59.8
      vertex -5.89271 34.3749 52.8
    endloop
  endfacet
  facet normal 0.0434372 -0.999056 0
    outer loop
      vertex -5.0828 34.9964 52.8
      vertex -5 35 59.8
      vertex -5.0828 34.9964 59.8
    endloop
  endfacet
  facet normal 0.0434372 -0.999056 0
    outer loop
      vertex -5 35 59.8
      vertex -5.0828 34.9964 52.8
      vertex -5 35 52.8
    endloop
  endfacet
  facet normal -0.991448 0.130504 0
    outer loop
      vertex -4.06443 33.885 52.8
      vertex -4.05361 33.9672 59.8
      vertex -4.05361 33.9672 52.8
    endloop
  endfacet
  facet normal -0.991448 0.130504 0
    outer loop
      vertex -4.05361 33.9672 59.8
      vertex -4.06443 33.885 52.8
      vertex -4.06443 33.885 59.8
    endloop
  endfacet
  facet normal -0.976284 0.216496 0
    outer loop
      vertex -4.08237 33.8041 52.8
      vertex -4.06443 33.885 59.8
      vertex -4.06443 33.885 52.8
    endloop
  endfacet
  facet normal -0.976284 0.216496 0
    outer loop
      vertex -4.06443 33.885 59.8
      vertex -4.08237 33.8041 52.8
      vertex -4.08237 33.8041 59.8
    endloop
  endfacet
  facet normal -0.953677 0.300831 0
    outer loop
      vertex -4.10729 33.7251 52.8
      vertex -4.08237 33.8041 59.8
      vertex -4.08237 33.8041 52.8
    endloop
  endfacet
  facet normal -0.953677 0.300831 0
    outer loop
      vertex -4.08237 33.8041 59.8
      vertex -4.10729 33.7251 52.8
      vertex -4.10729 33.7251 59.8
    endloop
  endfacet
  facet normal -0.843453 0.537203 0
    outer loop
      vertex -4.2218 33.5051 52.8
      vertex -4.17728 33.575 59.8
      vertex -4.17728 33.575 52.8
    endloop
  endfacet
  facet normal -0.843453 0.537203 0
    outer loop
      vertex -4.17728 33.575 59.8
      vertex -4.2218 33.5051 52.8
      vertex -4.2218 33.5051 59.8
    endloop
  endfacet
  facet normal -0.382515 0.923949 0
    outer loop
      vertex -4.59851 33.189 52.8
      vertex -4.67508 33.1573 59.8
      vertex -4.59851 33.189 59.8
    endloop
  endfacet
  facet normal -0.382515 0.923949 0
    outer loop
      vertex -4.67508 33.1573 59.8
      vertex -4.59851 33.189 52.8
      vertex -4.67508 33.1573 52.8
    endloop
  endfacet
  facet normal -0.609128 0.793072 0
    outer loop
      vertex -4.38935 33.3223 52.8
      vertex -4.4551 33.2718 59.8
      vertex -4.38935 33.3223 59.8
    endloop
  endfacet
  facet normal -0.609128 0.793072 0
    outer loop
      vertex -4.4551 33.2718 59.8
      vertex -4.38935 33.3223 52.8
      vertex -4.4551 33.2718 52.8
    endloop
  endfacet
  facet normal -0.462063 0.886847 0
    outer loop
      vertex -4.525 33.2273 52.8
      vertex -4.59851 33.189 59.8
      vertex -4.525 33.2273 59.8
    endloop
  endfacet
  facet normal -0.462063 0.886847 0
    outer loop
      vertex -4.59851 33.189 59.8
      vertex -4.525 33.2273 52.8
      vertex -4.59851 33.189 52.8
    endloop
  endfacet
  facet normal 0.0434372 0.999056 -0
    outer loop
      vertex -5 33.1 52.8
      vertex -5.0828 33.1036 59.8
      vertex -5 33.1 59.8
    endloop
  endfacet
  facet normal 0.0434372 0.999056 0
    outer loop
      vertex -5.0828 33.1036 59.8
      vertex -5 33.1 52.8
      vertex -5.0828 33.1036 52.8
    endloop
  endfacet
  facet normal 0.991463 0.130386 0
    outer loop
      vertex -5.93557 33.885 59.8
      vertex -5.94638 33.9672 52.8
      vertex -5.94638 33.9672 59.8
    endloop
  endfacet
  facet normal 0.991463 0.130386 0
    outer loop
      vertex -5.94638 33.9672 52.8
      vertex -5.93557 33.885 59.8
      vertex -5.93557 33.885 52.8
    endloop
  endfacet
  facet normal 0.953677 0.300831 0
    outer loop
      vertex -5.89271 33.7251 59.8
      vertex -5.91763 33.8041 52.8
      vertex -5.91763 33.8041 59.8
    endloop
  endfacet
  facet normal 0.953677 0.300831 0
    outer loop
      vertex -5.91763 33.8041 52.8
      vertex -5.89271 33.7251 59.8
      vertex -5.89271 33.7251 52.8
    endloop
  endfacet
  facet normal 0.88697 0.461828 0
    outer loop
      vertex -5.82272 33.575 59.8
      vertex -5.86099 33.6485 52.8
      vertex -5.86099 33.6485 59.8
    endloop
  endfacet
  facet normal 0.88697 0.461828 0
    outer loop
      vertex -5.86099 33.6485 52.8
      vertex -5.82272 33.575 59.8
      vertex -5.82272 33.575 52.8
    endloop
  endfacet
  facet normal -0.923917 0.382593 0
    outer loop
      vertex -4.13901 33.6485 52.8
      vertex -4.10729 33.7251 59.8
      vertex -4.10729 33.7251 52.8
    endloop
  endfacet
  facet normal -0.923917 0.382593 0
    outer loop
      vertex -4.10729 33.7251 59.8
      vertex -4.13901 33.6485 52.8
      vertex -4.13901 33.6485 59.8
    endloop
  endfacet
  facet normal -0.300473 0.95379 0
    outer loop
      vertex -4.67508 33.1573 52.8
      vertex -4.75412 33.1324 59.8
      vertex -4.67508 33.1573 59.8
    endloop
  endfacet
  facet normal -0.300473 0.95379 0
    outer loop
      vertex -4.75412 33.1324 59.8
      vertex -4.67508 33.1573 52.8
      vertex -4.75412 33.1324 52.8
    endloop
  endfacet
  facet normal -0.537032 0.843562 0
    outer loop
      vertex -4.4551 33.2718 52.8
      vertex -4.525 33.2273 59.8
      vertex -4.4551 33.2718 59.8
    endloop
  endfacet
  facet normal -0.537032 0.843562 0
    outer loop
      vertex -4.525 33.2273 59.8
      vertex -4.4551 33.2718 52.8
      vertex -4.525 33.2273 52.8
    endloop
  endfacet
  facet normal 0.843398 0.537289 0
    outer loop
      vertex -5.77819 33.5051 59.8
      vertex -5.82272 33.575 52.8
      vertex -5.82272 33.575 59.8
    endloop
  endfacet
  facet normal 0.843398 0.537289 0
    outer loop
      vertex -5.82272 33.575 52.8
      vertex -5.77819 33.5051 59.8
      vertex -5.77819 33.5051 52.8
    endloop
  endfacet
  facet normal -0.88697 0.461828 0
    outer loop
      vertex -4.17728 33.575 52.8
      vertex -4.13901 33.6485 59.8
      vertex -4.13901 33.6485 52.8
    endloop
  endfacet
  facet normal -0.88697 0.461828 0
    outer loop
      vertex -4.13901 33.6485 59.8
      vertex -4.17728 33.575 52.8
      vertex -4.17728 33.575 59.8
    endloop
  endfacet
  facet normal -0.999046 -0.0436781 0
    outer loop
      vertex 5.95 34.05 52.8
      vertex 5.94638 34.1328 59.8
      vertex 5.94638 34.1328 52.8
    endloop
  endfacet
  facet normal -0.999046 -0.0436781 0
    outer loop
      vertex 5.94638 34.1328 59.8
      vertex 5.95 34.05 52.8
      vertex 5.95 34.05 59.8
    endloop
  endfacet
  facet normal 0.999051 -0.0435577 0
    outer loop
      vertex 4.05 34.05 59.8
      vertex 4.05361 34.1328 52.8
      vertex 4.05361 34.1328 59.8
    endloop
  endfacet
  facet normal 0.999051 -0.0435577 0
    outer loop
      vertex 4.05361 34.1328 52.8
      vertex 4.05 34.05 59.8
      vertex 4.05 34.05 52.8
    endloop
  endfacet
  facet normal -0.0434372 -0.999056 0
    outer loop
      vertex 5 35 52.8
      vertex 5.0828 34.9964 59.8
      vertex 5 35 59.8
    endloop
  endfacet
  facet normal -0.0434372 -0.999056 -0
    outer loop
      vertex 5.0828 34.9964 59.8
      vertex 5 35 52.8
      vertex 5.0828 34.9964 52.8
    endloop
  endfacet
  facet normal -0.737814 -0.675004 0
    outer loop
      vertex 5.72774 34.6606 52.8
      vertex 5.67175 34.7218 59.8
      vertex 5.67175 34.7218 52.8
    endloop
  endfacet
  facet normal -0.737814 -0.675004 0
    outer loop
      vertex 5.67175 34.7218 59.8
      vertex 5.72774 34.6606 52.8
      vertex 5.72774 34.6606 59.8
    endloop
  endfacet
  facet normal 0.675013 -0.737805 0
    outer loop
      vertex 4.32825 34.7218 52.8
      vertex 4.38935 34.7777 59.8
      vertex 4.32825 34.7218 59.8
    endloop
  endfacet
  facet normal 0.675013 -0.737805 0
    outer loop
      vertex 4.38935 34.7777 59.8
      vertex 4.32825 34.7218 52.8
      vertex 4.38935 34.7777 52.8
    endloop
  endfacet
  facet normal 0.300473 -0.95379 0
    outer loop
      vertex 4.67508 34.9427 52.8
      vertex 4.75412 34.9676 59.8
      vertex 4.67508 34.9427 59.8
    endloop
  endfacet
  facet normal 0.300473 -0.95379 0
    outer loop
      vertex 4.75412 34.9676 59.8
      vertex 4.67508 34.9427 52.8
      vertex 4.75412 34.9676 52.8
    endloop
  endfacet
  facet normal 0.976284 0.216496 0
    outer loop
      vertex 4.08237 33.8041 59.8
      vertex 4.06443 33.885 52.8
      vertex 4.06443 33.885 59.8
    endloop
  endfacet
  facet normal 0.976284 0.216496 0
    outer loop
      vertex 4.06443 33.885 52.8
      vertex 4.08237 33.8041 59.8
      vertex 4.08237 33.8041 52.8
    endloop
  endfacet
  facet normal -0.923917 -0.382593 0
    outer loop
      vertex 5.89271 34.3749 52.8
      vertex 5.86099 34.4515 59.8
      vertex 5.86099 34.4515 52.8
    endloop
  endfacet
  facet normal -0.923917 -0.382593 0
    outer loop
      vertex 5.86099 34.4515 59.8
      vertex 5.89271 34.3749 52.8
      vertex 5.89271 34.3749 59.8
    endloop
  endfacet
  facet normal -0.462063 -0.886847 0
    outer loop
      vertex 5.40149 34.911 52.8
      vertex 5.475 34.8727 59.8
      vertex 5.40149 34.911 59.8
    endloop
  endfacet
  facet normal -0.462063 -0.886847 -0
    outer loop
      vertex 5.475 34.8727 59.8
      vertex 5.40149 34.911 52.8
      vertex 5.475 34.8727 52.8
    endloop
  endfacet
  facet normal 0.843453 -0.537203 0
    outer loop
      vertex 4.17728 34.525 59.8
      vertex 4.2218 34.5949 52.8
      vertex 4.2218 34.5949 59.8
    endloop
  endfacet
  facet normal 0.843453 -0.537203 0
    outer loop
      vertex 4.2218 34.5949 52.8
      vertex 4.17728 34.525 59.8
      vertex 4.17728 34.525 52.8
    endloop
  endfacet
  facet normal 0.793081 -0.609116 0
    outer loop
      vertex 4.2218 34.5949 59.8
      vertex 4.27226 34.6606 52.8
      vertex 4.27226 34.6606 59.8
    endloop
  endfacet
  facet normal 0.793081 -0.609116 0
    outer loop
      vertex 4.27226 34.6606 52.8
      vertex 4.2218 34.5949 59.8
      vertex 4.2218 34.5949 52.8
    endloop
  endfacet
  facet normal 0.130314 -0.991473 0
    outer loop
      vertex 4.83503 34.9856 52.8
      vertex 4.9172 34.9964 59.8
      vertex 4.83503 34.9856 59.8
    endloop
  endfacet
  facet normal 0.130314 -0.991473 0
    outer loop
      vertex 4.9172 34.9964 59.8
      vertex 4.83503 34.9856 52.8
      vertex 4.9172 34.9964 52.8
    endloop
  endfacet
  facet normal -0.923917 0.382593 0
    outer loop
      vertex 5.86099 33.6485 52.8
      vertex 5.89271 33.7251 59.8
      vertex 5.89271 33.7251 52.8
    endloop
  endfacet
  facet normal -0.923917 0.382593 0
    outer loop
      vertex 5.89271 33.7251 59.8
      vertex 5.86099 33.6485 52.8
      vertex 5.86099 33.6485 59.8
    endloop
  endfacet
  facet normal -0.300473 0.95379 0
    outer loop
      vertex 5.32492 33.1573 52.8
      vertex 5.24588 33.1324 59.8
      vertex 5.32492 33.1573 59.8
    endloop
  endfacet
  facet normal -0.300473 0.95379 0
    outer loop
      vertex 5.24588 33.1324 59.8
      vertex 5.32492 33.1573 52.8
      vertex 5.24588 33.1324 52.8
    endloop
  endfacet
  facet normal -0.737264 0.675604 0
    outer loop
      vertex 5.67175 33.3783 52.8
      vertex 5.72774 33.4394 59.8
      vertex 5.72774 33.4394 52.8
    endloop
  endfacet
  facet normal -0.737264 0.675604 0
    outer loop
      vertex 5.72774 33.4394 59.8
      vertex 5.67175 33.3783 52.8
      vertex 5.67175 33.3783 59.8
    endloop
  endfacet
  facet normal -0.976284 0.216496 0
    outer loop
      vertex 5.91763 33.8041 52.8
      vertex 5.93557 33.885 59.8
      vertex 5.93557 33.885 52.8
    endloop
  endfacet
  facet normal -0.976284 0.216496 0
    outer loop
      vertex 5.93557 33.885 59.8
      vertex 5.91763 33.8041 52.8
      vertex 5.91763 33.8041 59.8
    endloop
  endfacet
  facet normal 0.300473 0.95379 -0
    outer loop
      vertex 4.75412 33.1324 52.8
      vertex 4.67508 33.1573 59.8
      vertex 4.75412 33.1324 59.8
    endloop
  endfacet
  facet normal 0.300473 0.95379 0
    outer loop
      vertex 4.67508 33.1573 59.8
      vertex 4.75412 33.1324 52.8
      vertex 4.67508 33.1573 52.8
    endloop
  endfacet
  facet normal 0.737264 0.675604 0
    outer loop
      vertex 4.32825 33.3783 59.8
      vertex 4.27226 33.4394 52.8
      vertex 4.27226 33.4394 59.8
    endloop
  endfacet
  facet normal 0.737264 0.675604 0
    outer loop
      vertex 4.27226 33.4394 52.8
      vertex 4.32825 33.3783 59.8
      vertex 4.32825 33.3783 52.8
    endloop
  endfacet
  facet normal -0.976284 -0.216496 0
    outer loop
      vertex 5.93557 34.215 52.8
      vertex 5.91763 34.2959 59.8
      vertex 5.91763 34.2959 52.8
    endloop
  endfacet
  facet normal -0.976284 -0.216496 0
    outer loop
      vertex 5.91763 34.2959 59.8
      vertex 5.93557 34.215 52.8
      vertex 5.93557 34.215 59.8
    endloop
  endfacet
  facet normal -0.991463 -0.130386 0
    outer loop
      vertex 5.94638 34.1328 52.8
      vertex 5.93557 34.215 59.8
      vertex 5.93557 34.215 52.8
    endloop
  endfacet
  facet normal -0.991463 -0.130386 0
    outer loop
      vertex 5.93557 34.215 59.8
      vertex 5.94638 34.1328 52.8
      vertex 5.94638 34.1328 59.8
    endloop
  endfacet
  facet normal -0.953677 -0.300831 0
    outer loop
      vertex 5.91763 34.2959 52.8
      vertex 5.89271 34.3749 59.8
      vertex 5.89271 34.3749 52.8
    endloop
  endfacet
  facet normal -0.953677 -0.300831 0
    outer loop
      vertex 5.89271 34.3749 59.8
      vertex 5.91763 34.2959 52.8
      vertex 5.91763 34.2959 59.8
    endloop
  endfacet
  facet normal -0.843398 -0.537289 0
    outer loop
      vertex 5.82272 34.525 52.8
      vertex 5.77819 34.5949 59.8
      vertex 5.77819 34.5949 52.8
    endloop
  endfacet
  facet normal -0.843398 -0.537289 0
    outer loop
      vertex 5.77819 34.5949 59.8
      vertex 5.82272 34.525 52.8
      vertex 5.82272 34.525 59.8
    endloop
  endfacet
  facet normal -0.79314 -0.60904 0
    outer loop
      vertex 5.77819 34.5949 52.8
      vertex 5.72774 34.6606 59.8
      vertex 5.72774 34.6606 52.8
    endloop
  endfacet
  facet normal -0.79314 -0.60904 0
    outer loop
      vertex 5.72774 34.6606 59.8
      vertex 5.77819 34.5949 52.8
      vertex 5.77819 34.5949 59.8
    endloop
  endfacet
  facet normal -0.88697 -0.461828 0
    outer loop
      vertex 5.86099 34.4515 52.8
      vertex 5.82272 34.525 59.8
      vertex 5.82272 34.525 52.8
    endloop
  endfacet
  facet normal -0.88697 -0.461828 0
    outer loop
      vertex 5.82272 34.525 59.8
      vertex 5.86099 34.4515 52.8
      vertex 5.86099 34.4515 59.8
    endloop
  endfacet
  facet normal -0.300473 -0.95379 0
    outer loop
      vertex 5.24588 34.9676 52.8
      vertex 5.32492 34.9427 59.8
      vertex 5.24588 34.9676 59.8
    endloop
  endfacet
  facet normal -0.300473 -0.95379 -0
    outer loop
      vertex 5.32492 34.9427 59.8
      vertex 5.24588 34.9676 52.8
      vertex 5.32492 34.9427 52.8
    endloop
  endfacet
  facet normal -0.21716 -0.976136 0
    outer loop
      vertex 5.16497 34.9856 52.8
      vertex 5.24588 34.9676 59.8
      vertex 5.16497 34.9856 59.8
    endloop
  endfacet
  facet normal -0.21716 -0.976136 -0
    outer loop
      vertex 5.24588 34.9676 59.8
      vertex 5.16497 34.9856 52.8
      vertex 5.24588 34.9676 52.8
    endloop
  endfacet
  facet normal -0.609128 -0.793072 0
    outer loop
      vertex 5.5449 34.8282 52.8
      vertex 5.61065 34.7777 59.8
      vertex 5.5449 34.8282 59.8
    endloop
  endfacet
  facet normal -0.609128 -0.793072 -0
    outer loop
      vertex 5.61065 34.7777 59.8
      vertex 5.5449 34.8282 52.8
      vertex 5.61065 34.7777 52.8
    endloop
  endfacet
  facet normal -0.675013 -0.737805 0
    outer loop
      vertex 5.61065 34.7777 52.8
      vertex 5.67175 34.7218 59.8
      vertex 5.61065 34.7777 59.8
    endloop
  endfacet
  facet normal -0.675013 -0.737805 -0
    outer loop
      vertex 5.67175 34.7218 59.8
      vertex 5.61065 34.7777 52.8
      vertex 5.67175 34.7218 52.8
    endloop
  endfacet
  facet normal 0.976284 -0.216496 0
    outer loop
      vertex 4.06443 34.215 59.8
      vertex 4.08237 34.2959 52.8
      vertex 4.08237 34.2959 59.8
    endloop
  endfacet
  facet normal 0.976284 -0.216496 0
    outer loop
      vertex 4.08237 34.2959 52.8
      vertex 4.06443 34.215 59.8
      vertex 4.06443 34.215 52.8
    endloop
  endfacet
  facet normal 0.991448 -0.130504 0
    outer loop
      vertex 4.05361 34.1328 59.8
      vertex 4.06443 34.215 52.8
      vertex 4.06443 34.215 59.8
    endloop
  endfacet
  facet normal 0.991448 -0.130504 0
    outer loop
      vertex 4.06443 34.215 52.8
      vertex 4.05361 34.1328 59.8
      vertex 4.05361 34.1328 52.8
    endloop
  endfacet
  facet normal 0.462063 -0.886847 0
    outer loop
      vertex 4.525 34.8727 52.8
      vertex 4.59851 34.911 59.8
      vertex 4.525 34.8727 59.8
    endloop
  endfacet
  facet normal 0.462063 -0.886847 0
    outer loop
      vertex 4.59851 34.911 59.8
      vertex 4.525 34.8727 52.8
      vertex 4.59851 34.911 52.8
    endloop
  endfacet
  facet normal 0.0434372 -0.999056 0
    outer loop
      vertex 4.9172 34.9964 52.8
      vertex 5 35 59.8
      vertex 4.9172 34.9964 59.8
    endloop
  endfacet
  facet normal 0.0434372 -0.999056 0
    outer loop
      vertex 5 35 59.8
      vertex 4.9172 34.9964 52.8
      vertex 5 35 52.8
    endloop
  endfacet
  facet normal -0.999046 0.0436781 0
    outer loop
      vertex 5.94638 33.9672 52.8
      vertex 5.95 34.05 59.8
      vertex 5.95 34.05 52.8
    endloop
  endfacet
  facet normal -0.999046 0.0436781 0
    outer loop
      vertex 5.95 34.05 59.8
      vertex 5.94638 33.9672 52.8
      vertex 5.94638 33.9672 59.8
    endloop
  endfacet
  facet normal -0.67567 0.737204 0
    outer loop
      vertex 5.67175 33.3783 52.8
      vertex 5.61065 33.3223 59.8
      vertex 5.67175 33.3783 59.8
    endloop
  endfacet
  facet normal -0.67567 0.737204 0
    outer loop
      vertex 5.61065 33.3223 59.8
      vertex 5.67175 33.3783 52.8
      vertex 5.61065 33.3223 52.8
    endloop
  endfacet
  facet normal -0.609128 0.793072 0
    outer loop
      vertex 5.61065 33.3223 52.8
      vertex 5.5449 33.2718 59.8
      vertex 5.61065 33.3223 59.8
    endloop
  endfacet
  facet normal -0.609128 0.793072 0
    outer loop
      vertex 5.5449 33.2718 59.8
      vertex 5.61065 33.3223 52.8
      vertex 5.5449 33.2718 52.8
    endloop
  endfacet
  facet normal -0.79314 0.60904 0
    outer loop
      vertex 5.72774 33.4394 52.8
      vertex 5.77819 33.5051 59.8
      vertex 5.77819 33.5051 52.8
    endloop
  endfacet
  facet normal -0.79314 0.60904 0
    outer loop
      vertex 5.77819 33.5051 59.8
      vertex 5.72774 33.4394 52.8
      vertex 5.72774 33.4394 59.8
    endloop
  endfacet
  facet normal 0.67567 0.737204 -0
    outer loop
      vertex 4.38935 33.3223 52.8
      vertex 4.32825 33.3783 59.8
      vertex 4.38935 33.3223 59.8
    endloop
  endfacet
  facet normal 0.67567 0.737204 0
    outer loop
      vertex 4.32825 33.3783 59.8
      vertex 4.38935 33.3223 52.8
      vertex 4.32825 33.3783 52.8
    endloop
  endfacet
  facet normal 0.609128 0.793072 -0
    outer loop
      vertex 4.4551 33.2718 52.8
      vertex 4.38935 33.3223 59.8
      vertex 4.4551 33.2718 59.8
    endloop
  endfacet
  facet normal 0.609128 0.793072 0
    outer loop
      vertex 4.38935 33.3223 59.8
      vertex 4.4551 33.2718 52.8
      vertex 4.38935 33.3223 52.8
    endloop
  endfacet
  facet normal 0.130314 0.991473 -0
    outer loop
      vertex 4.9172 33.1036 52.8
      vertex 4.83503 33.1144 59.8
      vertex 4.9172 33.1036 59.8
    endloop
  endfacet
  facet normal 0.130314 0.991473 0
    outer loop
      vertex 4.83503 33.1144 59.8
      vertex 4.9172 33.1036 52.8
      vertex 4.83503 33.1144 52.8
    endloop
  endfacet
  facet normal 0.923917 0.382593 0
    outer loop
      vertex 4.13901 33.6485 59.8
      vertex 4.10729 33.7251 52.8
      vertex 4.10729 33.7251 59.8
    endloop
  endfacet
  facet normal 0.923917 0.382593 0
    outer loop
      vertex 4.10729 33.7251 52.8
      vertex 4.13901 33.6485 59.8
      vertex 4.13901 33.6485 52.8
    endloop
  endfacet
  facet normal 0.793081 0.609116 0
    outer loop
      vertex 4.27226 33.4394 59.8
      vertex 4.2218 33.5051 52.8
      vertex 4.2218 33.5051 59.8
    endloop
  endfacet
  facet normal 0.793081 0.609116 0
    outer loop
      vertex 4.2218 33.5051 52.8
      vertex 4.27226 33.4394 59.8
      vertex 4.27226 33.4394 52.8
    endloop
  endfacet
  facet normal 0.953677 0.300831 0
    outer loop
      vertex 4.10729 33.7251 59.8
      vertex 4.08237 33.8041 52.8
      vertex 4.08237 33.8041 59.8
    endloop
  endfacet
  facet normal 0.953677 0.300831 0
    outer loop
      vertex 4.08237 33.8041 52.8
      vertex 4.10729 33.7251 59.8
      vertex 4.10729 33.7251 52.8
    endloop
  endfacet
  facet normal 0.999051 0.0435577 0
    outer loop
      vertex 4.05361 33.9672 59.8
      vertex 4.05 34.05 52.8
      vertex 4.05 34.05 59.8
    endloop
  endfacet
  facet normal 0.999051 0.0435577 0
    outer loop
      vertex 4.05 34.05 52.8
      vertex 4.05361 33.9672 59.8
      vertex 4.05361 33.9672 52.8
    endloop
  endfacet
  facet normal -0.382515 -0.923949 0
    outer loop
      vertex 5.32492 34.9427 52.8
      vertex 5.40149 34.911 59.8
      vertex 5.32492 34.9427 59.8
    endloop
  endfacet
  facet normal -0.382515 -0.923949 -0
    outer loop
      vertex 5.40149 34.911 59.8
      vertex 5.32492 34.9427 52.8
      vertex 5.40149 34.911 52.8
    endloop
  endfacet
  facet normal -0.130314 -0.991473 0
    outer loop
      vertex 5.0828 34.9964 52.8
      vertex 5.16497 34.9856 59.8
      vertex 5.0828 34.9964 59.8
    endloop
  endfacet
  facet normal -0.130314 -0.991473 -0
    outer loop
      vertex 5.16497 34.9856 59.8
      vertex 5.0828 34.9964 52.8
      vertex 5.16497 34.9856 52.8
    endloop
  endfacet
  facet normal -0.537032 -0.843562 0
    outer loop
      vertex 5.475 34.8727 52.8
      vertex 5.5449 34.8282 59.8
      vertex 5.475 34.8727 59.8
    endloop
  endfacet
  facet normal -0.537032 -0.843562 -0
    outer loop
      vertex 5.5449 34.8282 59.8
      vertex 5.475 34.8727 52.8
      vertex 5.5449 34.8282 52.8
    endloop
  endfacet
  facet normal 0.737814 -0.675004 0
    outer loop
      vertex 4.27226 34.6606 59.8
      vertex 4.32825 34.7218 52.8
      vertex 4.32825 34.7218 59.8
    endloop
  endfacet
  facet normal 0.737814 -0.675004 0
    outer loop
      vertex 4.32825 34.7218 52.8
      vertex 4.27226 34.6606 59.8
      vertex 4.27226 34.6606 52.8
    endloop
  endfacet
  facet normal 0.923917 -0.382593 0
    outer loop
      vertex 4.10729 34.3749 59.8
      vertex 4.13901 34.4515 52.8
      vertex 4.13901 34.4515 59.8
    endloop
  endfacet
  facet normal 0.923917 -0.382593 0
    outer loop
      vertex 4.13901 34.4515 52.8
      vertex 4.10729 34.3749 59.8
      vertex 4.10729 34.3749 52.8
    endloop
  endfacet
  facet normal 0.953677 -0.300831 0
    outer loop
      vertex 4.08237 34.2959 59.8
      vertex 4.10729 34.3749 52.8
      vertex 4.10729 34.3749 59.8
    endloop
  endfacet
  facet normal 0.953677 -0.300831 0
    outer loop
      vertex 4.10729 34.3749 52.8
      vertex 4.08237 34.2959 59.8
      vertex 4.08237 34.2959 52.8
    endloop
  endfacet
  facet normal 0.537032 -0.843562 0
    outer loop
      vertex 4.4551 34.8282 52.8
      vertex 4.525 34.8727 59.8
      vertex 4.4551 34.8282 59.8
    endloop
  endfacet
  facet normal 0.537032 -0.843562 0
    outer loop
      vertex 4.525 34.8727 59.8
      vertex 4.4551 34.8282 52.8
      vertex 4.525 34.8727 52.8
    endloop
  endfacet
  facet normal 0.382515 -0.923949 0
    outer loop
      vertex 4.59851 34.911 52.8
      vertex 4.67508 34.9427 59.8
      vertex 4.59851 34.911 59.8
    endloop
  endfacet
  facet normal 0.382515 -0.923949 0
    outer loop
      vertex 4.67508 34.9427 59.8
      vertex 4.59851 34.911 52.8
      vertex 4.67508 34.9427 52.8
    endloop
  endfacet
  facet normal 0.609128 -0.793072 0
    outer loop
      vertex 4.38935 34.7777 52.8
      vertex 4.4551 34.8282 59.8
      vertex 4.38935 34.7777 59.8
    endloop
  endfacet
  facet normal 0.609128 -0.793072 0
    outer loop
      vertex 4.4551 34.8282 59.8
      vertex 4.38935 34.7777 52.8
      vertex 4.4551 34.8282 52.8
    endloop
  endfacet
  facet normal 0.21716 -0.976136 0
    outer loop
      vertex 4.75412 34.9676 52.8
      vertex 4.83503 34.9856 59.8
      vertex 4.75412 34.9676 59.8
    endloop
  endfacet
  facet normal 0.21716 -0.976136 0
    outer loop
      vertex 4.83503 34.9856 59.8
      vertex 4.75412 34.9676 52.8
      vertex 4.83503 34.9856 52.8
    endloop
  endfacet
  facet normal -0.0434372 0.999056 0
    outer loop
      vertex 5.0828 33.1036 52.8
      vertex 5 33.1 59.8
      vertex 5.0828 33.1036 59.8
    endloop
  endfacet
  facet normal -0.0434372 0.999056 0
    outer loop
      vertex 5 33.1 59.8
      vertex 5.0828 33.1036 52.8
      vertex 5 33.1 52.8
    endloop
  endfacet
  facet normal -0.21716 0.976136 0
    outer loop
      vertex 5.24588 33.1324 52.8
      vertex 5.16497 33.1144 59.8
      vertex 5.24588 33.1324 59.8
    endloop
  endfacet
  facet normal -0.21716 0.976136 0
    outer loop
      vertex 5.16497 33.1144 59.8
      vertex 5.24588 33.1324 52.8
      vertex 5.16497 33.1144 52.8
    endloop
  endfacet
  facet normal -0.382515 0.923949 0
    outer loop
      vertex 5.40149 33.189 52.8
      vertex 5.32492 33.1573 59.8
      vertex 5.40149 33.189 59.8
    endloop
  endfacet
  facet normal -0.382515 0.923949 0
    outer loop
      vertex 5.32492 33.1573 59.8
      vertex 5.40149 33.189 52.8
      vertex 5.32492 33.1573 52.8
    endloop
  endfacet
  facet normal -0.462063 0.886847 0
    outer loop
      vertex 5.475 33.2273 52.8
      vertex 5.40149 33.189 59.8
      vertex 5.475 33.2273 59.8
    endloop
  endfacet
  facet normal -0.462063 0.886847 0
    outer loop
      vertex 5.40149 33.189 59.8
      vertex 5.475 33.2273 52.8
      vertex 5.40149 33.189 52.8
    endloop
  endfacet
  facet normal -0.537032 0.843562 0
    outer loop
      vertex 5.5449 33.2718 52.8
      vertex 5.475 33.2273 59.8
      vertex 5.5449 33.2718 59.8
    endloop
  endfacet
  facet normal -0.537032 0.843562 0
    outer loop
      vertex 5.475 33.2273 59.8
      vertex 5.5449 33.2718 52.8
      vertex 5.475 33.2273 52.8
    endloop
  endfacet
  facet normal -0.953677 0.300831 0
    outer loop
      vertex 5.89271 33.7251 52.8
      vertex 5.91763 33.8041 59.8
      vertex 5.91763 33.8041 52.8
    endloop
  endfacet
  facet normal -0.953677 0.300831 0
    outer loop
      vertex 5.91763 33.8041 59.8
      vertex 5.89271 33.7251 52.8
      vertex 5.89271 33.7251 59.8
    endloop
  endfacet
  facet normal -0.991463 0.130386 0
    outer loop
      vertex 5.93557 33.885 52.8
      vertex 5.94638 33.9672 59.8
      vertex 5.94638 33.9672 52.8
    endloop
  endfacet
  facet normal -0.991463 0.130386 0
    outer loop
      vertex 5.94638 33.9672 59.8
      vertex 5.93557 33.885 52.8
      vertex 5.93557 33.885 59.8
    endloop
  endfacet
  facet normal 0.537032 0.843562 -0
    outer loop
      vertex 4.525 33.2273 52.8
      vertex 4.4551 33.2718 59.8
      vertex 4.525 33.2273 59.8
    endloop
  endfacet
  facet normal 0.537032 0.843562 0
    outer loop
      vertex 4.4551 33.2718 59.8
      vertex 4.525 33.2273 52.8
      vertex 4.4551 33.2718 52.8
    endloop
  endfacet
  facet normal 0.382515 0.923949 -0
    outer loop
      vertex 4.67508 33.1573 52.8
      vertex 4.59851 33.189 59.8
      vertex 4.67508 33.1573 59.8
    endloop
  endfacet
  facet normal 0.382515 0.923949 0
    outer loop
      vertex 4.59851 33.189 59.8
      vertex 4.67508 33.1573 52.8
      vertex 4.59851 33.189 52.8
    endloop
  endfacet
  facet normal 0.462063 0.886847 -0
    outer loop
      vertex 4.59851 33.189 52.8
      vertex 4.525 33.2273 59.8
      vertex 4.59851 33.189 59.8
    endloop
  endfacet
  facet normal 0.462063 0.886847 0
    outer loop
      vertex 4.525 33.2273 59.8
      vertex 4.59851 33.189 52.8
      vertex 4.525 33.2273 52.8
    endloop
  endfacet
  facet normal 0.21716 0.976136 -0
    outer loop
      vertex 4.83503 33.1144 52.8
      vertex 4.75412 33.1324 59.8
      vertex 4.83503 33.1144 59.8
    endloop
  endfacet
  facet normal 0.21716 0.976136 0
    outer loop
      vertex 4.75412 33.1324 59.8
      vertex 4.83503 33.1144 52.8
      vertex 4.75412 33.1324 52.8
    endloop
  endfacet
  facet normal 0.0434372 0.999056 -0
    outer loop
      vertex 5 33.1 52.8
      vertex 4.9172 33.1036 59.8
      vertex 5 33.1 59.8
    endloop
  endfacet
  facet normal 0.0434372 0.999056 0
    outer loop
      vertex 4.9172 33.1036 59.8
      vertex 5 33.1 52.8
      vertex 4.9172 33.1036 52.8
    endloop
  endfacet
  facet normal 0.88697 0.461828 0
    outer loop
      vertex 4.17728 33.575 59.8
      vertex 4.13901 33.6485 52.8
      vertex 4.13901 33.6485 59.8
    endloop
  endfacet
  facet normal 0.88697 0.461828 0
    outer loop
      vertex 4.13901 33.6485 52.8
      vertex 4.17728 33.575 59.8
      vertex 4.17728 33.575 52.8
    endloop
  endfacet
  facet normal 0.991448 0.130504 0
    outer loop
      vertex 4.06443 33.885 59.8
      vertex 4.05361 33.9672 52.8
      vertex 4.05361 33.9672 59.8
    endloop
  endfacet
  facet normal 0.991448 0.130504 0
    outer loop
      vertex 4.05361 33.9672 52.8
      vertex 4.06443 33.885 59.8
      vertex 4.06443 33.885 52.8
    endloop
  endfacet
  facet normal 0.88697 -0.461828 0
    outer loop
      vertex 4.13901 34.4515 59.8
      vertex 4.17728 34.525 52.8
      vertex 4.17728 34.525 59.8
    endloop
  endfacet
  facet normal 0.88697 -0.461828 0
    outer loop
      vertex 4.17728 34.525 52.8
      vertex 4.13901 34.4515 59.8
      vertex 4.13901 34.4515 52.8
    endloop
  endfacet
  facet normal -0.130314 0.991473 0
    outer loop
      vertex 5.16497 33.1144 52.8
      vertex 5.0828 33.1036 59.8
      vertex 5.16497 33.1144 59.8
    endloop
  endfacet
  facet normal -0.130314 0.991473 0
    outer loop
      vertex 5.0828 33.1036 59.8
      vertex 5.16497 33.1144 52.8
      vertex 5.0828 33.1036 52.8
    endloop
  endfacet
  facet normal -0.88697 0.461828 0
    outer loop
      vertex 5.82272 33.575 52.8
      vertex 5.86099 33.6485 59.8
      vertex 5.86099 33.6485 52.8
    endloop
  endfacet
  facet normal -0.88697 0.461828 0
    outer loop
      vertex 5.86099 33.6485 59.8
      vertex 5.82272 33.575 52.8
      vertex 5.82272 33.575 59.8
    endloop
  endfacet
  facet normal -0.843398 0.537289 0
    outer loop
      vertex 5.77819 33.5051 52.8
      vertex 5.82272 33.575 59.8
      vertex 5.82272 33.575 52.8
    endloop
  endfacet
  facet normal -0.843398 0.537289 0
    outer loop
      vertex 5.82272 33.575 59.8
      vertex 5.77819 33.5051 52.8
      vertex 5.77819 33.5051 59.8
    endloop
  endfacet
  facet normal 0.843453 0.537203 0
    outer loop
      vertex 4.2218 33.5051 59.8
      vertex 4.17728 33.575 52.8
      vertex 4.17728 33.575 59.8
    endloop
  endfacet
  facet normal 0.843453 0.537203 0
    outer loop
      vertex 4.17728 33.575 52.8
      vertex 4.2218 33.5051 59.8
      vertex 4.2218 33.5051 52.8
    endloop
  endfacet
  facet normal 1 0 0
    outer loop
      vertex -11.45 -7.05 59.8
      vertex -11.45 -10.3 59.8
      vertex -11.45 -7.05 57.8
    endloop
  endfacet
  facet normal 1 0 0
    outer loop
      vertex -11.45 27.05 57.8
      vertex -11.45 30.3 59.8
      vertex -11.45 27.05 59.8
    endloop
  endfacet
  facet normal 1 0 0
    outer loop
      vertex -11.45 30.3 59.8
      vertex -11.45 27.05 57.8
      vertex -11.45 30.3 52.8
    endloop
  endfacet
  facet normal 1 -0 0
    outer loop
      vertex -11.45 -7.05 57.8
      vertex -11.45 30.3 52.8
      vertex -11.45 27.05 57.8
    endloop
  endfacet
  facet normal 1 0 0
    outer loop
      vertex -11.45 -7.05 57.8
      vertex -11.45 -10.3 52.8
      vertex -11.45 30.3 52.8
    endloop
  endfacet
  facet normal 1 0 0
    outer loop
      vertex -11.45 -10.3 52.8
      vertex -11.45 -7.05 57.8
      vertex -11.45 -10.3 59.8
    endloop
  endfacet
  facet normal -1 0 0
    outer loop
      vertex 11.45 30.3 52.8
      vertex 11.45 27.05 57.8
      vertex 11.45 30.3 59.8
    endloop
  endfacet
  facet normal -1 0 0
    outer loop
      vertex 11.45 30.3 52.8
      vertex 11.45 -7.05 57.8
      vertex 11.45 27.05 57.8
    endloop
  endfacet
  facet normal -1 0 0
    outer loop
      vertex 11.45 -10.3 52.8
      vertex 11.45 -7.05 57.8
      vertex 11.45 30.3 52.8
    endloop
  endfacet
  facet normal -1 0 0
    outer loop
      vertex 11.45 -10.3 59.8
      vertex 11.45 -7.05 57.8
      vertex 11.45 -10.3 52.8
    endloop
  endfacet
  facet normal -1 0 0
    outer loop
      vertex 11.45 -7.05 57.8
      vertex 11.45 -10.3 59.8
      vertex 11.45 -7.05 59.8
    endloop
  endfacet
  facet normal -1 -0 0
    outer loop
      vertex 11.45 30.3 59.8
      vertex 11.45 27.05 57.8
      vertex 11.45 27.05 59.8
    endloop
  endfacet
  facet normal 0 -1 0
    outer loop
      vertex -11.45 30.3 59.8
      vertex -0.9 30.3 56.5
      vertex -0.9 30.3 59.8
    endloop
  endfacet
  facet normal 0 -1 -0
    outer loop
      vertex -0.9 30.3 56.5
      vertex -11.45 30.3 52.8
      vertex 0.9 30.3 56.5
    endloop
  endfacet
  facet normal 0 -1 0
    outer loop
      vertex -11.45 30.3 52.8
      vertex -0.9 30.3 56.5
      vertex -11.45 30.3 59.8
    endloop
  endfacet
  facet normal 0 -1 0
    outer loop
      vertex 0.9 30.3 56.5
      vertex 11.45 30.3 59.8
      vertex 0.9 30.3 59.8
    endloop
  endfacet
  facet normal 0 -1 0
    outer loop
      vertex 0.9 30.3 56.5
      vertex 11.45 30.3 52.8
      vertex 11.45 30.3 59.8
    endloop
  endfacet
  facet normal 0 -1 0
    outer loop
      vertex 11.45 30.3 52.8
      vertex 0.9 30.3 56.5
      vertex -11.45 30.3 52.8
    endloop
  endfacet
  facet normal 0 1 0
    outer loop
      vertex 11.45 -10.3 59.8
      vertex 0.9 -10.3 56.5
      vertex 0.9 -10.3 59.8
    endloop
  endfacet
  facet normal 0 1 0
    outer loop
      vertex 0.9 -10.3 56.5
      vertex 11.45 -10.3 52.8
      vertex -0.9 -10.3 56.5
    endloop
  endfacet
  facet normal 0 1 -0
    outer loop
      vertex 11.45 -10.3 52.8
      vertex 0.9 -10.3 56.5
      vertex 11.45 -10.3 59.8
    endloop
  endfacet
  facet normal 0 1 -0
    outer loop
      vertex -0.9 -10.3 56.5
      vertex -11.45 -10.3 59.8
      vertex -0.9 -10.3 59.8
    endloop
  endfacet
  facet normal 0 1 0
    outer loop
      vertex -0.9 -10.3 56.5
      vertex -11.45 -10.3 52.8
      vertex -11.45 -10.3 59.8
    endloop
  endfacet
  facet normal 0 1 0
    outer loop
      vertex -11.45 -10.3 52.8
      vertex -0.9 -10.3 56.5
      vertex 11.45 -10.3 52.8
    endloop
  endfacet
endsolid OpenSCAD_Model
